Principal|Nivel|Artículo|Descripción|Tipo|Estado|Planeador|Sec Artículo|Sec Op|UDM|Cantidad Unitaria|Cantidad Extendida|Tipo Suministro|Subinventario|Localizador|Tipo Costo|Costo Materiales|Costo Recurso|Gsto Grl|Costo Unitario|Costo Extendido|Accesorio S/N|Fecha inactivo|Alterno|Component_Yiel|Categoria Producto
22000008990|0|22000008990|SUPERFICIE PRINCIPAL INTERMEDIA UNICOR CON FORMICA 150X60X3CM LINK LKSU010010|AI|Active|||und|1|1|||...|CSTLPRECIO|0|0|0|0|0|||||
22000008990|1|22000158|TORNILLO CABEZA EXTRAPLANA 8 X 1 REF: 32Z NEGRO|MP|Active||60|10|und|2|2|Proceso Tirar Operación|MP_WIP|EN.1.1.1|CSTLPRECIO|0|0|0|0|0||||1|
22000008990|1|25005228|PARTE-COMPLEMENTO LAMINA UNION SUPERFICIES MULTIPLE MAC390010|AI|Active||70|10|und|1|1|Proceso Tirar Operación|DOBLADORAS|DOB.1.1.1|CSTLPRECIO|0|0|0|0|0||||1|
22000008990|2|22008319|LAMINA PLANA HR 4X8  ESPESOR 2.5MM|MP|Active||20|10|kg|.0283908|.0283908|Proceso Tirar Operación|CORTYPUNZ|CYP.1.1.1|CSTLPRECIO|0|0|0|0|0||||1|
22000008990|1|25029858|CANTEADO-LINK SUPERFICIE PRINCIPAL INTERMEDIA FORMICA 150X60X3CM LKSU010010|AI|Active||180|10|und|1|1|Proceso Tirar Operación|CANTEADO|CNT.1.1.1|CSTLPRECIO|0|0|0|0|0||||1|
22000008990|2|25031177|PRENSADO-LINK SUPERFICIE PRINCIPAL INTERMEDIA FORMICA 150X60X3CM LKSU010010|AI|Active||10|10|und|1|1|Proceso Tirar Operación|PRENSADO|PRE.1.1.1|CSTLPRECIO|0|0|0|0|0||||1|
22000008990|3|22015818|UNICOR POLAR SIN BALANCE DE 1830X2440MM ESPESOR 30MM|MP|Active||10|10|und|.20692623|.20692623|Proceso Tirar Operación|CARPINT|AGL.1.1.1|CSTLPRECIO|0|0|0|0|0||||1|
22000008990|3|22008689|GENERICO FORMICA 1220MM X 2440MM F8|MP|Active||20|10|und|.5|.5|Proceso Tirar Operación|CARPINT|FOR.1.1.1|CSTLPRECIO|0|0|0|0|0||||1|
22000008990|2|22008524|GENERICO CANTO DE 35MM ESPESOR 2MM|MP|Active||20|10|m|4.56|4.56|Proceso Tirar Operación|CARPINT|CTA.1.1.1|CSTLPRECIO|0|0|0|0|0||||1|
22000008990|1|22024088|PINTURA POLIESTER LTGIC GRANULADO BTC GRIS NOPAL (20001378) 33652 CAJA 25 KG - RAL 9004|MP|Active||190|10|kg|.0003|.0003|Proceso Tirar Operación|MP_WIP|PI.1.1.1|CSTLPRECIO|0|0|0|0|0||||1|
22000008990|1|22001410|EMPAQUE COLUMNA X 8 UNIDADES|ME|Active||501|10|und|.05|.05|Proceso Tirar Operación|MP_WIP|EN.1.1.1|CSTLPRECIO|0|0|0|0|0||||1|
22000008996|0|22000008996|LINK SUPERFICIE PRINCIPAL TERMINAL UNICOR CON FORMICA 150X60X3CM LKSU010030|AI|Active|||und|1|1|||...|CSTLPRECIO|0|0|0|0|0|||||
22000008996|1|22000158|TORNILLO CABEZA EXTRAPLANA 8 X 1 REF: 32Z NEGRO|MP|Active||60|10|und|2|2|Proceso Tirar Operación|MP_WIP|EN.1.1.1|CSTLPRECIO|0|0|0|0|0||||1|
22000008996|1|25005228|PARTE-COMPLEMENTO LAMINA UNION SUPERFICIES MULTIPLE MAC390010|AI|Active||70|10|und|1|1|Proceso Tirar Operación|DOBLADORAS|DOB.1.1.1|CSTLPRECIO|0|0|0|0|0||||1|
22000008996|2|22008319|LAMINA PLANA HR 4X8  ESPESOR 2.5MM|MP|Active||20|10|kg|.0283908|.0283908|Proceso Tirar Operación|CORTYPUNZ|CYP.1.1.1|CSTLPRECIO|0|0|0|0|0||||1|
22000008996|1|25029864|CANTEADO-LINK SUPERFICIE PRINCIPAL TERMINAL FORMICA 150X60X3CM LKSU010030|AI|Active||180|10|und|1|1|Proceso Tirar Operación|CANTEADO|CNT.1.1.1|CSTLPRECIO|0|0|0|0|0||||1|
22000008996|2|25031183|PRENSADO-LINK SUPERFICIE PRINCIPAL TERMINAL FORMICA 150X60X3CM LKSU010030|AI|Active||10|10|und|1|1|Proceso Tirar Operación|PRENSADO|PRE.1.1.1|CSTLPRECIO|0|0|0|0|0||||1|
22000008996|3|22015818|UNICOR POLAR SIN BALANCE DE 1830X2440MM ESPESOR 30MM|MP|Active||10|10|und|.20692623|.20692623|Proceso Tirar Operación|CARPINT|AGL.1.1.1|CSTLPRECIO|0|0|0|0|0||||1|
22000008996|3|22008689|GENERICO FORMICA 1220MM X 2440MM F8|MP|Active||20|10|und|.5|.5|Proceso Tirar Operación|CARPINT|FOR.1.1.1|CSTLPRECIO|0|0|0|0|0||||1|
22000008996|2|22008524|GENERICO CANTO DE 35MM ESPESOR 2MM|MP|Active||20|10|m|4.61|4.61|Proceso Tirar Operación|CARPINT|CTA.1.1.1|CSTLPRECIO|0|0|0|0|0||||1|
22000008996|1|22024088|PINTURA POLIESTER LTGIC GRANULADO BTC GRIS NOPAL (20001378) 33652 CAJA 25 KG - RAL 9004|MP|Active||190|10|kg|.0003|.0003|Proceso Tirar Operación|MP_WIP|PI.1.1.1|CSTLPRECIO|0|0|0|0|0||||1|
22000008996|1|22001410|EMPAQUE COLUMNA X 8 UNIDADES|ME|Active||200|10|und|.05|.05|Proceso Tirar Operación|MP_WIP|EN.1.1.1|CSTLPRECIO|0|0|0|0|0||||1|
22000009774|0|22000009774|PANEL VIDRIO LATERAL PUERTA H MENOR IGUAL 318CM VETRO VTPN010000||Active|||und|1|1|||...|CSTLPRECIO|0|0|0|0|0|||||
22000009774|1|22005398|VIDRIO TRANSPARENTE TEMPLADO DE 10MM SOLO VETRO|MP|Active||10|10|m2|.9760692|.9760692|Proceso Tirar Operación|CARPINT|VID.1.1.1|CSTLPRECIO|0|0|0|0|0||||1|
22000009774|1|22011781|KIT VETRO SIST. NIVELA. Y BLOQUEO PARED DE VIDRIO 10MM BLOCKING SYSTEM 10MM PART# I3303A0102|MP|Active||20|10|und|2|2|Proceso Tirar Operación|MP_WIP|EN.1.1.1|CSTLPRECIO|0|0|0|0|0||||1|
22000009774|1|22011785|VETRO PLATINA NIVELADOR - PLATE FOR BLOKING SYSTEM PART# SI3304P0101 MPR080212|MP|Active||40|10|und|2|2|Proceso Tirar Operación|MP_WIP|EN.1.1.1|CSTLPRECIO|0|0|0|0|0||||1|
22000009774|1|22005612|TORNILLO ALLEN M8 X 40|MP|Active||65|10|und|2|2|Proceso Tirar Operación|MP_WIP|EN.1.1.1|CSTLPRECIO|0|0|0|0|0||||1|
22000009774|1|22005610|TORNILLO CABEZA HEXAGONAL M8 X 30|MP|Active||75|10|und|2|2|Proceso Tirar Operación|MP_WIP|EN.1.1.1|CSTLPRECIO|0|0|0|0|0||||1|
22000009774|1|22005613|TUERCA M8 ZINCADA|MP|Active||85|10|und|4|4|Proceso Tirar Operación|MP_WIP|EN.1.1.1|CSTLPRECIO|0|0|0|0|0||||1|
22000009774|1|22001402|EMPAQUE REPISA METALICA 2 UNIDADES|ME|Active||120|10|und|.1|.1|Proceso Tirar Operación|MP_WIP|EN.1.1.1|CSTLPRECIO|0|0|0|0|0||||1|
22000009782|0|22000009782|PANEL VIDRIO ANCHO 75CM H MENOR IGUAL 318CM VETRO VTPN020000||Active|||und|1|1|||...|CSTLPRECIO|0|0|0|0|0|||||
22000009782|1|22005398|VIDRIO TRANSPARENTE TEMPLADO DE 10MM SOLO VETRO|MP|Active||10|10|m2|2.4499992|2.4499992|Proceso Tirar Operación|CARPINT|VID.1.1.1|CSTLPRECIO|0|0|0|0|0||||1|
22000009782|1|22011781|KIT VETRO SIST. NIVELA. Y BLOQUEO PARED DE VIDRIO 10MM BLOCKING SYSTEM 10MM PART# I3303A0102|MP|Active||20|10|und|2|2|Proceso Tirar Operación|MP_WIP|EN.1.1.1|CSTLPRECIO|0|0|0|0|0||||1|
22000009782|1|22011785|VETRO PLATINA NIVELADOR - PLATE FOR BLOKING SYSTEM PART# SI3304P0101 MPR080212|MP|Active||40|10|und|2|2|Proceso Tirar Operación|MP_WIP|EN.1.1.1|CSTLPRECIO|0|0|0|0|0||||1|
22000009782|1|22005612|TORNILLO ALLEN M8 X 40|MP|Active||65|10|und|2|2|Proceso Tirar Operación|MP_WIP|EN.1.1.1|CSTLPRECIO|0|0|0|0|0||||1|
22000009782|1|22005610|TORNILLO CABEZA HEXAGONAL M8 X 30|MP|Active||75|10|und|2|2|Proceso Tirar Operación|MP_WIP|EN.1.1.1|CSTLPRECIO|0|0|0|0|0||||1|
22000009782|1|22005613|TUERCA M8 ZINCADA|MP|Active||85|10|und|4|4|Proceso Tirar Operación|MP_WIP|EN.1.1.1|CSTLPRECIO|0|0|0|0|0||||1|
22000009782|1|22001402|EMPAQUE REPISA METALICA 2 UNIDADES|ME|Active||120|10|und|.1|.1|Proceso Tirar Operación|MP_WIP|EN.1.1.1|CSTLPRECIO|0|0|0|0|0||||1|
22000009786|0|22000009786|PANEL VIDRIO ANCHO 90CM H MENOR IGUAL 318CM VETRO VTPN020000||Active|||und|1|1|||...|CSTLPRECIO|0|0|0|0|0|||||
22000009786|1|22005398|VIDRIO TRANSPARENTE TEMPLADO DE 10MM SOLO VETRO|MP|Active||10|10|m2|2.9413092|2.9413092|Proceso Tirar Operación|CARPINT|VID.1.1.1|CSTLPRECIO|0|0|0|0|0||||1|
22000009786|1|22011781|KIT VETRO SIST. NIVELA. Y BLOQUEO PARED DE VIDRIO 10MM BLOCKING SYSTEM 10MM PART# I3303A0102|MP|Active||20|10|und|2|2|Proceso Tirar Operación|MP_WIP|EN.1.1.1|CSTLPRECIO|0|0|0|0|0||||1|
22000009786|1|22011785|VETRO PLATINA NIVELADOR - PLATE FOR BLOKING SYSTEM PART# SI3304P0101 MPR080212|MP|Active||40|10|und|2|2|Proceso Tirar Operación|MP_WIP|EN.1.1.1|CSTLPRECIO|0|0|0|0|0||||1|
22000009786|1|22005612|TORNILLO ALLEN M8 X 40|MP|Active||65|10|und|2|2|Proceso Tirar Operación|MP_WIP|EN.1.1.1|CSTLPRECIO|0|0|0|0|0||||1|
22000009786|1|22005610|TORNILLO CABEZA HEXAGONAL M8 X 30|MP|Active||75|10|und|2|2|Proceso Tirar Operación|MP_WIP|EN.1.1.1|CSTLPRECIO|0|0|0|0|0||||1|
22000009786|1|22005613|TUERCA M8 ZINCADA|MP|Active||85|10|und|4|4|Proceso Tirar Operación|MP_WIP|EN.1.1.1|CSTLPRECIO|0|0|0|0|0||||1|
22000009786|1|22001402|EMPAQUE REPISA METALICA 2 UNIDADES|ME|Active||120|10|und|.1|.1|Proceso Tirar Operación|MP_WIP|EN.1.1.1|CSTLPRECIO|0|0|0|0|0||||1|
22000009791|0|22000009791|KIT UNION A 180 GRADOS VIDRIO DE 10MM VETRO VTAC030000||Active|||und|1|1|||...|CSTLPRECIO|0|0|0|0|0|||||
22000009791|1|22011792|VETRO PERFIL POLICARBONATO UNIONES A 180 - TWO WAY 180 CONECTOR (GLASS TH. 10MM) PART# H2.818 3000MM|MP|Active||10|10|und|1|1|Proceso Tirar Operación|MP_WIP|EN.1.1.1|CSTLPRECIO|0|0|0|0|0||||1|
22000009792|0|22000009792|KIT UNION A 90 GRADOS VIDRIO DE 10MM VETRO  VTAC040000||Active|||und|1|1|||...|CSTLPRECIO|0|0|0|0|0|||||
22000009792|1|22011793|VETRO PERFIL POLICARBONATO GIROSA  90 TWO-WAY 90 CONECTOR (GLASSTH. 10MM) PART# H2.819|MP|Active||10|10|und|1|1|Proceso Tirar Operación|MP_WIP|EN.1.1.1|CSTLPRECIO|0|0|0|0|0||||1|
22000009792|1|22011783|VETRO PUNT. PLAST. GIRO 90 ZOCALO INFERIOR - END CAP FOR BASE TRIM PART# SI3303P0301 MPR080214|MP|Active||20|10|und|1|1|Proceso Tirar Operación|MP_WIP|EN.1.1.1|CSTLPRECIO|0|0|0|0|0||||1|
22000009792|1|22011784|VETRO PUNT. PLAST. GIRO 90 PERFIL TECHO- END CAP FOR ALUM. CELING TRACK PART# SI3303P0302 MPR080215|MP|Active||30|10|und|1|1|Proceso Tirar Operación|MP_WIP|EN.1.1.1|CSTLPRECIO|0|0|0|0|0||||1|
22000009792|1|25018533|PARTE-VETRO PLATINA UNION 90° VTAC040010|AI|Active||40|10|und|1|1|Proceso Tirar Operación|SOLDADURA|SOL.1.1.1|CSTLPRECIO|0|0|0|0|0||||1|
22000009792|2|22012309|LAMINA PLANA GALVANIZADA 4X8 ESPESOR 1.50MM|MP|Active||10|10|kg|.10016274|.10016274|Proceso Tirar Operación|CORTYPUNZ|CYP.1.1.1|CSTLPRECIO|0|0|0|0|0||||1|
22000009792|1|25018534|PARTE-VETRO PLATINA GUIA 90° VTAC040020|AI|Active||50|10|und|1|1|Proceso Tirar Operación|DOBLADORAS|DOB.1.1.1|CSTLPRECIO|0|0|0|0|0||||1|
22000009792|2|22012309|LAMINA PLANA GALVANIZADA 4X8 ESPESOR 1.50MM|MP|Active||10|10|kg|.00354|.00354|Proceso Tirar Operación|CORTYPUNZ|CYP.1.1.1|CSTLPRECIO|0|0|0|0|0||||1|
22000009792|1|22000159|TORNILLO AUTOPERFORANTE CABEZA EXTRAPLANA 8 X 1/2 REF:234 ZINCADO NEGRO|MP|Active||60|10|und|4|4|Proceso Tirar Operación|MP_WIP|EN.1.1.1|CSTLPRECIO|0|0|0|0|0||||1|
22000009792|1|22000165|TORNILLO CABEZA AVELLANADA 8 X 1/2 ZINCADO|MP|Active||70|10|und|2|2|Proceso Tirar Operación|MP_WIP|EN.1.1.1|CSTLPRECIO|0|0|0|0|0||||1|
22000009983|0|22000009983|DUCTO BAJANTE TECHO LINK LKAC130000||Active|||und|1|1|||...|CSTLPRECIO|0|0|0|0|0|||||
22000009983|1|25010147|ARMADA-COLUMNA DUCTO BAJANTE TECHO LINK LKAC131000|AI|Active||10|10|und|1|1|Proceso Tirar Operación|SOLDADURA|SOL.1.1.1|CSTLPRECIO|0|0|0|0|0||||1|
22000009983|2|25010142|PARTE-CUERPO COLUMNA DUCTO BAJANTE TECHO LINK LKAC131010|AI|Active||10|10|und|1|1|Proceso Tirar Operación|DOBLADORAS|DOB.1.1.1|CSTLPRECIO|0|0|0|0|0||||1|
22000009983|3|22006037|LAMINA PLANA 4X8 ESPESOR 0.9MM|MP|Active||10|10|kg|6.07108867|6.07108867|Proceso Tirar Operación|CORTYPUNZ|CYP.1.1.1|CSTLPRECIO|0|0|0|0|0||||1|
22000009983|2|25010143|PARTE-DIVISOR CUERPO DUCTO BAJANTE TECHO LINK LKAC131020|AI|Active||20|10|und|2|2|Proceso Tirar Operación|DOBLADORAS|DOB.1.1.1|CSTLPRECIO|0|0|0|0|0||||1|
22000009983|3|22006037|LAMINA PLANA 4X8 ESPESOR 0.9MM|MP|Active||10|10|kg|1.77759057|1.77759057|Proceso Tirar Operación|CORTYPUNZ|CYP.1.1.1|CSTLPRECIO|0|0|0|0|0||||1|
22000009983|2|25010144|PARTE-SOPORTE COLUMNA DUCTO BAJANTE TECHO LINK LKAC131030|AI|Active||30|10|und|1|1|Proceso Tirar Operación|DOBLADORAS|DOB.1.1.1|CSTLPRECIO|0|0|0|0|0||||1|
22000009983|3|22006037|LAMINA PLANA 4X8 ESPESOR 0.9MM|MP|Active||10|10|kg|.074232877|.074232877|Proceso Tirar Operación|CORTYPUNZ|CYP.1.1.1|CSTLPRECIO|0|0|0|0|0||||1|
22000009983|1|25010146|ARMADA-ACOPLE DUCTO BAJANTE TECHO LINK LKAC132000|AI|Active||20|10|und|1|1|Proceso Tirar Operación|SOLDADURA|SOL.1.1.1|CSTLPRECIO|0|0|0|0|0||||1|
22000009983|2|25010145|PARTE-CUERPO ACOPLE DUCTO BAJANTE TECHO LINK LKAC132010|AI|Active||10|10|und|1|1|Proceso Tirar Operación|DOBLADORAS|DOB.1.1.1|CSTLPRECIO|0|0|0|0|0||||1|
22000009983|3|22006027|LAMINA PLANA 4X8 ESPESOR 1.20MM|MP|Active||10|10|kg|1.91921808|1.91921808|Proceso Tirar Operación|CORTYPUNZ|CYP.1.1.1|CSTLPRECIO|0|0|0|0|0||||1|
22000009983|2|25009479|PARTE-SOPORTE CUERPO VIGA LINK DUCTO DE CABLEADO DE INTEGRACION 10X50X10 LKSO091020|AI|Active||20|10|und|1|1|Proceso Tirar Operación|DOBLADORAS|DOB.1.1.1|CSTLPRECIO|0|0|0|0|0||||1|
22000009983|3|22006027|LAMINA PLANA 4X8 ESPESOR 1.20MM|MP|Active||10|10|kg|.37021603|.37021603|Proceso Tirar Operación|CORTYPUNZ|CYP.1.1.1|CSTLPRECIO|0|0|0|0|0||||1|
22000009983|1|25028197|PARTE-DIVISOR DUCTO BAJANTE TECHO LKAC130020|AI|Active||21|10|und|1|1|Proceso Tirar Operación|SOLDADURA|SOL.1.1.1|CSTLPRECIO|0|0|0|0|0||||1|
22000009983|2|22006027|LAMINA PLANA 4X8 ESPESOR 1.20MM|MP|Active||10|10|kg|.14025055|.14025055|Proceso Tirar Operación|CORTYPUNZ|CYP.1.1.1|CSTLPRECIO|0|0|0|0|0||||1|
22000009983|1|25010144|PARTE-SOPORTE COLUMNA DUCTO BAJANTE TECHO LINK LKAC131030|AI|Active||22|10|und|1|1|Proceso Tirar Operación|DOBLADORAS|DOB.1.1.1|CSTLPRECIO|0|0|0|0|0||||1|
22000009983|2|22006037|LAMINA PLANA 4X8 ESPESOR 0.9MM|MP|Active||10|10|kg|.074232877|.074232877|Proceso Tirar Operación|CORTYPUNZ|CYP.1.1.1|CSTLPRECIO|0|0|0|0|0||||1|
22000009983|1|22002524|PERFIL NAL TAPA VIGA COMPENDIO COLOR NEGRO TIRA 3000MM MPR060047|MP|Active||30|10|und|1.67|1.67|Proceso Tirar Operación|MP_WIP|EN.1.1.1|CSTLPRECIO|0|0|0|0|0||||1|
22000009983|1|22007761|TORNILLO CABEZA EXTRAPLANA 8 X  9/16 ZINCADO|MP|Active||40|10|und|1|1|Proceso Tirar Operación|MP_WIP|EN.1.1.1|CSTLPRECIO|0|0|0|0|0||||1|
22000009983|1|22000168|TORNILLO ANCLAJE NYLON 3/16 X 1.1/4 REF: NR-3114|MP|Active||50|10|und|2|2|Proceso Tirar Operación|MP_WIP|EN.1.1.1|CSTLPRECIO|0|0|0|0|0||||1|
22000009983|1|22000185|REMACHE POP 4-3|MP|Active||60|10|und|2|2|Proceso Tirar Operación|MP_WIP|EN.1.1.1|CSTLPRECIO|0|0|0|0|0||||1|
22000009983|1|22001520|ESCUADRA 25X25 HVA125-25|MP|Active||70|10|und|2|2|Proceso Tirar Operación|MP_WIP|EN.1.1.1|CSTLPRECIO|0|0|0|0|0||||1|
22000009983|1|22008555|GENERICO PINTURA EN POLVO MUEBLES|MP|Active||80|10|kg|.5|.5|Proceso Tirar Operación|MP_WIP|PI.1.1.1|CSTLPRECIO|0|0|0|0|0||||1|
22000009983|1|22005645|TORNILLO ESTUFA CABEZA REDONDA PHILLIPS 3/4 X 1/4 ZINCADO|MP|Active||110|10|und|2|2|Proceso Tirar Operación|MP_WIP|EN.1.1.1|CSTLPRECIO|0|0|0|0|0||||1|
22000009983|1|22012502|ARANDELA S/M DIAM. 5/16 ZINC NEGRO|MP|Active||120|10|und|2|2|Proceso Tirar Operación|MP_WIP|EN.1.1.1|CSTLPRECIO|0|0|0|0|0||||1|
22000009983|1|22014226|STICKER TROQUELADO VERDE POLO A TIERRA ETIQUETA DE SEGURIDAD|ME|Active||130|10|und|2|2|Proceso Tirar Operación|MP_WIP|EN.1.1.1|CSTLPRECIO|0|0|0|0|0||||1|
22000009983|1|22001412|EMPAQUE SUPERFICIE 30 X 2 UNIDADES|ME|Active||140|10|und|2|2|Proceso Tirar Operación|MP_WIP|EN.1.1.1|CSTLPRECIO|0|0|0|0|0||||1|
22000010521|0|22000010521|SUPERFICIE INTEGRACION DUCTO RECTA ESQUINAS RECTAS UNICOR CON FORMICA 3X123X29.5CM LINK LKSU020070||Active|||und|1|1|||...|CSTLPRECIO|0|0|0|0|0|||||
22000010521|1|22000158|TORNILLO CABEZA EXTRAPLANA 8 X 1 REF: 32Z NEGRO|MP|Active||60|10|und|2|2|Proceso Tirar Operación|MP_WIP|EN.1.1.1|CSTLPRECIO|0|0|0|0|0||||1|
22000010521|1|25005228|PARTE-COMPLEMENTO LAMINA UNION SUPERFICIES MULTIPLE MAC390010|AI|Active||70|10|und|1|1|Proceso Tirar Operación|DOBLADORAS|DOB.1.1.1|CSTLPRECIO|0|0|0|0|0||||1|
22000010521|2|22008319|LAMINA PLANA HR 4X8  ESPESOR 2.5MM|MP|Active||20|10|kg|.0283908|.0283908|Proceso Tirar Operación|CORTYPUNZ|CYP.1.1.1|CSTLPRECIO|0|0|0|0|0||||1|
22000010521|1|25029933|CANTEADO-SUPERFICIE INTEGRACION DUCTO RECTA ESQUINAS RECTAS FORMICA 3X123X29.5CM LINK LKSU020070|AI|Active||180|10|und|1|1|Proceso Tirar Operación|CANTEADO|CNT.1.1.1|CSTLPRECIO|0|0|0|0|0||||1|
22000010521|2|25031252|PRENSADO-SUPERFICIE INTEGRACION DUCTO RECTA ESQUINAS RECTAS FORMICA 3X123X29.5CM LINK LKSU020070|AI|Active||10|10|und|1|1|Proceso Tirar Operación|PRENSADO|PRE.1.1.1|CSTLPRECIO|0|0|0|0|0||||1|
22000010521|3|22015818|UNICOR POLAR SIN BALANCE DE 1830X2440MM ESPESOR 30MM|MP|Active||10|10|und|.113809426|.113809426|Proceso Tirar Operación|CARPINT|AGL.1.1.1|CSTLPRECIO|0|0|0|0|0||||1|
22000010521|3|22008689|GENERICO FORMICA 1220MM X 2440MM F8|MP|Active||20|10|und|.14842448|.14842448|Proceso Tirar Operación|CARPINT|FOR.1.1.1|CSTLPRECIO|0|0|0|0|0||||1|
22000010521|2|22008524|GENERICO CANTO DE 35MM ESPESOR 2MM|MP|Active||20|10|m|3.29189|3.29189|Proceso Tirar Operación|CARPINT|CTA.1.1.1|CSTLPRECIO|0|0|0|0|0||||1|
22000010521|1|22024088|PINTURA POLIESTER LTGIC GRANULADO BTC GRIS NOPAL (20001378) 33652 CAJA 25 KG - RAL 9004|MP|Active||190|10|kg|.0003|.0003|Proceso Tirar Operación|MP_WIP|PI.1.1.1|CSTLPRECIO|0|0|0|0|0||||1|
22000010521|1|22001410|EMPAQUE COLUMNA X 8 UNIDADES|ME|Active||200|10|und|.05|.05|Proceso Tirar Operación|MP_WIP|EN.1.1.1|CSTLPRECIO|0|0|0|0|0||||1|
22000010925|0|22000010925|NAVE PUERTA VIDRIO DE 90CM H MENOR IGUAL 318 VETRO VTPT010000||Active|||und|1|1|||...|CSTLPRECIO|0|0|0|0|0|||||
22000010925|1|22005398|VIDRIO TRANSPARENTE TEMPLADO DE 10MM SOLO VETRO|MP|Active||10|10|m2|2.6368|2.6368|Proceso Tirar Operación|CARPINT|VID.1.1.1|CSTLPRECIO|0|0|0|0|0||||1|
22000010925|1|22005938|BISAGRA LATERAL  CON PLACA DE FIJACION ITALIANA REF 8SI002 DE 45MM|MP|Active||20|10|und|3|3|Proceso Tirar Operación|MP_WIP|EN.1.1.1|CSTLPRECIO|0|0|0|0|0||||1|
22000010925|1|22000157|TORNILLO AUTOPERFORANTE CABEZA AVELLANADA 6 X 1 ZINCADO|MP|Active||30|10|und|13|13|Proceso Tirar Operación|MP_WIP|EN.1.1.1|CSTLPRECIO|0|0|0|0|0||||1|
22000010925|1|22005527|CERRADURA NAVE PUERTA VIDRIO VETRO (MANIJA DOBLE CON DOBLE LLAVE Y SEGURO EN ALUMINIO PARA VIDRIO 10MM - HOPPE HCS GD A113-2574155)|MP|Active||40|10|und|1|1|Proceso Tirar Operación|MP_WIP|EN.1.1.1|CSTLPRECIO|0|0|0|0|0||||1|
22000010925|1|25065842|ARMADA-RECIBIDOR CERRADURA NAVE PUERTA VIDRIO VETRO VTPT010011|AI|Active||50|10|und|1|1|Proceso Tirar Operación|SOLDADURA|SOL.1.1.1|CSTLPRECIO|0|0|0|0|0||||1|
22000010925|2|25079671|PARTE-CUERPO SUPERIOR RECIBIDOR CERRADURA NAVE PUERTA VIDRIO VETRO VTPT010012|AI|Active||10|10|und|1|1|Proceso Tirar Operación|DOBLADORAS|DOB.1.1.1|CSTLPRECIO|0|0|0|0|0||||1|
22000010925|3|22008931|LAMINA PLANA CR 4X8  ESPESOR 3.0MM (DECAPADA Y ACEITADA)|MP|Active||10|10|kg|.06081|.06081|Proceso Tirar Operación|CORTYPUNZ|CYP.1.1.1|CSTLPRECIO|0|0|0|0|0||||1|
22000010925|2|25079672|PARTE-COMPLEMENTO RECIBIDOR CERRADURA NAVE PUERTA VIDRIO VETRO VTPT010013|AI|Active||20|10|und|1|1|Proceso Tirar Operación|DOBLADORAS|DOB.1.1.1|CSTLPRECIO|0|0|0|0|0||||1|
22000010925|3|22006027|LAMINA PLANA 4X8 ESPESOR 1.20MM|MP|Active||10|10|kg|.02453|.02453|Proceso Tirar Operación|CORTYPUNZ|CYP.1.1.1|CSTLPRECIO|0|0|0|0|0||||1|
22000010925|1|22008555|GENERICO PINTURA EN POLVO MUEBLES|MP|Active||100|10|kg|.000612|.000612|Proceso Tirar Operación|MP_WIP|PI.1.1.1|CSTLPRECIO|0|0|0|0|0||||1|
22000011004|0|22000011004|PERFIL FLOTANTE ALUMINIO A 180 GRADOS DE 600CM VETRO VTAC020000||Active|||und|1|1|||...|CSTLPRECIO|0|0|0|0|0|||||
22000011004|1|25010406|PARTE-PERFIL FLOTANTE DE 600 A 180º EN ALUMINIO VETRO VTAC020000|AI|Active||10|10|und|1|1|Proceso Tirar Operación|ALUMINIOS|ALU.1.1.1|CSTLPRECIO|0|0|0|0|0||||1|
22000011004|2|22005538|ALUMINIO REMATE SUPERIOR FLOTANTE DE 6000 VETRO MPR-030-234|MP|Active||10|10|und|1|1|Proceso Tirar Operación|ALUMINIOS|MPA.1.1.1|CSTLPRECIO|0|0|0|0|0||||1|
22000011009|0|22000011009|KIT UNION FLOTANTE 90 GRADOS VETRO VTAC160000||Active|||und|1|1|||...|CSTLPRECIO|0|0|0|0|0|||||
22000011009|1|25010402|ARMADA-UNION A 90º KIT UNION FLOTANTE A 90º VETRO VTAC161000|AI|Active||10|10|und|1|1|Proceso Tirar Operación|SOLDADURA|SOL.1.1.1|CSTLPRECIO|0|0|0|0|0||||1|
22000011009|2|25010404|PARTE-PERFIL UNION A 180º KIT UNION FLOTANTE A 180º VETRO VTAC151010|AI|Active||10|10|und|4|4|Proceso Tirar Operación|DOBLADORAS|DOB.1.1.1|CSTLPRECIO|0|0|0|0|0||||1|
22000011009|3|22006027|LAMINA PLANA 4X8 ESPESOR 1.20MM|MP|Active||10|10|kg|.299806848|.299806848|Proceso Tirar Operación|CORTYPUNZ|CYP.1.1.1|CSTLPRECIO|0|0|0|0|0||||1|
22000011009|1|22000159|TORNILLO AUTOPERFORANTE CABEZA EXTRAPLANA 8 X 1/2 REF:234 ZINCADO NEGRO|MP|Active||20|10|und|10|10|Proceso Tirar Operación|MP_WIP|EN.1.1.1|CSTLPRECIO|0|0|0|0|0||||1|
22000011009|1|22008555|GENERICO PINTURA EN POLVO MUEBLES|MP|Active||30|10|kg|.008|.008|Proceso Tirar Operación|MP_WIP|PI.1.1.1|CSTLPRECIO|0|0|0|0|0||||1|
22000011009|1|22000263|TORNILLO LAMINA AUTOPERFORANTE CABEZA PLANA 8 X  3/4 ZINCADO|MP|Active||40|10|und|6|6|Proceso Tirar Operación|MP_WIP|EN.1.1.1|CSTLPRECIO|0|0|0|0|0||||1|
22000011980|0|22000011980|PERFIL LLEGADA PISO VETRO VTAC010001|AI|Active|||und|1|1|||...|CSTLPRECIO|0|0|0|0|0|||||
22000011980|1|22011791|VETRO PERFIL PLASTICO COEXTRUIDO ANCLAJE A PISO PLASTIC FLOOR/CEILING TRACK PART# SI3302P0201 MPR060055|MP|Active||10|10|und|1|1|Proceso Tirar Operación|MP_WIP|EN.1.1.1|CSTLPRECIO|0|0|0|0|0||||1|
22000012320|0|22000012320|PANTALLA BISEL VIDRIO TEMPLADO TRANSPARENTE 38X60CM ACCESORIO CRITTERIUM CRAC830000||Active|||und|1|1|||...|CSTLPRECIO|0|0|0|0|0|||||
22000012320|1|22005396|VIDRIO TRANSPARENTE TEMPLADO DE 6MM|MP|Active||10|10|m2|.2163|.2163|Proceso Tirar Operación|CARPINT|VID.1.1.1|CSTLPRECIO|0|0|0|0|0||||1|
22000012320|1|25012126|ARMADA-BISEL SUPERIOR DE 60CM PANTALLAS A PANEL MULTIPLE CRITTERIUM CRAC791000|AI|Active||20|10|und|1|1|Proceso Tirar Operación|SOLDADURA|SOL.1.1.1|CSTLPRECIO|0|0|0|0|0||||1|
22000012320|2|25012117|PARTE-CUERPO BISEL SUPERIOR DE 60CM PANTALLAS A PANEL MULTIPLE CRITTERIUM CRAC791010|AI|Active||10|10|und|1|1|Proceso Tirar Operación|DOBLADORAS|DOB.1.1.1|CSTLPRECIO|0|0|0|0|0||||1|
22000012320|3|22006037|LAMINA PLANA 4X8 ESPESOR 0.9MM|MP|Active||10|10|kg|.67701837|.67701837|Proceso Tirar Operación|CORTYPUNZ|CYP.1.1.1|CSTLPRECIO|0|0|0|0|0||||1|
22000012320|2|25012123|PARTE-REFUERZO BISEL SUPERIOR PANTALLAS A PANEL MULTIPLE CRITTERIUM CRAC791020|AI|Active||20|10|und|2|2|Proceso Tirar Operación|DOBLADORAS|DOB.1.1.1|CSTLPRECIO|0|0|0|0|0||||1|
22000012320|3|22008722|LAMINA PLANA CR 4X8 ESPESOR 1.90MM|MP|Active||10|10|kg|.11220044|.11220044|Proceso Tirar Operación|CORTYPUNZ|CYP.1.1.1|CSTLPRECIO|0|0|0|0|0||||1|
22000012320|2|25012124|PARTE-GUIA BISEL SUPERIOR PANTALLAS A PANEL MULTIPLE CRITTERIUM CRAC791030|AI|Active||30|10|und|2|2|Proceso Tirar Operación|SOLDADURA|SOL.1.1.1|CSTLPRECIO|0|0|0|0|0||||1|
22000012320|3|22008319|LAMINA PLANA HR 4X8  ESPESOR 2.5MM|MP|Active||10|10|kg|.03330241|.03330241|Proceso Tirar Operación|CORTYPUNZ|CYP.1.1.1|CSTLPRECIO|0|0|0|0|0||||1|
22000012320|2|25018074|PARTE-SOPORTE PIN BISEL SUPERIOR MARCO PANEL CRITTERIUM CRMA013012|AI|Active||40|10|und|2|2|Proceso Tirar Operación|DOBLADORAS|DOB.1.1.1|CSTLPRECIO|0|0|0|0|0||||1|
22000012320|3|22006027|LAMINA PLANA 4X8 ESPESOR 1.20MM|MP|Active||10|10|kg|.04248399|.04248399|Proceso Tirar Operación|CORTYPUNZ|CYP.1.1.1|CSTLPRECIO|0|0|0|0|0||||1|
22000012320|1|22009379|PRENSA MOVIL PANTALLAS MPL  MPR030217|MP|Active||30|10|und|4|4|Proceso Tirar Operación|MP_WIP|EN.1.1.1|CSTLPRECIO|0|0|0|0|0||||1|
22000012320|1|22015589|CINTA DOBLE FAZ FILMICA ML TESA 4965 TRANSPARENTE DE 19MM DE ANCHO Y 50 METROS DE LARGO|MP|Active||40|10|m|.16|.16|Proceso Tirar Operación|MP_WIP|EN.1.1.1|CSTLPRECIO|0|0|0|0|0||||1|
22000012320|1|22000656|PIN INSEPARABLE SIS8 MPR050056|MP|Active||50|10|und|2|2|Proceso Tirar Operación|MP_WIP|EN.1.1.1|CSTLPRECIO|0|0|0|0|0||||1|
22000012320|1|22007761|TORNILLO CABEZA EXTRAPLANA 8 X  9/16 ZINCADO|MP|Active||60|10|und|8|8|Proceso Tirar Operación|MP_WIP|EN.1.1.1|CSTLPRECIO|0|0|0|0|0||||1|
22000012320|1|22000190|TORNILLO CABEZA PLANA RANURADO M6 X 16 ZINCADO|MP|Active||70|10|und|4|4|Proceso Tirar Operación|MP_WIP|EN.1.1.1|CSTLPRECIO|0|0|0|0|0||||1|
22000012320|1|22008555|GENERICO PINTURA EN POLVO MUEBLES|MP|Active||80|10|kg|.012|.012|Proceso Tirar Operación|MP_WIP|PI.1.1.1|CSTLPRECIO|0|0|0|0|0||||1|
22000012322|0|22000012322|PANTALLA BISEL VIDRIO TEMPLADO TRANSPARENTE 38X90CM CRITTERIUM CRAC830000||Active|||und|1|1|||...|CSTLPRECIO|0|0|0|0|0|||||
22000012322|1|22005396|VIDRIO TRANSPARENTE TEMPLADO DE 6MM|MP|Active||10|10|m2|.33269|.33269|Proceso Tirar Operación|CARPINT|VID.1.1.1|CSTLPRECIO|0|0|0|0|0||||1|
22000012322|1|25012128|ARMADA-BISEL SUPERIOR DE 90CM PANTALLAS A PANEL MULTIPLE CRITTERIUM CRAC791000|AI|Active||20|10|und|1|1|Proceso Tirar Operación|SOLDADURA|SOL.1.1.1|CSTLPRECIO|0|0|0|0|0||||1|
22000012322|2|25012119|PARTE-CUERPO BISEL SUPERIOR DE 90CM PANTALLAS A PANEL MULTIPLE CRITTERIUM CRAC791010|AI|Active||10|10|und|1|1|Proceso Tirar Operación|DOBLADORAS|DOB.1.1.1|CSTLPRECIO|0|0|0|0|0||||1|
22000012322|3|22006037|LAMINA PLANA 4X8 ESPESOR 0.9MM|MP|Active||10|10|kg|1.02963211|1.02963211|Proceso Tirar Operación|CORTYPUNZ|CYP.1.1.1|CSTLPRECIO|0|0|0|0|0||||1|
22000012322|2|25012123|PARTE-REFUERZO BISEL SUPERIOR PANTALLAS A PANEL MULTIPLE CRITTERIUM CRAC791020|AI|Active||20|10|und|2|2|Proceso Tirar Operación|DOBLADORAS|DOB.1.1.1|CSTLPRECIO|0|0|0|0|0||||1|
22000012322|3|22008722|LAMINA PLANA CR 4X8 ESPESOR 1.90MM|MP|Active||10|10|kg|.11220044|.11220044|Proceso Tirar Operación|CORTYPUNZ|CYP.1.1.1|CSTLPRECIO|0|0|0|0|0||||1|
22000012322|2|25012124|PARTE-GUIA BISEL SUPERIOR PANTALLAS A PANEL MULTIPLE CRITTERIUM CRAC791030|AI|Active||30|10|und|2|2|Proceso Tirar Operación|SOLDADURA|SOL.1.1.1|CSTLPRECIO|0|0|0|0|0||||1|
22000012322|3|22008319|LAMINA PLANA HR 4X8  ESPESOR 2.5MM|MP|Active||10|10|kg|.03330241|.03330241|Proceso Tirar Operación|CORTYPUNZ|CYP.1.1.1|CSTLPRECIO|0|0|0|0|0||||1|
22000012322|2|25018074|PARTE-SOPORTE PIN BISEL SUPERIOR MARCO PANEL CRITTERIUM CRMA013012|AI|Active||40|10|und|2|2|Proceso Tirar Operación|DOBLADORAS|DOB.1.1.1|CSTLPRECIO|0|0|0|0|0||||1|
22000012322|3|22006027|LAMINA PLANA 4X8 ESPESOR 1.20MM|MP|Active||10|10|kg|.04248399|.04248399|Proceso Tirar Operación|CORTYPUNZ|CYP.1.1.1|CSTLPRECIO|0|0|0|0|0||||1|
22000012322|1|22009379|PRENSA MOVIL PANTALLAS MPL  MPR030217|MP|Active||30|10|und|4|4|Proceso Tirar Operación|MP_WIP|EN.1.1.1|CSTLPRECIO|0|0|0|0|0||||1|
22000012322|1|22015589|CINTA DOBLE FAZ FILMICA ML TESA 4965 TRANSPARENTE DE 19MM DE ANCHO Y 50 METROS DE LARGO|MP|Active||40|10|m|.16|.16|Proceso Tirar Operación|MP_WIP|EN.1.1.1|CSTLPRECIO|0|0|0|0|0||||1|
22000012322|1|22000656|PIN INSEPARABLE SIS8 MPR050056|MP|Active||50|10|und|2|2|Proceso Tirar Operación|MP_WIP|EN.1.1.1|CSTLPRECIO|0|0|0|0|0||||1|
22000012322|1|22007761|TORNILLO CABEZA EXTRAPLANA 8 X  9/16 ZINCADO|MP|Active||60|10|und|8|8|Proceso Tirar Operación|MP_WIP|EN.1.1.1|CSTLPRECIO|0|0|0|0|0||||1|
22000012322|1|22000190|TORNILLO CABEZA PLANA RANURADO M6 X 16 ZINCADO|MP|Active||70|10|und|4|4|Proceso Tirar Operación|MP_WIP|EN.1.1.1|CSTLPRECIO|0|0|0|0|0||||1|
22000012322|1|22008555|GENERICO PINTURA EN POLVO MUEBLES|MP|Active||80|10|kg|.019|.019|Proceso Tirar Operación|MP_WIP|PI.1.1.1|CSTLPRECIO|0|0|0|0|0||||1|
22000012324|0|22000012324|PANTALLA BISEL VIDRIO TEMPLADO TRANSPARENTE 38X120CM ACCESORIO CRITTERIUM CRAC830000||Active|||und|1|1|||...|CSTLPRECIO|0|0|0|0|0|||||
22000012324|1|22005396|VIDRIO TRANSPARENTE TEMPLADO DE 6MM|MP|Active||10|10|m2|.44908|.44908|Proceso Tirar Operación|CARPINT|VID.1.1.1|CSTLPRECIO|0|0|0|0|0||||1|
22000012324|1|25012130|ARMADA-BISEL SUPERIOR DE 120CM PANTALLAS A PANEL MULTIPLE CRITTERIUM CRAC791000|AI|Active||20|10|und|1|1|Proceso Tirar Operación|SOLDADURA|SOL.1.1.1|CSTLPRECIO|0|0|0|0|0||||1|
22000012324|2|25012121|PARTE-CUERPO BISEL SUPERIOR DE 120CM PANTALLAS A PANEL MULTIPLE CRITTERIUM CRAC791010|AI|Active||10|10|und|1|1|Proceso Tirar Operación|DOBLADORAS|DOB.1.1.1|CSTLPRECIO|0|0|0|0|0||||1|
22000012324|3|22006037|LAMINA PLANA 4X8 ESPESOR 0.9MM|MP|Active||10|10|kg|1.38224585|1.38224585|Proceso Tirar Operación|CORTYPUNZ|CYP.1.1.1|CSTLPRECIO|0|0|0|0|0||||1|
22000012324|2|25012123|PARTE-REFUERZO BISEL SUPERIOR PANTALLAS A PANEL MULTIPLE CRITTERIUM CRAC791020|AI|Active||20|10|und|3|3|Proceso Tirar Operación|DOBLADORAS|DOB.1.1.1|CSTLPRECIO|0|0|0|0|0||||1|
22000012324|3|22008722|LAMINA PLANA CR 4X8 ESPESOR 1.90MM|MP|Active||10|10|kg|.11220044|.11220044|Proceso Tirar Operación|CORTYPUNZ|CYP.1.1.1|CSTLPRECIO|0|0|0|0|0||||1|
22000012324|2|25012124|PARTE-GUIA BISEL SUPERIOR PANTALLAS A PANEL MULTIPLE CRITTERIUM CRAC791030|AI|Active||30|10|und|3|3|Proceso Tirar Operación|SOLDADURA|SOL.1.1.1|CSTLPRECIO|0|0|0|0|0||||1|
22000012324|3|22008319|LAMINA PLANA HR 4X8  ESPESOR 2.5MM|MP|Active||10|10|kg|.03330241|.03330241|Proceso Tirar Operación|CORTYPUNZ|CYP.1.1.1|CSTLPRECIO|0|0|0|0|0||||1|
22000012324|2|25018074|PARTE-SOPORTE PIN BISEL SUPERIOR MARCO PANEL CRITTERIUM CRMA013012|AI|Active||40|10|und|2|2|Proceso Tirar Operación|DOBLADORAS|DOB.1.1.1|CSTLPRECIO|0|0|0|0|0||||1|
22000012324|3|22006027|LAMINA PLANA 4X8 ESPESOR 1.20MM|MP|Active||10|10|kg|.04248399|.04248399|Proceso Tirar Operación|CORTYPUNZ|CYP.1.1.1|CSTLPRECIO|0|0|0|0|0||||1|
22000012324|1|22009379|PRENSA MOVIL PANTALLAS MPL  MPR030217|MP|Active||30|10|und|6|6|Proceso Tirar Operación|MP_WIP|EN.1.1.1|CSTLPRECIO|0|0|0|0|0||||1|
22000012324|1|22015589|CINTA DOBLE FAZ FILMICA ML TESA 4965 TRANSPARENTE DE 19MM DE ANCHO Y 50 METROS DE LARGO|MP|Active||40|10|m|.24|.24|Proceso Tirar Operación|MP_WIP|EN.1.1.1|CSTLPRECIO|0|0|0|0|0||||1|
22000012324|1|22000656|PIN INSEPARABLE SIS8 MPR050056|MP|Active||50|10|und|2|2|Proceso Tirar Operación|MP_WIP|EN.1.1.1|CSTLPRECIO|0|0|0|0|0||||1|
22000012324|1|22007761|TORNILLO CABEZA EXTRAPLANA 8 X  9/16 ZINCADO|MP|Active||60|10|und|12|12|Proceso Tirar Operación|MP_WIP|EN.1.1.1|CSTLPRECIO|0|0|0|0|0||||1|
22000012324|1|22000190|TORNILLO CABEZA PLANA RANURADO M6 X 16 ZINCADO|MP|Active||70|10|und|6|6|Proceso Tirar Operación|MP_WIP|EN.1.1.1|CSTLPRECIO|0|0|0|0|0||||1|
22000012324|1|22008555|GENERICO PINTURA EN POLVO MUEBLES|MP|Active||80|10|kg|.025|.025|Proceso Tirar Operación|MP_WIP|PI.1.1.1|CSTLPRECIO|0|0|0|0|0||||1|
22000014319|0|22000014319|KIT UNION A 180 GRADOS DE 90CM LINK CRITTERIUM 8 CRAC070100|AI|Active|||und|1|1|||...|CSTLPRECIO|0|0|0|0|0|||||
22000014319|1|25019373|ARMADA-PUNTERA UNION ENTREBISELES A 180 GRADOS MULTIPLE-CRITTERIUM8 MPR030237|AI|Active||10|10|und|1|1|Proceso Tirar Operación|SOLDADURA|SOL.1.1.1|CSTLPRECIO|0|0|0|0|0||||1|
22000014319|2|25113566|PARTE-CUERPO INTERNO PUNTERA A 180 GRADOS MULTIPLE CRITTERIUM MPR030237|AI|Active||10|10|und|1|1|Proceso Tirar Operación|DOBLADORAS|DOB.1.1.1|CSTLPRECIO|0|0|0|0|0||||1|
22000014319|3|22006037|LAMINA PLANA 4X8 ESPESOR 0.9MM|MP|Active||10|10|kg|.04|.04|Proceso Tirar Operación|CORTYPUNZ|CYP.1.1.1|CSTLPRECIO|0|0|0|0|0||||1|
22000014319|2|25113567|PARTE-CUERPO EXTERNO PUNTERA A 180 GRADOS MULTIPLE CRITTERIUM MPR030237|AI|Active||20|10|und|1|1|Proceso Tirar Operación|DOBLADORAS|DOB.1.1.1|CSTLPRECIO|0|0|0|0|0||||1|
22000014319|3|22006037|LAMINA PLANA 4X8 ESPESOR 0.9MM|MP|Active||10|10|kg|.02|.02|Proceso Tirar Operación|CORTYPUNZ|CYP.1.1.1|CSTLPRECIO|0|0|0|0|0||||1|
22000014319|1|22000150|TUERCA  HEXAGONAL 5/16 ZINCADA|MP|Active||12|10|und|2|2|Proceso Tirar Operación|MP_WIP|EN.1.1.1|CSTLPRECIO|0|0|0|0|0||||1|
22000014319|1|25023468|PARTE-TAPA LUZ KIT UNION A 180 GRADOS CRIT-8 CRAC070101|AI|Active||20|10|und|2|2|Proceso Tirar Operación|DOBLADORAS|DOB.1.1.1|CSTLPRECIO|0|0|0|0|0||||1|
22000014319|2|22006061|LAMINA PLANA 4X8 ESPESOR 0.75MM|MP|Active||10|10|kg|.03564465|.03564465|Proceso Tirar Operación|CORTYPUNZ|CYP.1.1.1|CSTLPRECIO|0|0|0|0|0||||1|
22000014319|1|22002313|TORNILLO CABEZA HEXAGONAL 5/16 X 1 1/2 ZINCADO ROSCA TOTAL|MP|Active||35|10|und|2|2|Proceso Tirar Operación|MP_WIP|EN.1.1.1|CSTLPRECIO|0|0|0|0|0||||1|
22000014319|1|22008555|GENERICO PINTURA EN POLVO MUEBLES|MP|Active||40|10|kg|.01|.01|Proceso Tirar Operación|MP_WIP|PI.1.1.1|CSTLPRECIO|0|0|0|0|0||||1|
22000017631|0|22000017631|KIT SUPERIOR 180 GRADOS 600CM VETRO PERFIL NACIONAL VTAC210000||Active|||und|1|1|||...|CSTLPRECIO|0|0|0|0|0|||||
22000017631|1|25018504|PARTE-KIT SUPERIOR A 180° 600 CM VETRO PERFIL NACIONAL VTAC110010|AI|Active||10|10|und|1|1|Proceso Tirar Operación|ALUMINIOS|ALU.1.1.1|CSTLPRECIO|0|0|0|0|0||||1|
22000017631|2|22007530|PERFIL EN ALUMINIO LLEGADA A TECHO VIDRIO 10MM REF:MEP021 VETRO DE 6000MM ACABADO ANODIZADO NATURAL MPR030256|MP|Active||10|10|und|1|1|Proceso Tirar Operación|ALUMINIOS|MPA.1.1.1|CSTLPRECIO|0|0|0|0|0||||1|
22000017631|1|25018503|PARTE-COMPLEMENTO PERFIL SUPERIOR KIT SUPERIOR A 180° 600 CM VETRO PERFIL NACIONAL VTAC110020|AI|Active||20|10|und|1|1|Proceso Tirar Operación|ALUMINIOS|ALU.1.1.1|CSTLPRECIO|0|0|0|0|0||||1|
22000017631|2|22007531|TAPA PERFIL ALUMINIO LLEGADA A TECHO VIDRIO 10MM REF:MEP022 VETRO DE 6000MM ACABADO ANODIZADO NATURAL MPR030257|MP|Active||10|10|und|1|1|Proceso Tirar Operación|ALUMINIOS|MPA.1.1.1|CSTLPRECIO|0|0|0|0|0||||1|
22000017631|1|22006502|VETRO PERFIL PLASTICO CIERRE ZOCALO PARA VIDRIO 10MM RUBBER FOR TH.10/12 GLASS AND DOOR MODULE PA MPR060059|MP|Active||30|10|m|12|12|Proceso Tirar Operación|MP_WIP|EN.1.1.1|CSTLPRECIO|0|0|0|0|0||||1|
22000017631|1|22000165|TORNILLO CABEZA AVELLANADA 8 X 1/2 ZINCADO|MP|Active||40|10|und|6|6|Proceso Tirar Operación|MP_WIP|EN.1.1.1|CSTLPRECIO|0|0|0|0|0||||1|
22000017631|1|22000193|CHAZO PLASTICO 5/16 X 1 1/2 SIN TORNILLO REF: PS-1612S|MP|Active||50|10|und|6|6|Proceso Tirar Operación|MP_WIP|EN.1.1.1|CSTLPRECIO|0|0|0|0|0||||1|
22000017631|1|22000176|TORNILLO CABEZA CILINDRICA RANURADO 2 1/2 X 12 ZINCADO|MP|Active||60|10|und|6|6|Proceso Tirar Operación|MP_WIP|EN.1.1.1|CSTLPRECIO|0|0|0|0|0||||1|
22000017632|0|22000017632|KIT ZOCALO 180 GRADOS 600CM VETRO PERFIL NACIONAL VTAC220000||Active|||und|1|1|||...|CSTLPRECIO|0|0|0|0|0|||||
22000017632|1|25018502|PARTE-KIT ZOCALO A 180° 600 CM VETRO PERFIL NACIONAL VTAC220010|AI|Active||10|10|und|2|2|Proceso Tirar Operación|ALUMINIOS|ALU.1.1.1|CSTLPRECIO|0|0|0|0|0||||1|
22000017632|2|22007529|TAPA PERFIL ALUMINIO ZOCALO INFERIOR REF:MEP020 VETRO DE  6000MM ACABADO ANODIZADO NATURAL MPR030255|MP|Active||10|10|und|1|1|Proceso Tirar Operación|ALUMINIOS|MPA.1.1.1|CSTLPRECIO|0|0|0|0|0||||1|
22000017632|1|22006502|VETRO PERFIL PLASTICO CIERRE ZOCALO PARA VIDRIO 10MM RUBBER FOR TH.10/12 GLASS AND DOOR MODULE PA MPR060059|MP|Active||20|10|m|12|12|Proceso Tirar Operación|MP_WIP|EN.1.1.1|CSTLPRECIO|0|0|0|0|0||||1|
22000017676|0|22000017676|KIT LLEGADA A PARED VIDRIO 10MM 318CM VTAC230000|AI|Active|||und|1|1|||...|CSTLPRECIO|0|0|0|0|0|||||
22000017676|1|25011416|PARTE-ESCUADRA ANCLAJE VETRO VTAC060030|AI|Active||10|10|und|2|2|Proceso Tirar Operación|DOBLADORAS|DOB.1.1.1|CSTLPRECIO|0|0|0|0|0||||1|
22000017676|2|22008319|LAMINA PLANA HR 4X8  ESPESOR 2.5MM|MP|Active||10|10|kg|.10977776|.10977776|Proceso Tirar Operación|CORTYPUNZ|CYP.1.1.1|CSTLPRECIO|0|0|0|0|0||||1|
22000017676|1|22000193|CHAZO PLASTICO 5/16 X 1 1/2 SIN TORNILLO REF: PS-1612S|MP|Active||20|10|und|6|6|Proceso Tirar Operación|MP_WIP|EN.1.1.1|CSTLPRECIO|0|0|0|0|0||||1|
22000017676|1|22000176|TORNILLO CABEZA CILINDRICA RANURADO 2 1/2 X 12 ZINCADO|MP|Active||30|10|und|6|6|Proceso Tirar Operación|MP_WIP|EN.1.1.1|CSTLPRECIO|0|0|0|0|0||||1|
22000017676|1|22006502|VETRO PERFIL PLASTICO CIERRE ZOCALO PARA VIDRIO 10MM RUBBER FOR TH.10/12 GLASS AND DOOR MODULE PA MPR060059|MP|Active||40|10|m|6.36|6.36|Proceso Tirar Operación|MP_WIP|EN.1.1.1|CSTLPRECIO|0|0|0|0|0||||1|
22000017676|1|22011791|VETRO PERFIL PLASTICO COEXTRUIDO ANCLAJE A PISO PLASTIC FLOOR/CEILING TRACK PART# SI3302P0201 MPR060055|MP|Active||50|10|und|1|1|Proceso Tirar Operación|MP_WIP|EN.1.1.1|CSTLPRECIO|0|0|0|0|0||||1|
22000017676|1|25018532|PARTE-VETRO PERFIL NACIONAL KIT LLEGADA A PARED H MENOR=318CM VTAC230010|AI|Active||60|10|und|1|1|Proceso Tirar Operación|ALUMINIOS|ALU.1.1.1|CSTLPRECIO|0|0|0|0|0||||1|
22000017676|2|22007532|PERFIL LLEGADA A PARED REF:MEP024 VETRO DE 6000MM ACABADO ANODIZADO NATURAL MPR030258|MP|Active||10|10|und|.601875|.601875|Proceso Tirar Operación|ALUMINIOS|MPA.1.1.1|CSTLPRECIO|0|0|0|0|0||||1|
22000017676|1|22008555|GENERICO PINTURA EN POLVO MUEBLES|MP|Active||70|10|kg|.06|.06|Proceso Tirar Operación|MP_WIP|PI.1.1.1|CSTLPRECIO|0|0|0|0|0||||1|
22000017676|1|25010082|PARTE-COMPLEMENTO KIT LLEGADA A PARED VETRO VTAC060020|AI|Active||80|10|und|4|4|Proceso Tirar Operación|DOBLADORAS|DOB.1.1.1|CSTLPRECIO|0|0|0|0|0||||1|
22000017676|2|22008721|LAMINA PLANA ACEITADA Y DECAPADA 4X8 ESPESOR 4MM A-36|MP|Active||10|10|kg|.03876291|.03876291|Proceso Tirar Operación|CORTYPUNZ|CYP.1.1.1|CSTLPRECIO|0|0|0|0|0||||1|
22000017680|0|22000017680|MARCO PUERTA SENCILLA SIN DUCTO BAJANTE DE 318CM VETRO VTMP030000||Active|||und|1|1|||...|CSTLPRECIO|0|0|0|0|0|||||
22000017680|1|25018538|PARTE-PARAL IZQUIERDO MARCO PUERTA DE 318CM VETRO PERFIL NACIONAL VTMP030010|AI|Active||10|10|und|1|1|Proceso Tirar Operación|ALUMINIOS|ALU.1.1.1|CSTLPRECIO|0|0|0|0|0||||1|
22000017680|2|22007533|PERFIL MARCO PUERTA REF: MEP023 VETRO DE 6000MM ACABADO ANODIZADO NATURAL MPR030259|MP|Active||10|10|und|.601875|.601875|Proceso Tirar Operación|ALUMINIOS|MPA.1.1.1|CSTLPRECIO|0|0|0|0|0||||1|
22000017680|1|25037340|PARTE-PARAL DERECHO MARCO PUERTA DE 318CM VETRO PERFIL NACIONAL VTMP030010|AI|Active||20|10|und|1|1|Proceso Tirar Operación|ALUMINIOS|ALU.1.1.1|CSTLPRECIO|0|0|0|0|0||||1|
22000017680|2|22007533|PERFIL MARCO PUERTA REF: MEP023 VETRO DE 6000MM ACABADO ANODIZADO NATURAL MPR030259|MP|Active||10|10|und|.601875|.601875|Proceso Tirar Operación|ALUMINIOS|MPA.1.1.1|CSTLPRECIO|0|0|0|0|0||||1|
22000017680|1|25018539|PARTE-TRAVESAÑO MARCO PUERTA SENCILLA DE 827MM VETRO PERFIL NACIONAL VTMP030020|AI|Active||30|10|und|1|1|Proceso Tirar Operación|ALUMINIOS|ALU.1.1.1|CSTLPRECIO|0|0|0|0|0||||1|
22000017680|2|22007533|PERFIL MARCO PUERTA REF: MEP023 VETRO DE 6000MM ACABADO ANODIZADO NATURAL MPR030259|MP|Active||10|10|und|.1498|.1498|Proceso Tirar Operación|ALUMINIOS|MPA.1.1.1|CSTLPRECIO|0|0|0|0|0||||1|
22000017680|1|25009476|PARTE-REFUERZO HORIZONTAL MARCO PUERTA DE 827MM VETRO VTMP010040|AI|Active||40|10|und|1|1|Proceso Tirar Operación|DOBLADORAS|DOB.1.1.1|CSTLPRECIO|0|0|0|0|0||||1|
22000017680|2|22008932|LAMINA PLANA CR 4X8  ESPESOR 1.50MM|MP|Active||10|10|kg|.70437575|.70437575|Proceso Tirar Operación|CORTYPUNZ|CYP.1.1.1|CSTLPRECIO|0|0|0|0|0||||1|
22000017680|1|25014226|PARTE-PLATINA DE FIJACION MARCO PUERTA VETRO VTMP010060|AI|Active||50|10|und|2|2|Proceso Tirar Operación|DOBLADORAS|DOB.1.1.1|CSTLPRECIO|0|0|0|0|0||||1|
22000017680|2|22008722|LAMINA PLANA CR 4X8 ESPESOR 1.90MM|MP|Active||20|10|kg|.063436404|.063436404|Proceso Tirar Operación|CORTYPUNZ|CYP.1.1.1|CSTLPRECIO|0|0|0|0|0||||1|
22000017680|1|25011416|PARTE-ESCUADRA ANCLAJE VETRO VTAC060030|AI|Active||60|10|und|4|4|Proceso Tirar Operación|DOBLADORAS|DOB.1.1.1|CSTLPRECIO|0|0|0|0|0||||1|
22000017680|2|22008319|LAMINA PLANA HR 4X8  ESPESOR 2.5MM|MP|Active||10|10|kg|.10977776|.10977776|Proceso Tirar Operación|CORTYPUNZ|CYP.1.1.1|CSTLPRECIO|0|0|0|0|0||||1|
22000017680|1|22000193|CHAZO PLASTICO 5/16 X 1 1/2 SIN TORNILLO REF: PS-1612S|MP|Active||70|10|und|4|4|Proceso Tirar Operación|MP_WIP|EN.1.1.1|CSTLPRECIO|0|0|0|0|0||||1|
22000017680|1|22000176|TORNILLO CABEZA CILINDRICA RANURADO 2 1/2 X 12 ZINCADO|MP|Active||80|10|und|4|4|Proceso Tirar Operación|MP_WIP|EN.1.1.1|CSTLPRECIO|0|0|0|0|0||||1|
22000017680|1|25026722|PARTE-ARANDELA FIJACION MARCO PUERTA VETRO VTMP010070|AI|Active||90|10|und|1|1|Proceso Tirar Operación|DOBLADORAS|DOB.1.1.1|CSTLPRECIO|0|0|0|0|0||||1|
22000017680|2|22008722|LAMINA PLANA CR 4X8 ESPESOR 1.90MM|MP|Active||10|10|kg|.014808487|.014808487|Proceso Tirar Operación|CORTYPUNZ|CYP.1.1.1|CSTLPRECIO|0|0|0|0|0||||1|
22000017680|1|22000157|TORNILLO AUTOPERFORANTE CABEZA AVELLANADA 6 X 1 ZINCADO|MP|Active||100|10|und|4|4|Proceso Tirar Operación|MP_WIP|EN.1.1.1|CSTLPRECIO|0|0|0|0|0||||1|
22000017680|1|22000166|TORNILLO CABEZA AVELLANADA 8 X 1.1/2 ZINCADO|MP|Active||110|10|und|2|2|Proceso Tirar Operación|MP_WIP|EN.1.1.1|CSTLPRECIO|0|0|0|0|0||||1|
22000017680|1|22000212|TORNILLO AUTOROSCANTE 6 3/8 ZINCADO|MP|Active||120|10|und|3|3|Proceso Tirar Operación|MP_WIP|EN.1.1.1|CSTLPRECIO|0|0|0|0|0||||1|
22000017680|1|22001410|EMPAQUE COLUMNA X 8 UNIDADES|ME|Active||130|10|und|.1|.1|Proceso Tirar Operación|MP_WIP|EN.1.1.1|CSTLPRECIO|0|0|0|0|0||||1|
22000017680|1|22008555|GENERICO PINTURA EN POLVO MUEBLES|MP|Active||140|10|kg|.205|.205|Proceso Tirar Operación|MP_WIP|PI.1.1.1|CSTLPRECIO|0|0|0|0|0||||1|
22000017680|1|22006502|VETRO PERFIL PLASTICO CIERRE ZOCALO PARA VIDRIO 10MM RUBBER FOR TH.10/12 GLASS AND DOOR MODULE PA MPR060059|MP|Active||150|10|m|19.907|19.907|Proceso Tirar Operación|MP_WIP|EN.1.1.1|CSTLPRECIO|0|0|0|0|0||||1|
22000020029|0|22000020029|ARCHIVADOR LATERAL METALICO 2 GAVETAS ARCHIVO FRENTE METALICO MANIJA EMBEBIDA 71X60X50CM ALMACENAMIENTO ALM2930000|AI|Active|||und|1|1|||...|CSTLPRECIO|0|0|0|0|0|||||
22000020029|1|25059980|ARMADA-CORAZA ARCHIVADOR LATERAL H2X60 MANIJA EMBEBIDA ALM2931000|AI|Active||10|10|und|1|1|Proceso Tirar Operación|SOLDADURA|SOL.1.1.1|CSTLPRECIO|0|0|0|0|0||||1|
22000020029|2|25059981|PARTE-CUERPO COSTADO DERECHO CORAZA ARCHIVADOR H2X60 ALM2931011|AI|Active||10|10|und|1|1|Proceso Tirar Operación|DOBLADORAS|DOB.1.1.1|CSTLPRECIO|0|0|0|0|0||||1|
22000020029|3|22006061|LAMINA PLANA 4X8 ESPESOR 0.75MM|MP|Active||10|10|kg|3.843|3.843|Proceso Tirar Operación|CORTYPUNZ|CYP.1.1.1|CSTLPRECIO|0|0|0|0|0||||1|
22000020029|2|25059982|PARTE-CUERPO COSTADO IZQUIERDO CORAZA ARCHIVADOR H2X60 ALM2931011|AI|Active||20|10|und|1|1|Proceso Tirar Operación|DOBLADORAS|DOB.1.1.1|CSTLPRECIO|0|0|0|0|0||||1|
22000020029|3|22006061|LAMINA PLANA 4X8 ESPESOR 0.75MM|MP|Active||10|10|kg|3.843|3.843|Proceso Tirar Operación|CORTYPUNZ|CYP.1.1.1|CSTLPRECIO|0|0|0|0|0||||1|
22000020029|2|25059983|PARTE-REFUERZO RIEL TRASERO DERECHO COSTADO CORAZA ARCHIVADOR H2 ALM2931012|AI|Active||30|10|und|1|1|Proceso Tirar Operación|DOBLADORAS|DOB.1.1.1|CSTLPRECIO|0|0|0|0|0||||1|
22000020029|3|22006061|LAMINA PLANA 4X8 ESPESOR 0.75MM|MP|Active||10|10|kg|.5601321|.5601321|Proceso Tirar Operación|CORTYPUNZ|CYP.1.1.1|CSTLPRECIO|0|0|0|0|0||||1|
22000020029|2|25060024|PARTE-REFUERZO RIEL TRASERO IZQUIERDO COSTADO CORAZA ARCHIVADOR H2 ALM2931012|AI|Active||40|10|und|1|1|Proceso Tirar Operación|DOBLADORAS|DOB.1.1.1|CSTLPRECIO|0|0|0|0|0||||1|
22000020029|3|22006061|LAMINA PLANA 4X8 ESPESOR 0.75MM|MP|Active||10|10|kg|.5601321|.5601321|Proceso Tirar Operación|CORTYPUNZ|CYP.1.1.1|CSTLPRECIO|0|0|0|0|0||||1|
22000020029|2|25059984|PARTE-TAPA SUPERIOR 60 CORAZA ARCHIVADOR MANIJA EMBEBIDA ALM2931020|AI|Active||50|10|und|1|1|Proceso Tirar Operación|DOBLADORAS|DOB.1.1.1|CSTLPRECIO|0|0|0|0|0||||1|
22000020029|3|22006061|LAMINA PLANA 4X8 ESPESOR 0.75MM|MP|Active||10|10|kg|2.594|2.594|Proceso Tirar Operación|CORTYPUNZ|CYP.1.1.1|CSTLPRECIO|0|0|0|0|0||||1|
22000020029|2|25113831|PARTE-REFUERZO INFERIOR DE 60CM CORAZA ARCHIVADOR LATERAL ALM2931030|AI|Active||60|10|und|2|2|Proceso Tirar Operación|TRONZSILLA|TRS.1.1.1|CSTLPRECIO|0|0|0|0|0||||1|
22000020029|3|22000914|TUBO RECTANGULAR  DE 20MM X 40MM 6000MM CALIBRE 20|MP|Active||10|10|und|.1|.1|Proceso Tirar Operación|TRONZSILLA|MTS.1.1.1|CSTLPRECIO|0|0|0|0|0||||1|
22000020029|2|25020894|PARTE-PUENTE INFERIOR 60 CORAZA ARCHIVADOR MANIJA EMBEBIDA ALM1151030|AI|Active||70|10|und|1|1|Proceso Tirar Operación|DOBLADORAS|DOB.1.1.1|CSTLPRECIO|0|0|0|0|0||||1|
22000020029|3|22006061|LAMINA PLANA 4X8 ESPESOR 0.75MM|MP|Active||10|10|kg|.238|.238|Proceso Tirar Operación|CORTYPUNZ|CYP.1.1.1|CSTLPRECIO|0|0|0|0|0||||1|
22000020029|2|25023487|PARTE-SUPLEMENTO CORAZA ARCHIVADOR ZEN ALM1151060|AI|Active||90|10|und|1|1|Proceso Tirar Operación|DOBLADORAS|DOB.1.1.1|CSTLPRECIO|0|0|0|0|0||||1|
22000020029|3|22008722|LAMINA PLANA CR 4X8 ESPESOR 1.90MM|MP|Active||10|10|kg|.057|.057|Proceso Tirar Operación|CORTYPUNZ|CYP.1.1.1|CSTLPRECIO|0|0|0|0|0||||1|
22000020029|1|25060003|PARTE-FRENTE GAVETA 12 PULG. ARCHIVADOR 60 MANIJA EMBEBIDA ALM2932010|AI|Active||20|10|und|2|2|Proceso Tirar Operación|SOLDADURA|SOL.1.1.1|CSTLPRECIO|0|0|0|0|0||||1|
22000020029|2|22006061|LAMINA PLANA 4X8 ESPESOR 0.75MM|MP|Active||10|10|kg|1.64659083|1.64659083|Proceso Tirar Operación|CORTYPUNZ|CYP.1.1.1|CSTLPRECIO|0|0|0|0|0||||1|
22000020029|1|25060004|PARTE-CUERPO GAVETA 12 PULG. ARCHIVADOR 60 MANIJA EMBEBIDA ALM2932020|AI|Active||30|10|und|2|2|Proceso Tirar Operación|DOBLADORAS|DOB.1.1.1|CSTLPRECIO|0|0|0|0|0||||1|
22000020029|2|22006061|LAMINA PLANA 4X8 ESPESOR 0.75MM|MP|Active||10|10|kg|2.359|2.359|Proceso Tirar Operación|CORTYPUNZ|CYP.1.1.1|CSTLPRECIO|0|0|0|0|0||||1|
22000020029|1|25060005|PARTE-TRASERO GAVETA 12 PULG. ARCHIVADOR 60 MANIJA EMBEBIDA ALM2932030|AI|Active||40|10|und|2|2|Proceso Tirar Operación|DOBLADORAS|DOB.1.1.1|CSTLPRECIO|0|0|0|0|0||||1|
22000020029|2|22006061|LAMINA PLANA 4X8 ESPESOR 0.75MM|MP|Active||10|10|kg|.932|.932|Proceso Tirar Operación|CORTYPUNZ|CYP.1.1.1|CSTLPRECIO|0|0|0|0|0||||1|
22000020029|1|25060006|PARTE-SOPORTE DELANTERO FOLDER GAVETA 12PULG. ARCHIVADOR 60 MANIJA EMBEBIDA ALM2932040|AI|Active||50|10|und|2|2|Proceso Tirar Operación|DOBLADORAS|DOB.1.1.1|CSTLPRECIO|0|0|0|0|0||||1|
22000020029|2|22006061|LAMINA PLANA 4X8 ESPESOR 0.75MM|MP|Active||10|10|kg|.263205|.263205|Proceso Tirar Operación|CORTYPUNZ|CYP.1.1.1|CSTLPRECIO|0|0|0|0|0||||1|
22000020029|1|25060007|PARTE-LATERAL PORTA FOLDER IZQ. GAVETA 12PULG. ARCHIVADOR MANIJA EMBEBIDA ALM2932050|AI|Active||60|10|und|2|2|Proceso Tirar Operación|DOBLADORAS|DOB.1.1.1|CSTLPRECIO|0|0|0|0|0||||1|
22000020029|2|22006061|LAMINA PLANA 4X8 ESPESOR 0.75MM|MP|Active||10|10|kg|.15371172|.15371172|Proceso Tirar Operación|CORTYPUNZ|CYP.1.1.1|CSTLPRECIO|0|0|0|0|0||||1|
22000020029|1|25060008|PARTE-LATERAL PORTA FOLDER DER. GAVETA 12PULG. ARCHIVADOR MANIJA EMBEBIDA ALM2932050|AI|Active||70|10|und|2|2|Proceso Tirar Operación|DOBLADORAS|DOB.1.1.1|CSTLPRECIO|0|0|0|0|0||||1|
22000020029|2|22006061|LAMINA PLANA 4X8 ESPESOR 0.75MM|MP|Active||10|10|kg|.15371172|.15371172|Proceso Tirar Operación|CORTYPUNZ|CYP.1.1.1|CSTLPRECIO|0|0|0|0|0||||1|
22000020029|1|25060009|PARTE-PORTA FOLDER INTERMEDIO GAVETA 12PULG. ARCHIVADOR MANIJA EMBEBIDA ALM2932060|AI|Active||80|10|und|2|2|Proceso Tirar Operación|DOBLADORAS|DOB.1.1.1|CSTLPRECIO|0|0|0|0|0||||1|
22000020029|2|22006061|LAMINA PLANA 4X8 ESPESOR 0.75MM|MP|Active||10|10|kg|.17581668|.17581668|Proceso Tirar Operación|CORTYPUNZ|CYP.1.1.1|CSTLPRECIO|0|0|0|0|0||||1|
22000020029|1|25008024|PARTE-TAPA KIT CERRADURA ARCHIVADOR LATERAL MANIJA EMBEBIDA ALM1153021|AI|Active||90|10|und|1|1|Proceso Tirar Operación|DOBLADORAS|DOB.1.1.1|CSTLPRECIO|0|0|0|0|0||||1|
22000020029|2|22007422|LAMINA PLANA GALVANIZADA 4X8 ESPESOR 0.70MM|MP|Active||10|10|kg|.0157923|.0157923|Proceso Tirar Operación|CORTYPUNZ|CYP.1.1.1|CSTLPRECIO|0|0|0|0|0||||1|
22000020029|1|25008035|PARTE-SOPORTE CERRADURA MANIJA EMBEBIDA ALM1153022|AI|Active||100|10|und|1|1|Proceso Tirar Operación|DOBLADORAS|DOB.1.1.1|CSTLPRECIO|0|0|0|0|0||||1|
22000020029|2|22007422|LAMINA PLANA GALVANIZADA 4X8 ESPESOR 0.70MM|MP|Active||10|10|kg|.02|.02|Proceso Tirar Operación|CORTYPUNZ|CYP.1.1.1|CSTLPRECIO|0|0|0|0|0||||1|
22000020029|1|25060014|PARTE-LANZA KIT CERRADURA DERECHA ARCHIVADOR 60 LATERAL MANIJA EMBEBIDA ALM2933010|AI|Active||110|10|und|1|1|Proceso Tirar Operación|DOBLADORAS|DOB.1.1.1|CSTLPRECIO|0|0|0|0|0||||1|
22000020029|2|22007422|LAMINA PLANA GALVANIZADA 4X8 ESPESOR 0.70MM|MP|Active||10|10|kg|.09947|.09947|Proceso Tirar Operación|CORTYPUNZ|CYP.1.1.1|CSTLPRECIO|0|0|0|0|0||||1|
22000020029|1|25060015|PARTE-LANZA KIT CERRADURA IZQUIERDA ARCHIVADOR 60 LATERAL MANIJA EMBEBIDA ALM2933010|AI|Active||120|10|und|1|1|Proceso Tirar Operación|DOBLADORAS|DOB.1.1.1|CSTLPRECIO|0|0|0|0|0||||1|
22000020029|2|22007422|LAMINA PLANA GALVANIZADA 4X8 ESPESOR 0.70MM|MP|Active||10|10|kg|.09947|.09947|Proceso Tirar Operación|CORTYPUNZ|CYP.1.1.1|CSTLPRECIO|0|0|0|0|0||||1|
22000020029|1|25060018|PARTE-LANZA CERRADURA H2 ARCHIVADOR LATERAL MANIJA EMBEBIDA ALM2934010|AI|Active||130|10|und|2|2|Proceso Tirar Operación|DOBLADORAS|DOB.1.1.1|CSTLPRECIO|0|0|0|0|0||||1|
22000020029|2|22007422|LAMINA PLANA GALVANIZADA 4X8 ESPESOR 0.70MM|MP|Active||10|10|kg|.15|.15|Proceso Tirar Operación|CORTYPUNZ|CYP.1.1.1|CSTLPRECIO|0|0|0|0|0||||1|
22000020029|1|25060021|PARTE-LANZA ANTIVUELCO H2 ARCHIVADOR LATERAL MANIJA EMBEBIDA ALM2935010|AI|Active||140|10|und|2|2|Proceso Tirar Operación|DOBLADORAS|DOB.1.1.1|CSTLPRECIO|0|0|0|0|0||||1|
22000020029|2|22007422|LAMINA PLANA GALVANIZADA 4X8 ESPESOR 0.70MM|MP|Active||10|10|kg|.105|.105|Proceso Tirar Operación|CORTYPUNZ|CYP.1.1.1|CSTLPRECIO|0|0|0|0|0||||1|
22000020029|1|22018768|TOPE SUJECION 23X60X5MM MPR050126|MP|Active||150|10|und|2|2|Proceso Tirar Operación|MP_WIP|EN.1.1.1|CSTLPRECIO|0|0|0|0|0||||1|
22000020029|1|23703616|JUEGO ACTUADOR ANTIVUELCO NEGRO GAVETA ARCHIVADOR LATERAL ZEN MPR050123|MP|Active||160|10|jg|2|2|Proceso Tirar Operación|MP_WIP|EN.1.1.1|CSTLPRECIO|0|0|0|0|0||||1|
22000020029|1|22018699|REMACHE POP 5-6 5/32X1/2|MP|Active||180|10|und|16|16|Proceso Tirar Operación|MP_WIP|EN.1.1.1|CSTLPRECIO|0|0|0|0|0||||1|
22000020029|1|22000212|TORNILLO AUTOROSCANTE 6 3/8 ZINCADO|MP|Active||190|10|und|14|14|Proceso Tirar Operación|MP_WIP|EN.1.1.1|CSTLPRECIO|0|0|0|0|0||||1|
22000020029|1|22000159|TORNILLO AUTOPERFORANTE CABEZA EXTRAPLANA 8 X 1/2 REF:234 ZINCADO NEGRO|MP|Active||200|10|und|4|4|Proceso Tirar Operación|MP_WIP|EN.1.1.1|CSTLPRECIO|0|0|0|0|0||||1|
22000020029|1|22009206|CARCASA KIT CERRADURA ARCHIVADOR LATERAL ALMACENAMIENTO MPR060053|MP|Active||210|10|und|1|1|Proceso Tirar Operación|MP_WIP|EN.1.1.1|CSTLPRECIO|0|0|0|0|0||||1|
22000020029|1|22000569|ANILLO CERRADURA BZ-300 BEZEL BLACK|MP|Active||220|10|und|1|1|Proceso Tirar Operación|MP_WIP|EN.1.1.1|CSTLPRECIO|0|0|0|0|0||||1|
22000020029|1|22009208|CREMALLERA CM-260 KIT CERRADURA ARCHIVADOR LATERAL ALMACENAMIENTO|MP|Active||230|10|und|2|2|Proceso Tirar Operación|MP_WIP|EN.1.1.1|CSTLPRECIO|0|0|0|0|0||||1|
22000020029|1|22009207|CILINDRO CB-159 KIT CERRADURA ARCHIVADOR LATERAL ALMACENAMIENTO|MP|Active||240|10|und|1|1|Proceso Tirar Operación|MP_WIP|EN.1.1.1|CSTLPRECIO|0|0|0|0|0||||1|
22000020029|1|22000568|CERRADURA LP-300 LOCK PLUG BLACK 100T-599T 10 EACH|MP|Active||250|10|und|1|1|Proceso Tirar Operación|MP_WIP|EN.1.1.1|CSTLPRECIO|0|0|0|0|0||||1|
22000020029|1|22000194|TORNILLO CABEZA AVELLANADA 6 X 1/2 ZINCADO|MP|Active||260|10|und|2|2|Proceso Tirar Operación|MP_WIP|EN.1.1.1|CSTLPRECIO|0|0|0|0|0||||1|
22000020029|1|22010720|TORNILLO LAMINA PAN PHILIPS 4X1/4 ZINCADO|MP|Active||270|10|und|4|4|Proceso Tirar Operación|MP_WIP|EN.1.1.1|CSTLPRECIO|0|0|0|0|0||||1|
22000020029|1|23703614|BULON PLASTICO DIAM.8.5X11.5MM MPR050124|MP|Active||280|10|und|10|10|Proceso Tirar Operación|MP_WIP|EN.1.1.1|CSTLPRECIO|0|0|0|0|0||||1|
22000020029|1|22000157|TORNILLO AUTOPERFORANTE CABEZA AVELLANADA 6 X 1 ZINCADO|MP|Active||290|10|und|10|10|Proceso Tirar Operación|MP_WIP|EN.1.1.1|CSTLPRECIO|0|0|0|0|0||||1|
22000020029|1|22014799|REMACHE AVELLANADO 5-4 NATURAL|MP|Active||300|10|und|46|46|Proceso Tirar Operación|MP_WIP|EN.1.1.1|CSTLPRECIO|0|0|0|0|0||||1|
22000020029|1|22015000|TUERCA REMACHABLE 5/16 SEMI HEXAGONAL CABEZA BAJA REF:3002056|MP|Active||310|10|und|4|4|Proceso Tirar Operación|MP_WIP|EN.1.1.1|CSTLPRECIO|0|0|0|0|0||||1|
22000020029|1|22000320|NIVELADOR 5/16 X 1 1/2 MPR080075|MP|Active||320|10|und|4|4|Proceso Tirar Operación|MP_WIP|EN.1.1.1|CSTLPRECIO|0|0|0|0|0||||1|
22000020029|1|22012018|MARQUILLA LOGOTIPO MEPAL ALUMINIO PULIDO MPR030283|MP|Active||330|10|und|1|1|Proceso Tirar Operación|MP_WIP|EN.1.1.1|CSTLPRECIO|0|0|0|0|0||||1|
22000020029|1|22018698|RIEL FULL EXTENSION 450MM 100 LIBRAS REF NJ31Q01-18 PULG|MP|Active||340|10|jg|2|2|Proceso Tirar Operación|MP_WIP|EN.1.1.1|CSTLPRECIO|0|0|0|0|0||||1|
22000020029|1|23703626|STICKER LAMINADO INDICACIONES DE USO ARCHIVADOR LATERAL|MP|Active||350|10|und|1|1|Proceso Tirar Operación|MP_WIP|EN.1.1.1|CSTLPRECIO|0|0|0|0|0||||1|
22000020029|1|22008555|GENERICO PINTURA EN POLVO MUEBLES|MP|Active||360|10|kg|.77|.77|Proceso Tirar Operación|MP_WIP|PI.1.1.1|CSTLPRECIO|0|0|0|0|0||||1|
22000020029|1|22016286|GENERICO PINTURA EN POLVO MUEBLES LADO B|MP|Active||360|10|kg|.31|.31|Proceso Tirar Operación|MP_WIP|PI.1.1.1|CSTLPRECIO|0|0|0|0|0||||1|
22000020029|1|22025251|EMPAQUE TAPA ARCHIVADOR 60CM CLAVE 620|MP|Active||380|10|und|2|2|Proceso Tirar Operación|MP_WIP|EN.1.1.1|CSTLPRECIO|0|0|0|0|0||||1|
22000020058|0|22000020058|BIBLIOTECA METALICA 2 ENTREPAÑOS CON PUERTA METALICA 101X90X50CM ALMACENAMIENTO ALM1170000||Active|||und|1|1|||...|CSTLPRECIO|0|0|0|0|0|||||
22000020058|1|22012018|MARQUILLA LOGOTIPO MEPAL ALUMINIO PULIDO MPR030283|MP|Active||5|10|und|1|1|Proceso Tirar Operación|MP_WIP|EN.1.1.1|CSTLPRECIO|0|0|0|0|0||||1|
22000020058|1|25020860|ARMADA-CORAZA DE 90CM H3 PROF. 50CM BIBLOTECA ZEN CON NAVES ALM1171000|AI|Active||10|10|und|1|1|Proceso Tirar Operación|SOLDADURA|SOL.1.1.1|CSTLPRECIO|0|0|0|0|0||||1|
22000020058|2|25020874|PARTE-CUERPO COSTADO DERECHO CORAZA ARCHIVADOR H3X90CM PROF. 50CM ALM1151011|AI|Active||10|10|und|1|1|Proceso Tirar Operación|DOBLADORAS|DOB.1.1.1|CSTLPRECIO|0|0|0|0|0||||1|
22000020058|3|22006061|LAMINA PLANA 4X8 ESPESOR 0.75MM|MP|Active||10|10|kg|7.175689528|7.175689528|Proceso Tirar Operación|CORTYPUNZ|CYP.1.1.1|CSTLPRECIO|0|0|0|0|0||||1|
22000020058|2|25020875|PARTE-CUERPO COSTADO IZQUIERDO CORAZA ARCHIVADOR H3X90CM PROF. 50CM ALM1151011|AI|Active||20|10|und|1|1|Proceso Tirar Operación|DOBLADORAS|DOB.1.1.1|CSTLPRECIO|0|0|0|0|0||||1|
22000020058|3|22006061|LAMINA PLANA 4X8 ESPESOR 0.75MM|MP|Active||10|10|kg|7.175689528|7.175689528|Proceso Tirar Operación|CORTYPUNZ|CYP.1.1.1|CSTLPRECIO|0|0|0|0|0||||1|
22000020058|2|25020913|PARTE-TAPA SUPERIOR CORAZA DE 90CM PROF. 50CM BIBLIOTECA ZEN NAVES ALM1171010|AI|Active||30|10|und|1|1|Proceso Tirar Operación|DOBLADORAS|DOB.1.1.1|CSTLPRECIO|0|0|0|0|0||||1|
22000020058|3|22006061|LAMINA PLANA 4X8 ESPESOR 0.75MM|MP|Active||10|10|kg|4.51927593|4.51927593|Proceso Tirar Operación|CORTYPUNZ|CYP.1.1.1|CSTLPRECIO|0|0|0|0|0||||1|
22000020058|2|25020854|PARTE-FALSO COSTADO DE H3 PROF. 50CM CORAZA BIBLIOTECA ZEN CON NAVES ALM1171040|AI|Active||40|10|und|2|2|Proceso Tirar Operación|DOBLADORAS|DOB.1.1.1|CSTLPRECIO|0|0|0|0|0||||1|
22000020058|3|22006061|LAMINA PLANA 4X8 ESPESOR 0.75MM|MP|Active||10|10|kg|3.59393459|3.59393459|Proceso Tirar Operación|CORTYPUNZ|CYP.1.1.1|CSTLPRECIO|0|0|0|0|0||||1|
22000020058|2|25113832|PARTE-REFUERZO INFERIOR DE 90CM CORAZA ARCHIVADOR LATERAL ALM2931030|AI|Active||50|10|und|2|2|Proceso Tirar Operación|TRONZSILLA|TRS.1.1.1|CSTLPRECIO|0|0|0|0|0||||1|
22000020058|3|22000914|TUBO RECTANGULAR  DE 20MM X 40MM 6000MM CALIBRE 20|MP|Active||10|10|und|.166666667|.166666667|Proceso Tirar Operación|TRONZSILLA|MTS.1.1.1|CSTLPRECIO|0|0|0|0|0||||1|
22000020058|2|25020918|PARTE-TAPA TRASERA DE 90CM H3 CORAZA BIBLIOTECA ZEN CON NAVES ALM1171030|AI|Active||65|10|und|1|1|Proceso Tirar Operación|DOBLADORAS|DOB.1.1.1|CSTLPRECIO|0|0|0|0|0||||1|
22000020058|3|22006061|LAMINA PLANA 4X8 ESPESOR 0.75MM|MP|Active||10|10|kg|6.0919914|6.0919914|Proceso Tirar Operación|CORTYPUNZ|CYP.1.1.1|CSTLPRECIO|0|0|0|0|0||||1|
22000020058|2|25020925|PARTE-BASE CORAZA DE 90CM PROF. 50CM BIBLOTECA ZEN CON NAVES ALM1171020|AI|Active||70|10|und|1|1|Proceso Tirar Operación|DOBLADORAS|DOB.1.1.1|CSTLPRECIO|0|0|0|0|0||||1|
22000020058|3|22006061|LAMINA PLANA 4X8 ESPESOR 0.75MM|MP|Active||10|10|kg|4.33283355|4.33283355|Proceso Tirar Operación|CORTYPUNZ|CYP.1.1.1|CSTLPRECIO|0|0|0|0|0||||1|
22000020058|1|25008140|ARMADA-ENTREPAÑO 90CM PROF. 50CM BIBLIOTECA ALMACENAMIENTO ALM1172000|AI|Active||20|10|und|2|2|Proceso Tirar Operación|SOLDADURA|SOL.1.1.1|CSTLPRECIO|0|0|0|0|0||||1|
22000020058|2|25008144|PARTE-CUERPO ENTREPAÑO 90CM PROF. 50CM BIBLIOTECA ALMACENAMIENTO ALM1172010|AI|Active||10|30|und|1|1|Proceso Tirar Operación|DOBLADORAS|DOB.1.1.1|CSTLPRECIO|0|0|0|0|0||||1|
22000020058|3|22006037|LAMINA PLANA 4X8 ESPESOR 0.9MM|MP|Active||10|10|kg|3.439942891|3.439942891|Proceso Tirar Operación|CORTYPUNZ|CYP.1.1.1|CSTLPRECIO|0|0|0|0|0||||1|
22000020058|2|25008166|PARTE-REFUERZO ENTREPAÑO 90CM BIBLIOTECA ALMACENAMIENTO ALM1172020|AI|Active||20|30|und|2|2|Proceso Tirar Operación|DOBLADORAS|DOB.1.1.1|CSTLPRECIO|0|0|0|0|0||||1|
22000020058|3|22006037|LAMINA PLANA 4X8 ESPESOR 0.9MM|MP|Active||10|10|kg|.462273201|.462273201|Proceso Tirar Operación|CORTYPUNZ|CYP.1.1.1|CSTLPRECIO|0|0|0|0|0||||1|
22000020058|1|25021295|PARTE-NAVE CERRADURA DERECHA H3X900MM BIBLIOTECA ALMACENAMIENTO ALM1173011|AI|Active||30|10|und|1|1|Proceso Tirar Operación|SOLDADURA|SOL.1.1.1|CSTLPRECIO|0|0|0|0|0||||1|
22000020058|2|22006061|LAMINA PLANA 4X8 ESPESOR 0.75MM|MP|Active||10|10|kg|4.79|4.79|Proceso Tirar Operación|CORTYPUNZ|CYP.1.1.1|CSTLPRECIO|0|0|0|0|0||||1|
22000020058|1|25021301|ARMADA-NAVE IZQUIERDA H3X900MM BIBLIOTECA ALMACENAMIENTO ZEN ALM1174010|AI|Active||40|10|und|1|1|Proceso Tirar Operación|SOLDADURA|SOL.1.1.1|CSTLPRECIO|0|0|0|0|0||||1|
22000020058|2|25022316|PARTE-CUERPO NAVE IZQUIERDA H3X900MM BIBLIOTECA ALMACENAMIENTO ZEN ALM1174011|AI|Active||10|10|und|1|1|Proceso Tirar Operación|DOBLADORAS|DOB.1.1.1|CSTLPRECIO|0|0|0|0|0||||1|
22000020058|3|22006061|LAMINA PLANA 4X8 ESPESOR 0.75MM|MP|Active||10|10|kg|5.03|5.03|Proceso Tirar Operación|CORTYPUNZ|CYP.1.1.1|CSTLPRECIO|0|0|0|0|0||||1|
22000020058|2|25110762|PARTE-TRASLAPE H3 NAVE IZQUIERDA ALM1174013|AI|Active||20|10|und|1|1|Proceso Tirar Operación|DOBLADORAS|DOB.1.1.1|CSTLPRECIO|0|0|0|0|0||||1|
22000020058|3|22006061|LAMINA PLANA 4X8 ESPESOR 0.75MM|MP|Active||10|10|kg|.18|.18|Proceso Tirar Operación|CORTYPUNZ|CYP.1.1.1|CSTLPRECIO|0|0|0|0|0||||1|
22000020058|1|22000575|CUERPO CYLINDER BODY CB-280 TYPE 280|MP|Active||50|10|und|1|1|Proceso Tirar Operación|MP_WIP|EN.1.1.1|CSTLPRECIO|0|0|0|0|0||||1|
22000020058|1|22000569|ANILLO CERRADURA BZ-300 BEZEL BLACK|MP|Active||60|10|und|1|1|Proceso Tirar Operación|MP_WIP|EN.1.1.1|CSTLPRECIO|0|0|0|0|0||||1|
22000020058|1|22000568|CERRADURA LP-300 LOCK PLUG BLACK 100T-599T 10 EACH|MP|Active||70|10|und|1|1|Proceso Tirar Operación|MP_WIP|EN.1.1.1|CSTLPRECIO|0|0|0|0|0||||1|
22000020058|1|22000248|TORNILLO DE 6 X 5/8 CCPH PRIVILEGIO ZN|MP|Active||80|10|und|2|2|Proceso Tirar Operación|MP_WIP|EN.1.1.1|CSTLPRECIO|0|0|0|0|0||||1|
22000020058|1|22000159|TORNILLO AUTOPERFORANTE CABEZA EXTRAPLANA 8 X 1/2 REF:234 ZINCADO NEGRO|MP|Active||95|10|und|24|24|Proceso Tirar Operación|MP_WIP|EN.1.1.1|CSTLPRECIO|0|0|0|0|0||||1|
22000020058|1|22021065|BISAGRA PUSH INTERIOR - 35MM REF:HBM544-03 TIPMATIC (EL PAR TIENE 2 UNIDADES)|MP|Active||100|10|par|2|2|Proceso Tirar Operación|MP_WIP|EN.1.1.1|CSTLPRECIO|0|0|0|0|0||||1|
22000020058|1|25021271|PARTE-SOPORTE ENTREPAÑO PROF. 50CM BIBLIOTECA ALMACENAMIENTO ZEN ALM1170010|AI|Active||150|10|und|4|4|Proceso Tirar Operación|DOBLADORAS|DOB.1.1.1|CSTLPRECIO|0|0|0|0|0||||1|
22000020058|2|22008932|LAMINA PLANA CR 4X8  ESPESOR 1.50MM|MP|Active||10|10|kg|.17857813|.17857813|Proceso Tirar Operación|CORTYPUNZ|CYP.1.1.1|CSTLPRECIO|0|0|0|0|0||||1|
22000020058|1|22015000|TUERCA REMACHABLE 5/16 SEMI HEXAGONAL CABEZA BAJA REF:3002056|MP|Active||160|10|und|4|4|Proceso Tirar Operación|MP_WIP|EN.1.1.1|CSTLPRECIO|0|0|0|0|0||||1|
22000020058|1|22000552|NIVELADOR DE 5/16 X 3/4 MPR080076|MP|Active||170|10|und|4|4|Proceso Tirar Operación|MP_WIP|EN.1.1.1|CSTLPRECIO|0|0|0|0|0||||1|
22000020058|1|22008555|GENERICO PINTURA EN POLVO MUEBLES|MP|Active||180|10|kg|1.4234|1.4234|Proceso Tirar Operación|MP_WIP|PI.1.1.1|CSTLPRECIO|0|0|0|0|0||||1|
22000020058|1|22025250|EMPAQUE TAPA ARCHIVADOR 90CM CLAVE 620|MP|Active||330|10|und|2|2|Proceso Tirar Operación|MP_WIP|EN.1.1.1|CSTLPRECIO|0|0|0|0|0||||1|
22000020058|1|25039376|PARTE-COMPLEMENTO BIBLIOTECA ZEN CON NAVES ALM1175010|AI|Active||350|10|und|1|1|Proceso Tirar Operación|DOBLADORAS|DOB.1.1.1|CSTLPRECIO|0|0|0|0|0||||1|
22000020058|2|22006027|LAMINA PLANA 4X8 ESPESOR 1.20MM|MP|Active||10|10|kg|.294764642|.294764642|Proceso Tirar Operación|CORTYPUNZ|CYP.1.1.1|CSTLPRECIO|0|0|0|0|0||||1|
22000020058|1|22013087|VAIVÉN DE PRESIÓN PUSH HÄFELE REF:329-44-501|MP|Active||360|10|und|2|2|Proceso Tirar Operación|MP_WIP|EN.1.1.1|CSTLPRECIO|0|0|0|0|0||||1|
22000020058|1|22000185|REMACHE POP 4-3|MP|Active||370|10|und|4|4|Proceso Tirar Operación|MP_WIP|EN.1.1.1|CSTLPRECIO|0|0|0|0|0||||1|
22000020058|1|22013088|PIEZA DE CIERRE PUSH HÄFELE REF 329-44-532|MP|Active||380|10|und|2|2|Proceso Tirar Operación|MP_WIP|EN.1.1.1|CSTLPRECIO|0|0|0|0|0||||1|
22000020060|0|22000020060|BIBLIOTECA METALICA 1 ENTREPAÑO CON PUERTA METALICA 71X90X50CM ALMACENAMIENTO ALM1170000||Active|||und|1|1|||...|CSTLPRECIO|0|0|0|0|0|||||
22000020060|1|22012018|MARQUILLA LOGOTIPO MEPAL ALUMINIO PULIDO MPR030283|MP|Active||5|10|und|1|1|Proceso Tirar Operación|MP_WIP|EN.1.1.1|CSTLPRECIO|0|0|0|0|0||||1|
22000020060|1|25020859|ARMADA-CORAZA DE 90CM H2 PROF. 50CM BIBLOTECA ZEN CON NAVES ALM1171000|AI|Active||10|10|und|1|1|Proceso Tirar Operación|SOLDADURA|SOL.1.1.1|CSTLPRECIO|0|0|0|0|0||||1|
22000020060|2|25020870|PARTE-CUERPO COSTADO DERECHO CORAZA ARCHIVADOR H2X90CM PROF. 50CM ALM1151011|AI|Active||10|10|und|1|1|Proceso Tirar Operación|DOBLADORAS|DOB.1.1.1|CSTLPRECIO|0|0|0|0|0||||1|
22000020060|3|22006061|LAMINA PLANA 4X8 ESPESOR 0.75MM|MP|Active||10|10|kg|4.991784019|4.991784019|Proceso Tirar Operación|CORTYPUNZ|CYP.1.1.1|CSTLPRECIO|0|0|0|0|0||||1|
22000020060|2|25020871|PARTE-CUERPO COSTADO IZQUIERDO CORAZA ARCHIVADOR H2X90CM PROF. 50CM ALM1151011|AI|Active||20|10|und|1|1|Proceso Tirar Operación|DOBLADORAS|DOB.1.1.1|CSTLPRECIO|0|0|0|0|0||||1|
22000020060|3|22006061|LAMINA PLANA 4X8 ESPESOR 0.75MM|MP|Active||10|10|kg|4.991784019|4.991784019|Proceso Tirar Operación|CORTYPUNZ|CYP.1.1.1|CSTLPRECIO|0|0|0|0|0||||1|
22000020060|2|25020913|PARTE-TAPA SUPERIOR CORAZA DE 90CM PROF. 50CM BIBLIOTECA ZEN NAVES ALM1171010|AI|Active||30|10|und|1|1|Proceso Tirar Operación|DOBLADORAS|DOB.1.1.1|CSTLPRECIO|0|0|0|0|0||||1|
22000020060|3|22006061|LAMINA PLANA 4X8 ESPESOR 0.75MM|MP|Active||10|10|kg|4.51927593|4.51927593|Proceso Tirar Operación|CORTYPUNZ|CYP.1.1.1|CSTLPRECIO|0|0|0|0|0||||1|
22000020060|2|25020853|PARTE-FALSO COSTADO DE H2 PROF. 50CM CORAZA BIBLIOTECA ZEN CON NAVES ALM1171040|AI|Active||40|10|und|2|2|Proceso Tirar Operación|DOBLADORAS|DOB.1.1.1|CSTLPRECIO|0|0|0|0|0||||1|
22000020060|3|22006061|LAMINA PLANA 4X8 ESPESOR 0.75MM|MP|Active||10|10|kg|2.43967823|2.43967823|Proceso Tirar Operación|CORTYPUNZ|CYP.1.1.1|CSTLPRECIO|0|0|0|0|0||||1|
22000020060|2|25113832|PARTE-REFUERZO INFERIOR DE 90CM CORAZA ARCHIVADOR LATERAL ALM2931030|AI|Active||50|10|und|2|2|Proceso Tirar Operación|TRONZSILLA|TRS.1.1.1|CSTLPRECIO|0|0|0|0|0||||1|
22000020060|3|22000914|TUBO RECTANGULAR  DE 20MM X 40MM 6000MM CALIBRE 20|MP|Active||10|10|und|.166666667|.166666667|Proceso Tirar Operación|TRONZSILLA|MTS.1.1.1|CSTLPRECIO|0|0|0|0|0||||1|
22000020060|2|25020917|PARTE-TAPA TRASERA DE 90CM H2 CORAZA BIBLIOTECA ZEN CON NAVES ALM1171030|AI|Active||60|10|und|1|1|Proceso Tirar Operación|DOBLADORAS|DOB.1.1.1|CSTLPRECIO|0|0|0|0|0||||1|
22000020060|3|22006061|LAMINA PLANA 4X8 ESPESOR 0.75MM|MP|Active||10|10|kg|4.12908698|4.12908698|Proceso Tirar Operación|CORTYPUNZ|CYP.1.1.1|CSTLPRECIO|0|0|0|0|0||||1|
22000020060|2|25020925|PARTE-BASE CORAZA DE 90CM PROF. 50CM BIBLOTECA ZEN CON NAVES ALM1171020|AI|Active||70|10|und|1|1|Proceso Tirar Operación|DOBLADORAS|DOB.1.1.1|CSTLPRECIO|0|0|0|0|0||||1|
22000020060|3|22006061|LAMINA PLANA 4X8 ESPESOR 0.75MM|MP|Active||10|10|kg|4.33283355|4.33283355|Proceso Tirar Operación|CORTYPUNZ|CYP.1.1.1|CSTLPRECIO|0|0|0|0|0||||1|
22000020060|1|25008140|ARMADA-ENTREPAÑO 90CM PROF. 50CM BIBLIOTECA ALMACENAMIENTO ALM1172000|AI|Active||20|10|und|1|1|Proceso Tirar Operación|SOLDADURA|SOL.1.1.1|CSTLPRECIO|0|0|0|0|0||||1|
22000020060|2|25008144|PARTE-CUERPO ENTREPAÑO 90CM PROF. 50CM BIBLIOTECA ALMACENAMIENTO ALM1172010|AI|Active||10|30|und|1|1|Proceso Tirar Operación|DOBLADORAS|DOB.1.1.1|CSTLPRECIO|0|0|0|0|0||||1|
22000020060|3|22006037|LAMINA PLANA 4X8 ESPESOR 0.9MM|MP|Active||10|10|kg|3.439942891|3.439942891|Proceso Tirar Operación|CORTYPUNZ|CYP.1.1.1|CSTLPRECIO|0|0|0|0|0||||1|
22000020060|2|25008166|PARTE-REFUERZO ENTREPAÑO 90CM BIBLIOTECA ALMACENAMIENTO ALM1172020|AI|Active||20|30|und|2|2|Proceso Tirar Operación|DOBLADORAS|DOB.1.1.1|CSTLPRECIO|0|0|0|0|0||||1|
22000020060|3|22006037|LAMINA PLANA 4X8 ESPESOR 0.9MM|MP|Active||10|10|kg|.462273201|.462273201|Proceso Tirar Operación|CORTYPUNZ|CYP.1.1.1|CSTLPRECIO|0|0|0|0|0||||1|
22000020060|1|25021293|PARTE-NAVE CERRADURA DERECHA H2X900MM BIBLIOTECA ALMACENAMIENTO ALM1173011|AI|Active||30|10|und|1|1|Proceso Tirar Operación|SOLDADURA|SOL.1.1.1|CSTLPRECIO|0|0|0|0|0||||1|
22000020060|2|22006061|LAMINA PLANA 4X8 ESPESOR 0.75MM|MP|Active||10|10|kg|3.36|3.36|Proceso Tirar Operación|CORTYPUNZ|CYP.1.1.1|CSTLPRECIO|0|0|0|0|0||||1|
22000020060|1|25021299|ARMADA-NAVE IZQUIERDA H2X900MM BIBLIOTECA ALMACENAMIENTO ZEN ALM1174010|AI|Active||40|10|und|1|1|Proceso Tirar Operación|SOLDADURA|SOL.1.1.1|CSTLPRECIO|0|0|0|0|0||||1|
22000020060|2|25022314|PARTE-CUERPO NAVE IZQUIERDA H2X900MM BIBLIOTECA ALMACENAMIENTO ZEN ALM1174011|AI|Active||10|10|und|1|1|Proceso Tirar Operación|DOBLADORAS|DOB.1.1.1|CSTLPRECIO|0|0|0|0|0||||1|
22000020060|3|22006061|LAMINA PLANA 4X8 ESPESOR 0.75MM|MP|Active||10|10|kg|3.6|3.6|Proceso Tirar Operación|CORTYPUNZ|CYP.1.1.1|CSTLPRECIO|0|0|0|0|0||||1|
22000020060|2|25110761|PARTE-TRASLAPE H2 NAVE IZQUIERDA ALM1174013|AI|Active||20|10|und|1|1|Proceso Tirar Operación|DOBLADORAS|DOB.1.1.1|CSTLPRECIO|0|0|0|0|0||||1|
22000020060|3|22006061|LAMINA PLANA 4X8 ESPESOR 0.75MM|MP|Active||10|10|kg|.12|.12|Proceso Tirar Operación|CORTYPUNZ|CYP.1.1.1|CSTLPRECIO|0|0|0|0|0||||1|
22000020060|1|22000575|CUERPO CYLINDER BODY CB-280 TYPE 280|MP|Active||50|10|und|1|1|Proceso Tirar Operación|MP_WIP|EN.1.1.1|CSTLPRECIO|0|0|0|0|0||||1|
22000020060|1|22000569|ANILLO CERRADURA BZ-300 BEZEL BLACK|MP|Active||60|10|und|1|1|Proceso Tirar Operación|MP_WIP|EN.1.1.1|CSTLPRECIO|0|0|0|0|0||||1|
22000020060|1|22000568|CERRADURA LP-300 LOCK PLUG BLACK 100T-599T 10 EACH|MP|Active||70|10|und|1|1|Proceso Tirar Operación|MP_WIP|EN.1.1.1|CSTLPRECIO|0|0|0|0|0||||1|
22000020060|1|22000159|TORNILLO AUTOPERFORANTE CABEZA EXTRAPLANA 8 X 1/2 REF:234 ZINCADO NEGRO|MP|Active||71|10|und|24|24|Proceso Tirar Operación|MP_WIP|EN.1.1.1|CSTLPRECIO|0|0|0|0|0||||1|
22000020060|1|22000248|TORNILLO DE 6 X 5/8 CCPH PRIVILEGIO ZN|MP|Active||80|10|und|2|2|Proceso Tirar Operación|MP_WIP|EN.1.1.1|CSTLPRECIO|0|0|0|0|0||||1|
22000020060|1|22021065|BISAGRA PUSH INTERIOR - 35MM REF:HBM544-03 TIPMATIC (EL PAR TIENE 2 UNIDADES)|MP|Active||100|10|par|2|2|Proceso Tirar Operación|MP_WIP|EN.1.1.1|CSTLPRECIO|0|0|0|0|0||||1|
22000020060|1|25021271|PARTE-SOPORTE ENTREPAÑO PROF. 50CM BIBLIOTECA ALMACENAMIENTO ZEN ALM1170010|AI|Active||150|10|und|2|2|Proceso Tirar Operación|DOBLADORAS|DOB.1.1.1|CSTLPRECIO|0|0|0|0|0||||1|
22000020060|2|22008932|LAMINA PLANA CR 4X8  ESPESOR 1.50MM|MP|Active||10|10|kg|.17857813|.17857813|Proceso Tirar Operación|CORTYPUNZ|CYP.1.1.1|CSTLPRECIO|0|0|0|0|0||||1|
22000020060|1|22015000|TUERCA REMACHABLE 5/16 SEMI HEXAGONAL CABEZA BAJA REF:3002056|MP|Active||160|10|und|4|4|Proceso Tirar Operación|MP_WIP|EN.1.1.1|CSTLPRECIO|0|0|0|0|0||||1|
22000020060|1|22000552|NIVELADOR DE 5/16 X 3/4 MPR080076|MP|Active||170|10|und|4|4|Proceso Tirar Operación|MP_WIP|EN.1.1.1|CSTLPRECIO|0|0|0|0|0||||1|
22000020060|1|22008555|GENERICO PINTURA EN POLVO MUEBLES|MP|Active||180|10|kg|1.0659|1.0659|Proceso Tirar Operación|MP_WIP|PI.1.1.1|CSTLPRECIO|0|0|0|0|0||||1|
22000020060|1|22025250|EMPAQUE TAPA ARCHIVADOR 90CM CLAVE 620|MP|Active||330|10|und|2|2|Proceso Tirar Operación|MP_WIP|EN.1.1.1|CSTLPRECIO|0|0|0|0|0||||1|
22000020060|1|25039376|PARTE-COMPLEMENTO BIBLIOTECA ZEN CON NAVES ALM1175010|AI|Active||350|10|und|1|1|Proceso Tirar Operación|DOBLADORAS|DOB.1.1.1|CSTLPRECIO|0|0|0|0|0||||1|
22000020060|2|22006027|LAMINA PLANA 4X8 ESPESOR 1.20MM|MP|Active||10|10|kg|.294764642|.294764642|Proceso Tirar Operación|CORTYPUNZ|CYP.1.1.1|CSTLPRECIO|0|0|0|0|0||||1|
22000020060|1|22013087|VAIVÉN DE PRESIÓN PUSH HÄFELE REF:329-44-501|MP|Active||360|10|und|2|2|Proceso Tirar Operación|MP_WIP|EN.1.1.1|CSTLPRECIO|0|0|0|0|0||||1|
22000020060|1|22000185|REMACHE POP 4-3|MP|Active||370|10|und|4|4|Proceso Tirar Operación|MP_WIP|EN.1.1.1|CSTLPRECIO|0|0|0|0|0||||1|
22000020060|1|22013088|PIEZA DE CIERRE PUSH HÄFELE REF 329-44-532|MP|Active||380|10|und|2|2|Proceso Tirar Operación|MP_WIP|EN.1.1.1|CSTLPRECIO|0|0|0|0|0||||1|
22000020547|0|22000020547|PEDESTAL FIJO RIEL EXTENSION PARCIAL 2 GAVETAS 1 ARCHIVO FRENTE METALICO MANIJA EMBEBIDA 71X40X50CM ALMACENAMIENTO ALM1000000|AI|Active|||und|1|1|||...|CSTLPRECIO|0|0|0|0|0|||||
22000020547|1|22012018|MARQUILLA LOGOTIPO MEPAL ALUMINIO PULIDO MPR030283|MP|Active||5|10|und|1|1|Proceso Tirar Operación|MP_WIP|EN.1.1.1|CSTLPRECIO|0|0|0|0|0||||1|
22000020547|1|22008868|CORREDERA SPAR 45cm NEGRO S/T CS45/N  HRS120-45|MP|Active||40|10|jg|2|2|Proceso Tirar Operación|MP_WIP|EN.1.1.1|CSTLPRECIO|0|0|0|0|0||||1|
22000020547|1|22007935|RIEL REPON BAYONETA  45CM 75LB HRE126-45|MP|Active||50|10|jg|1|1|Proceso Tirar Operación|MP_WIP|EN.1.1.1|CSTLPRECIO|0|0|0|0|0||||1|
22000020547|1|22000212|TORNILLO AUTOROSCANTE 6 3/8 ZINCADO|MP|Active||60|10|und|18|18|Proceso Tirar Operación|MP_WIP|EN.1.1.1|CSTLPRECIO|0|0|0|0|0||||1|
22000020547|1|22000197|TORNILLO CABEZA EXTRAPLANA 8 X 3/4 REF: S6075 ZINCADO|MP|Active||70|10|und|4|4|Proceso Tirar Operación|MP_WIP|EN.1.1.1|CSTLPRECIO|0|0|0|0|0||||1|
22000020547|1|23703614|BULON PLASTICO DIAM.8.5X11.5MM MPR050124|MP|Active||80|10|und|3|3|Proceso Tirar Operación|MP_WIP|EN.1.1.1|CSTLPRECIO|0|0|0|0|0||||1|
22000020547|1|22000248|TORNILLO DE 6 X 5/8 CCPH PRIVILEGIO ZN|MP|Active||90|10|und|3|3|Proceso Tirar Operación|MP_WIP|EN.1.1.1|CSTLPRECIO|0|0|0|0|0||||1|
22000020547|1|22015000|TUERCA REMACHABLE 5/16 SEMI HEXAGONAL CABEZA BAJA REF:3002056|MP|Active||100|10|und|4|4|Proceso Tirar Operación|MP_WIP|EN.1.1.1|CSTLPRECIO|0|0|0|0|0||||1|
22000020547|1|22014799|REMACHE AVELLANADO 5-4 NATURAL|MP|Active||110|10|und|33|33|Proceso Tirar Operación|MP_WIP|EN.1.1.1|CSTLPRECIO|0|0|0|0|0||||1|
22000020547|1|22000569|ANILLO CERRADURA BZ-300 BEZEL BLACK|MP|Active||140|10|und|1|1|Proceso Tirar Operación|MP_WIP|EN.1.1.1|CSTLPRECIO|0|0|0|0|0||||1|
22000020547|1|22000568|CERRADURA LP-300 LOCK PLUG BLACK 100T-599T 10 EACH|MP|Active||150|10|und|1|1|Proceso Tirar Operación|MP_WIP|EN.1.1.1|CSTLPRECIO|0|0|0|0|0||||1|
22000020547|1|22000576|CUERPO CYLINDER BODY CB-101|MP|Active||160|10|und|1|1|Proceso Tirar Operación|MP_WIP|EN.1.1.1|CSTLPRECIO|0|0|0|0|0||||1|
22000020547|1|22000297|AMORTGUAD POLIU CRISTAL 8.5MM X 2.2MM X 24 UNDS|MP|Active||170|10|und|6|6|Proceso Tirar Operación|MP_WIP|EN.1.1.1|CSTLPRECIO|0|0|0|0|0||||1|
22000020547|1|22000553|NIVELADOR BASE 40 5/16X1 1/2  NEGRO MPR090289|MP|Active||180|10|und|4|4|Proceso Tirar Operación|MP_WIP|EN.1.1.1|CSTLPRECIO|0|0|0|0|0||||1|
22000020547|1|22008555|GENERICO PINTURA EN POLVO MUEBLES|MP|Active||210|10|kg|.6|.6|Proceso Tirar Operación|MP_WIP|PI.1.1.1|CSTLPRECIO|0|0|0|0|0||||1|
22000020547|1|22016286|GENERICO PINTURA EN POLVO MUEBLES LADO B|MP|Active||215|10|kg|.4|.4|Proceso Tirar Operación|MP_WIP|PI.1.1.1|CSTLPRECIO|0|0|0|0|0||||1|
22000020547|1|22025249|EMPAQUE TAPA PEDESTAL 528X418X70 CLAVE 450|MP|Active||240|10|und|2|2|Proceso Tirar Operación|MP_WIP|EN.1.1.1|CSTLPRECIO|0|0|0|0|0||||1|
22000020547|1|25021974|ARMADA-CORAZA PEDESTAL FIJO ZEN ALM1001000|AI|Active||260|10|und|1|1|Proceso Tirar Operación|SOLDADURA|SOL.1.1.1|CSTLPRECIO|0|0|0|0|0||||1|
22000020547|2|25021968|PARTE-CUERPO CORAZA PEDESTAL FIJO ZEN ALM1001010|AI|Active||10|10|und|1|1|Proceso Tirar Operación|DOBLADORAS|DOB.1.1.1|CSTLPRECIO|0|0|0|0|0||||1|
22000020547|3|22006061|LAMINA PLANA 4X8 ESPESOR 0.75MM|MP|Active||10|10|kg|8.11|8.11|Proceso Tirar Operación|CORTYPUNZ|CYP.1.1.1|CSTLPRECIO|0|0|0|0|0||||1|
22000020547|2|25021969|PARTE-PUENTE INFERIOR CORAZA PEDESTAL FIJO ZEN ALM1001020|AI|Active||20|10|und|1|1|Proceso Tirar Operación|DOBLADORAS|DOB.1.1.1|CSTLPRECIO|0|0|0|0|0||||1|
22000020547|3|22006061|LAMINA PLANA 4X8 ESPESOR 0.75MM|MP|Active||10|10|kg|.27|.27|Proceso Tirar Operación|CORTYPUNZ|CYP.1.1.1|CSTLPRECIO|0|0|0|0|0||||1|
22000020547|2|25021970|PARTE-REFUERZO RIEL DERECHO CORAZA PEDESTAL FIJO ZEN ALM1001030|AI|Active||30|10|und|1|1|Proceso Tirar Operación|DOBLADORAS|DOB.1.1.1|CSTLPRECIO|0|0|0|0|0||||1|
22000020547|3|22006061|LAMINA PLANA 4X8 ESPESOR 0.75MM|MP|Active||10|10|kg|.54|.54|Proceso Tirar Operación|CORTYPUNZ|CYP.1.1.1|CSTLPRECIO|0|0|0|0|0||||1|
22000020547|2|25059363|PARTE-REFUERZO RIEL IZQUIERDO CORAZA PEDESTAL FIJO ZEN ALM1001030|AI|Active||40|10|und|1|1|Proceso Tirar Operación|DOBLADORAS|DOB.1.1.1|CSTLPRECIO|0|0|0|0|0||||1|
22000020547|3|22006061|LAMINA PLANA 4X8 ESPESOR 0.75MM|MP|Active||10|10|kg|.54|.54|Proceso Tirar Operación|CORTYPUNZ|CYP.1.1.1|CSTLPRECIO|0|0|0|0|0||||1|
22000020547|2|25021971|PARTE-SOBREPUENTE CERRADURA CORAZA PEDESTAL FIJO ZEN ALM1001050|AI|Active||50|10|und|1|1|Proceso Tirar Operación|DOBLADORAS|DOB.1.1.1|CSTLPRECIO|0|0|0|0|0||||1|
22000020547|3|22006061|LAMINA PLANA 4X8 ESPESOR 0.75MM|MP|Active||10|10|kg|.35|.35|Proceso Tirar Operación|CORTYPUNZ|CYP.1.1.1|CSTLPRECIO|0|0|0|0|0||||1|
22000020547|2|25021972|PARTE-PUENTE CORAZA PEDESTAL ZEN ALM1001060|AI|Active||60|10|und|2|2|Proceso Tirar Operación|DOBLADORAS|DOB.1.1.1|CSTLPRECIO|0|0|0|0|0||||1|
22000020547|3|22006061|LAMINA PLANA 4X8 ESPESOR 0.75MM|MP|Active||10|10|kg|.24243519|.24243519|Proceso Tirar Operación|CORTYPUNZ|CYP.1.1.1|CSTLPRECIO|0|0|0|0|0||||1|
22000020547|1|25063682|PARTE-TRAMPA PARA BULON PLASTICO PEDESTAL FIJO MOVIL Y CAJONERA ZEN ALM1007010|AI|Active||270|10|und|1|1|Proceso Tirar Operación|DOBLADORAS|DOB.1.1.1|CSTLPRECIO|0|0|0|0|0||||1|
22000020547|2|22007422|LAMINA PLANA GALVANIZADA 4X8 ESPESOR 0.70MM|MP|Active||10|10|kg|.2175|.2175|Proceso Tirar Operación|CORTYPUNZ|CYP.1.1.1|CSTLPRECIO|0|0|0|0|0||||1|
22000020547|1|25021976|PARTE-FRENTE MANIJA EMBEBIDA DE 6PULG GAVETA SENCILLA PEDESTAL ZEN ALM1003030|AI|Active||290|10|und|2|2|Proceso Tirar Operación|DOBLADORAS|DOB.1.1.1|CSTLPRECIO|0|0|0|0|0||||1|
22000020547|2|22006061|LAMINA PLANA 4X8 ESPESOR 0.75MM|MP|Active||10|10|kg|1.1|1.1|Proceso Tirar Operación|CORTYPUNZ|CYP.1.1.1|CSTLPRECIO|0|0|0|0|0||||1|
22000020547|1|25019684|PARTE-CUERPO GAVETA SENCILLA PEDESTAL ZEN ALM1003010|AI|Active||300|10|und|2|2|Proceso Tirar Operación|DOBLADORAS|DOB.1.1.1|CSTLPRECIO|0|0|0|0|0||||1|
22000020547|2|22006061|LAMINA PLANA 4X8 ESPESOR 0.75MM|MP|Active||10|10|kg|1.92|1.92|Proceso Tirar Operación|CORTYPUNZ|CYP.1.1.1|CSTLPRECIO|0|0|0|0|0||||1|
22000020547|1|25019685|PARTE-TRASERO GAVETA SENCILLA PEDESTAL ZEN ALM1003020|AI|Active||310|10|und|2|2|Proceso Tirar Operación|DOBLADORAS|DOB.1.1.1|CSTLPRECIO|0|0|0|0|0||||1|
22000020547|2|22006061|LAMINA PLANA 4X8 ESPESOR 0.75MM|MP|Active||10|10|kg|.34|.34|Proceso Tirar Operación|CORTYPUNZ|CYP.1.1.1|CSTLPRECIO|0|0|0|0|0||||1|
22000020547|1|25059710|PARTE-FRENTE MANIJA EMBEBIDA DE 12PULG GAVETA ARCHIVO INFERIOR PEDESTAL ZEN ALM1004070|AI|Active||320|10|und|1|1|Proceso Tirar Operación|DOBLADORAS|DOB.1.1.1|CSTLPRECIO|0|0|0|0|0||||1|
22000020547|2|22006061|LAMINA PLANA 4X8 ESPESOR 0.75MM|MP|Active||10|10|kg|2.1|2.1|Proceso Tirar Operación|CORTYPUNZ|CYP.1.1.1|CSTLPRECIO|0|0|0|0|0||||1|
22000020547|1|25019686|PARTE-CUERPO GAVETA ARCHIVO PEDESTAL ZEN ALM1004010|AI|Active||330|10|und|1|1|Proceso Tirar Operación|DOBLADORAS|DOB.1.1.1|CSTLPRECIO|0|0|0|0|0||||1|
22000020547|2|22006061|LAMINA PLANA 4X8 ESPESOR 0.75MM|MP|Active||10|10|kg|2.7|2.7|Proceso Tirar Operación|CORTYPUNZ|CYP.1.1.1|CSTLPRECIO|0|0|0|0|0||||1|
22000020547|1|25019687|PARTE-TRASERO GAVETA ARCHIVO PEDESTAL ZEN ALM1004050|AI|Active||340|10|und|1|1|Proceso Tirar Operación|DOBLADORAS|DOB.1.1.1|CSTLPRECIO|0|0|0|0|0||||1|
22000020547|2|22006061|LAMINA PLANA 4X8 ESPESOR 0.75MM|MP|Active||10|10|kg|.67|.67|Proceso Tirar Operación|CORTYPUNZ|CYP.1.1.1|CSTLPRECIO|0|0|0|0|0||||1|
22000020547|1|25021993|PARTE-DIVISOR PORTAFOLDER GAVETA ARCHIVO ZEN ALM1004020|AI|Active||350|10|und|1|1|Proceso Tirar Operación|DOBLADORAS|DOB.1.1.1|CSTLPRECIO|0|0|0|0|0||||1|
22000020547|2|22006061|LAMINA PLANA 4X8 ESPESOR 0.75MM|MP|Active||10|10|kg|.14|.14|Proceso Tirar Operación|CORTYPUNZ|CYP.1.1.1|CSTLPRECIO|0|0|0|0|0||||1|
22000021977|0|22000021977|DUCTO CABLEADO 9.5X150X21.5CM LINK LKSO140000|AI|Active|||und|1|1|||...|CSTLPRECIO|0|0|0|0|0|||||
22000021977|1|25024103|PARTE-TAPA DE 150CM DUCTO CABLEADO LINK LKSO141010|AI|Active||10|10|und|1|1|Proceso Tirar Operación|DOBLADORAS|DOB.1.1.1|CSTLPRECIO|0|0|0|0|0||||1|
22000021977|2|22006027|LAMINA PLANA 4X8 ESPESOR 1.20MM|MP|Active||10|10|kg|4.7032|4.7032|Proceso Tirar Operación|CORTYPUNZ|CYP.1.1.1|CSTLPRECIO|0|0|0|0|0||||1|
22000021977|1|25024106|PARTE-BASE DE 150CM DUCTO CABLEADO LINK LKSO141020|AI|Active||20|10|und|1|1|Proceso Tirar Operación|DOBLADORAS|DOB.1.1.1|CSTLPRECIO|0|0|0|0|0||||1|
22000021977|2|22006027|LAMINA PLANA 4X8 ESPESOR 1.20MM|MP|Active||10|10|kg|4.153925|4.153925|Proceso Tirar Operación|CORTYPUNZ|CYP.1.1.1|CSTLPRECIO|0|0|0|0|0||||1|
22000021977|1|25024109|PARTE-REFUERZO CUERPO DUCTO CABLEADO LINK LKSO141040|AI|Active||30|10|und|5|5|Proceso Tirar Operación|DOBLADORAS|DOB.1.1.1|CSTLPRECIO|0|0|0|0|0||||1|
22000021977|2|22006027|LAMINA PLANA 4X8 ESPESOR 1.20MM|MP|Active||10|10|kg|.288564|.288564|Proceso Tirar Operación|CORTYPUNZ|CYP.1.1.1|CSTLPRECIO|0|0|0|0|0||||1|
22000021977|1|25105836|PARTE-BANDEJA OCULTA CABLES 150CM DUCTO CABLEADO LINK LKSO140052|AI|Active||40|10|und|2|2|Proceso Tirar Operación|DOBLADORAS|DOB.1.1.1|CSTLPRECIO|0|0|0|0|0||||1|
22000021977|2|22006061|LAMINA PLANA 4X8 ESPESOR 0.75MM|MP|Active||10|10|kg|.94|.94|Proceso Tirar Operación|CORTYPUNZ|CYP.1.1.1|CSTLPRECIO|0|0|0|0|0||||1|
22000021977|1|22002524|PERFIL NAL TAPA VIGA COMPENDIO COLOR NEGRO TIRA 3000MM MPR060047|MP|Active||50|10|und|1|1|Proceso Tirar Operación|MP_WIP|EN.1.1.1|CSTLPRECIO|0|0|0|0|0||||1|
22000021977|1|25051817|PARTE-SOPORTE TOMA MCAC080000|AI|Active||60|10|und|6|6|Proceso Tirar Operación|DOBLADORAS|DOB.1.1.1|CSTLPRECIO|0|0|0|0|0||||1|
22000021977|2|22004764|LAMINA PLANA GALVANIZADA 4 X 8 ESPESOR 0.90MM|MP|Active||10|10|kg|.07|.07|Proceso Tirar Operación|CORTYPUNZ|CYP.1.1.1|CSTLPRECIO|0|0|0|0|0||||1|
22000021977|1|25087788|PARTE-SOPORTE TOMA DUCTO CABLEADO DOBLE TEK TKSO080040|AI|Active||70|10|und|2|2|Proceso Tirar Operación|DOBLADORAS|DOB.1.1.1|CSTLPRECIO|0|0|0|0|0||||1|
22000021977|2|22006037|LAMINA PLANA 4X8 ESPESOR 0.9MM|MP|Active||10|10|kg|.27|.27|Proceso Tirar Operación|CORTYPUNZ|CYP.1.1.1|CSTLPRECIO|0|0|0|0|0||||1|
22000021977|1|22000159|TORNILLO AUTOPERFORANTE CABEZA EXTRAPLANA 8 X 1/2 REF:234 ZINCADO NEGRO|MP|Active||80|10|und|4|4|Proceso Tirar Operación|MP_WIP|EN.1.1.1|CSTLPRECIO|0|0|0|0|0||||1|
22000021977|1|22000201|TUERCA DELGADA REMACHABLE  5/16 REF: DLS 518/150 ALA-AVEDEL|MP|Active||90|10|und|8|8|Proceso Tirar Operación|MP_WIP|EN.1.1.1|CSTLPRECIO|0|0|0|0|0||||1|
22000021977|1|22005645|TORNILLO ESTUFA CABEZA REDONDA PHILLIPS 3/4 X 1/4 ZINCADO|MP|Active||100|10|und|2|2|Proceso Tirar Operación|MP_WIP|EN.1.1.1|CSTLPRECIO|0|0|0|0|0||||1|
22000021977|1|22009617|GENERICO TAPA PLASTICA CIEGA 2 X 4 MPR080013|MP|Active||110|10|und|6|6|Proceso Tirar Operación|MP_WIP|EN.1.1.1|CSTLPRECIO|0|0|0|0|0||||1|
22000021977|1|22012502|ARANDELA S/M DIAM. 5/16 ZINC NEGRO|MP|Active||120|10|und|2|2|Proceso Tirar Operación|MP_WIP|EN.1.1.1|CSTLPRECIO|0|0|0|0|0||||1|
22000021977|1|22014226|STICKER TROQUELADO VERDE POLO A TIERRA ETIQUETA DE SEGURIDAD|ME|Active||130|10|und|2|2|Proceso Tirar Operación|MP_WIP|EN.1.1.1|CSTLPRECIO|0|0|0|0|0||||1|
22000021977|1|22014799|REMACHE AVELLANADO 5-4 NATURAL|MP|Active||140|10|und|45|45|Proceso Tirar Operación|MP_WIP|EN.1.1.1|CSTLPRECIO|0|0|0|0|0||||1|
22000021977|1|22000197|TORNILLO CABEZA EXTRAPLANA 8 X 3/4 REF: S6075 ZINCADO|MP|Active||150|10|und|6|6|Proceso Tirar Operación|MP_WIP|EN.1.1.1|CSTLPRECIO|0|0|0|0|0||||1|
22000021977|1|22008917|EMPAQUE FORRO BALDOSA MULTIPLE 42X22X158|ME|Active||160|10|und|.25|.25|Proceso Tirar Operación|MP_WIP|EN.1.1.1|CSTLPRECIO|0|0|0|0|0||||1|
22000021977|1|22008918|EMPAQUE TAPA BALDOSA MULTIPLE 42X22|ME|Active||170|10|und|1|1|Proceso Tirar Operación|MP_WIP|EN.1.1.1|CSTLPRECIO|0|0|0|0|0||||1|
22000021977|1|22008555|GENERICO PINTURA EN POLVO MUEBLES|MP|Active||180|10|kg|.33|.33|Proceso Tirar Operación|MP_WIP|PI.1.1.1|CSTLPRECIO|0|0|0|0|0||||1|
22000021980|0|22000021980|KIT CABLEADO INDIVIDUAL 17.5X150X21.5CM LINK LKSO150000|AI|Active|||und|1|1|||...|CSTLPRECIO|0|0|0|0|0|||||
22000021980|1|22002524|PERFIL NAL TAPA VIGA COMPENDIO COLOR NEGRO TIRA 3000MM MPR060047|MP|Active||20|10|und|.5|.5|Proceso Tirar Operación|MP_WIP|EN.1.1.1|CSTLPRECIO|0|0|0|0|0||||1|
22000021980|1|25022566|PARTE-BANDEJA OCULTA CABLES DUCTO KIT CABLEADO INDIVIDUAL LINK LKSO150010|AI|Active||25|10|und|1|1|Proceso Tirar Operación|DOBLADORAS|DOB.1.1.1|CSTLPRECIO|0|0|0|0|0||||1|
22000021980|2|22006027|LAMINA PLANA 4X8 ESPESOR 1.20MM|MP|Active||10|10|kg|2.317673|2.317673|Proceso Tirar Operación|CORTYPUNZ|CYP.1.1.1|CSTLPRECIO|0|0|0|0|0||||1|
22000021980|1|25051817|PARTE-SOPORTE TOMA MCAC080000|AI|Active||40|10|und|4|4|Proceso Tirar Operación|DOBLADORAS|DOB.1.1.1|CSTLPRECIO|0|0|0|0|0||||1|
22000021980|2|22004764|LAMINA PLANA GALVANIZADA 4 X 8 ESPESOR 0.90MM|MP|Active||10|10|kg|.07|.07|Proceso Tirar Operación|CORTYPUNZ|CYP.1.1.1|CSTLPRECIO|0|0|0|0|0||||1|
22000021980|1|22009617|GENERICO TAPA PLASTICA CIEGA 2 X 4 MPR080013|MP|Active||60|10|und|4|4|Proceso Tirar Operación|MP_WIP|EN.1.1.1|CSTLPRECIO|0|0|0|0|0||||1|
22000021980|1|22000662|BOTON DE PRESION GRIS NOPAL PARA BALDOSA UN VIDRIO MPR050005|MP|Active||70|10|und|3|3|Proceso Tirar Operación|MP_WIP|EN.1.1.1|CSTLPRECIO|0|0|0|0|0||||1|
22000021980|1|22008555|GENERICO PINTURA EN POLVO MUEBLES|MP|Active||190|10|kg|.25|.25|Proceso Tirar Operación|MP_WIP|PI.1.1.1|CSTLPRECIO|0|0|0|0|0||||1|
22000021980|1|22008917|EMPAQUE FORRO BALDOSA MULTIPLE 42X22X158|ME|Active||200|10|und|.25|.25|Proceso Tirar Operación|MP_WIP|EN.1.1.1|CSTLPRECIO|0|0|0|0|0||||1|
22000021980|1|22012502|ARANDELA S/M DIAM. 5/16 ZINC NEGRO|MP|Active||210|10|und|2|2|Proceso Tirar Operación|MP_WIP|EN.1.1.1|CSTLPRECIO|0|0|0|0|0||||1|
22000021980|1|22005645|TORNILLO ESTUFA CABEZA REDONDA PHILLIPS 3/4 X 1/4 ZINCADO|MP|Active||220|10|und|2|2|Proceso Tirar Operación|MP_WIP|EN.1.1.1|CSTLPRECIO|0|0|0|0|0||||1|
22000021980|1|22014226|STICKER TROQUELADO VERDE POLO A TIERRA ETIQUETA DE SEGURIDAD|ME|Active||230|10|und|2|2|Proceso Tirar Operación|MP_WIP|EN.1.1.1|CSTLPRECIO|0|0|0|0|0||||1|
22000021980|1|22014799|REMACHE AVELLANADO 5-4 NATURAL|MP|Active||240|10|und|12|12|Proceso Tirar Operación|MP_WIP|EN.1.1.1|CSTLPRECIO|0|0|0|0|0||||1|
22000021980|1|22000159|TORNILLO AUTOPERFORANTE CABEZA EXTRAPLANA 8 X 1/2 REF:234 ZINCADO NEGRO|MP|Active||250|10|und|4|4|Proceso Tirar Operación|MP_WIP|EN.1.1.1|CSTLPRECIO|0|0|0|0|0||||1|
22000021980|1|25022570|PARTE-REFUERZO CUERPO DUCTO CABLEADO KIT CABLEADO INDIVIDUAL LINK LKSO151012|AI|Active||260|10|und|3|3|Proceso Tirar Operación|DOBLADORAS|DOB.1.1.1|CSTLPRECIO|0|0|0|0|0||||1|
22000021980|2|22006027|LAMINA PLANA 4X8 ESPESOR 1.20MM|MP|Active||10|10|kg|.1133644|.1133644|Proceso Tirar Operación|CORTYPUNZ|CYP.1.1.1|CSTLPRECIO|0|0|0|0|0||||1|
22000021980|1|25022568|PARTE-CUERPO DUCTO DE 150CM CABLEADO KIT CABLEADO INDIVIDUAL LINK LKSO151011|AI|Active||270|10|und|1|1|Proceso Tirar Operación|DOBLADORAS|DOB.1.1.1|CSTLPRECIO|0|0|0|0|0||||1|
22000021980|2|22006027|LAMINA PLANA 4X8 ESPESOR 1.20MM|MP|Active||10|10|kg|5.57861|5.57861|Proceso Tirar Operación|CORTYPUNZ|CYP.1.1.1|CSTLPRECIO|0|0|0|0|0||||1|
22000021980|1|25112651|PARTE-DIVISOR CABLE DUCTO CABLEADO INDIVIDUAL 150CM LKSO150040|AI|Active||280|10|und|1|1|Proceso Tirar Operación|DOBLADORAS|DOB.1.1.1|CSTLPRECIO|0|0|0|0|0||||1|
22000021980|2|22006027|LAMINA PLANA 4X8 ESPESOR 1.20MM|MP|Active||10|10|kg|1.17|1.17|Proceso Tirar Operación|CORTYPUNZ|CYP.1.1.1|CSTLPRECIO|0|0|0|0|0||||1|
22000023310|0|22000023310|SUPERFICIE RECTANGULAR FORMICA 240X100X3CM LINK LKSU010516|AI|Active|||und|1|1|||...|CSTLPRECIO|0|0|0|0|0|||||
22000023310|1|25030363|CANTEADO-SUPERFICIE RECTANGULAR FORMICA 240X100X3CM LINK LKSU010516|AI|Active||180|10|und|1|1|Proceso Tirar Operación|CANTEADO|CNT.1.1.1|CSTLPRECIO|0|0|0|0|0||||1|
22000023310|2|25031682|PRENSADO-SUPERFICIE RECTANGULAR FORMICA 240X100X3CM LINK LKSU010516|AI|Active||10|10|und|1|1|Proceso Tirar Operación|PRENSADO|PRE.1.1.1|CSTLPRECIO|0|0|0|0|0||||1|
22000023310|3|22015818|UNICOR POLAR SIN BALANCE DE 1830X2440MM ESPESOR 30MM|MP|Active||10|10|und|.827704918|.827704918|Proceso Tirar Operación|CARPINT|AGL.1.1.1|CSTLPRECIO|0|0|0|0|0||||1|
22000023310|3|22008689|GENERICO FORMICA 1220MM X 2440MM F8|MP|Active||20|10|und|1|1|Proceso Tirar Operación|CARPINT|FOR.1.1.1|CSTLPRECIO|0|0|0|0|0||||1|
22000023310|2|22008524|GENERICO CANTO DE 35MM ESPESOR 2MM|MP|Active||20|10|m|7.378|7.378|Proceso Tirar Operación|CARPINT|CTA.1.1.1|CSTLPRECIO|0|0|0|0|0||||1|
22000023626|0|22000023626|GROMMET ALUMINIO 4 TOMAS ACCESORIO LINK LKAC250000|AI|Active|||und|1|1|||...|CSTLPRECIO|0|0|0|0|0|||||
22000023626|1|22014803|PUNTERA IZQUIERDA Y DERECHA TAPA EN ALUMINIO ANODIZADO CUERPO EN POLICARBONATO MPR060067|MP|Active||25|10|jg|1|1|Proceso Tirar Operación|MP_WIP|EN.1.1.1|CSTLPRECIO|0|0|0|0|0||||1|
22000023626|1|25025100|PARTE-LISTON DE CEPILLO 4 TOMAS GROMET LINK LKAC250040|AI|Active||30|10|und|1|1|Proceso Tirar Operación|DOBLADORAS|DOB.1.1.1|CSTLPRECIO|0|0|0|0|0||||1|
22000023626|2|22010615|LISTON DE CEPILLO 2000MM REF: 950.06.093 MPR060066|MP|Active||10|10|und|.2625|.2625|Proceso Tirar Operación|CORTYPUNZ|CYP.1.1.1|CSTLPRECIO|0|0|0|0|0||||1|
22000023626|1|25025099|PARTE-PERFIL 4 TOMAS GROMET LINK LKAC250030|AI|Active||40|10|und|2|2|Proceso Tirar Operación|ALUMINIOS|ALU.1.1.1|CSTLPRECIO|0|0|0|0|0||||1|
22000023626|2|22012183|ALUMINIO OFI-103 DE 6000MM ANODIZADO MPR030274|MP|Active||10|10|und|.08333333|.08333333|Proceso Tirar Operación|ALUMINIOS|MPA.1.1.1|CSTLPRECIO|0|0|0|0|0||||1|
22000023626|1|25025098|PARTE-TAPA 4 TOMAS GROMET LINK LKAC250020|AI|Active||50|10|und|1|1|Proceso Tirar Operación|ALUMINIOS|ALU.1.1.1|CSTLPRECIO|0|0|0|0|0||||1|
22000023626|2|22024922|ALUMINIO OFI-104 DE 3050 MM  ANODIZADO MPR030271|MP|Active||20|10|und|.166666667|.166666667|Proceso Tirar Operación|ALUMINIOS|MPA.1.1.1|CSTLPRECIO|0|0|0|0|0||||1|
22000023626|1|25025097|PARTE-PLATINA DE FIJACION GROMET LINK LKAC250010|AI|Active||60|10|und|2|2|Proceso Tirar Operación|DOBLADORAS|DOB.1.1.1|CSTLPRECIO|0|0|0|0|0||||1|
22000023626|2|22012308|LAMINA PLANA GALVANIZADA 4X8 ESPESOR 1.20MM|MP|Active||10|10|kg|.02992|.02992|Proceso Tirar Operación|CORTYPUNZ|CYP.1.1.1|CSTLPRECIO|0|0|0|0|0||||1|
22000023626|1|22000259|TORNILLO GALVANIZADO CABEZA HEXAGONAL 1/4 X 1 PULGADA|MP|Active||70|10|und|2|2|Proceso Tirar Operación|MP_WIP|EN.1.1.1|CSTLPRECIO|0|0|0|0|0||||1|
22000023626|1|22000149|TUERCA  HEXAGONAL 1/4 ZINCADA|MP|Active||80|10|und|2|2|Proceso Tirar Operación|MP_WIP|EN.1.1.1|CSTLPRECIO|0|0|0|0|0||||1|
22000023626|1|22001402|EMPAQUE REPISA METALICA 2 UNIDADES|ME|Active||100|10|und|.0625|.0625|Proceso Tirar Operación|MP_WIP|EN.1.1.1|CSTLPRECIO|0|0|0|0|0||||1|
22000023626|1|22007761|TORNILLO CABEZA EXTRAPLANA 8 X  9/16 ZINCADO|MP|Active||115|10|und|4|4|Proceso Tirar Operación|MP_WIP|EN.1.1.1|CSTLPRECIO|0|0|0|0|0||||1|
22000023626|1|22000248|TORNILLO DE 6 X 5/8 CCPH PRIVILEGIO ZN|MP|Active||140|10|und|4|4|Proceso Tirar Operación|MP_WIP|EN.1.1.1|CSTLPRECIO|0|0|0|0|0||||1|
22000023626|1|22013882|KIT SOPORTE GIRO TAPA TOMA EN ALUMINIO LINK MPR050115|MP|Active||150|10|jg|1|1|Proceso Tirar Operación|MP_WIP|EN.1.1.1|CSTLPRECIO|0|0|0|0|0||||1|
22000030562|0|22000030562|PANTALLA LATERAL VIDRIO LAMINADO 3+3 30X60X0.6CM ACCESORIO LINK LKAC060000|AI|Active|||und|1|1|||...|CSTLPRECIO|0|0|0|0|0|||||
22000030562|1|22006317|GENERICO VIDRIO LAMINADO 3+3 M2|MP|Active||10|10|m2|.18|.18|Proceso Tirar Operación|CARPINT|VID.1.1.1|CSTLPRECIO|0|0|0|0|0||||1|
22000030562|1|25010130|PARTE-CUERPO SOPORTE PANTALLA LATERAL DERECHO LINK LKAC051010|AI|Active||40|10|und|1|1|Proceso Tirar Operación|DOBLADORAS|DOB.1.1.1|CSTLPRECIO|0|0|0|0|0||||1|
22000030562|2|22008722|LAMINA PLANA CR 4X8 ESPESOR 1.90MM|MP|Active||10|10|kg|.4153574|.4153574|Proceso Tirar Operación|CORTYPUNZ|CYP.1.1.1|CSTLPRECIO|0|0|0|0|0||||1|
22000030562|1|25010133|PARTE-CUERPO SOPORTE PANTALLA LATERAL IZQUIERDO LINK LKAC051010|AI|Active||50|10|und|1|1|Proceso Tirar Operación|DOBLADORAS|DOB.1.1.1|CSTLPRECIO|0|0|0|0|0||||1|
22000030562|2|22008722|LAMINA PLANA CR 4X8 ESPESOR 1.90MM|MP|Active||10|10|kg|.4153574|.4153574|Proceso Tirar Operación|CORTYPUNZ|CYP.1.1.1|CSTLPRECIO|0|0|0|0|0||||1|
22000030562|1|25010131|PARTE-BOTON HEMBRA SOPORTE PANTALLA LATERAL LINK LKAC051020|AI|Active||60|10|und|2|2|Proceso Tirar Operación|TORNO|TRL.1.1.1|CSTLPRECIO|0|0|0|0|0||||1|
22000030562|2|22008792|BARRA DE ALUMINIO R-011 ALEACION 6261 TEMPLE T-6 DIAMETRO 1PULG X 6000MM|MP|Active||10|10|und|.003057143|.003057143|Proceso Tirar Operación|TORNO|MTR.1.1.1|CSTLPRECIO|0|0|0|0|0||||1|
22000030562|1|25010132|PARTE-CUERPO BOTON MACHO SOPORTE PANTALLA LATERAL LINK LKAC051030|AI|Active||70|10|und|2|2|Proceso Tirar Operación|TORNO|TRL.1.1.1|CSTLPRECIO|0|0|0|0|0||||1|
22000030562|2|22008792|BARRA DE ALUMINIO R-011 ALEACION 6261 TEMPLE T-6 DIAMETRO 1PULG X 6000MM|MP|Active||10|10|und|.004203571|.004203571|Proceso Tirar Operación|TORNO|MTR.1.1.1|CSTLPRECIO|0|0|0|0|0||||1|
22000030562|1|22000197|TORNILLO CABEZA EXTRAPLANA 8 X 3/4 REF: S6075 ZINCADO|MP|Active||80|10|und|4|4|Proceso Tirar Operación|MP_WIP|EN.1.1.1|CSTLPRECIO|0|0|0|0|0||||1|
22000030562|1|22008555|GENERICO PINTURA EN POLVO MUEBLES|MP|Active||100|10|kg|.02|.02|Proceso Tirar Operación|MP_WIP|PI.1.1.1|CSTLPRECIO|0|0|0|0|0||||1|
22000030562|1|22015589|CINTA DOBLE FAZ FILMICA ML TESA 4965 TRANSPARENTE DE 19MM DE ANCHO Y 50 METROS DE LARGO|MP|Active||110|10|m|.5|.5|Proceso Tirar Operación|MP_WIP|EN.1.1.1|CSTLPRECIO|0|0|0|0|0||||1|
22000030562|1|25035236|PARTE-EMPAQUE PANTALLA LATERAL VIDRIO LINK LKAC050010|AI|Active||170|10|und|2|2|Proceso Tirar Operación|CARPINT|EMS.1.1.1|CSTLPRECIO|0|0|0|0|0||||1|
22000030562|2|22009700|CAUCHO PISO CONSUL 140 ANCHO REF:2093 N.1|MP|Active||10|10|m|.007475|.007475|Proceso Tirar Operación|CARPINT|TEL.1.1.1|CSTLPRECIO|0|0|0|0|0||||1|
22000032435|0|22000032435|COSTADO DOBLE TERMINAL PINTADO 120CM TIPO LINK ELEMENTOS SOPORTE ELSO060000|AI|Active|||und|1|1|||...|CSTLPRECIO|0|0|0|0|0|||||
22000032435|1|25039790|ARMADA-COSTADO DOBLE TERMINAL 120 TIPO LINK ELSO061000|AI|Active||10|10|und|1|1|Proceso Tirar Operación|SOLDADURA|SOL.1.1.1|CSTLPRECIO|0|0|0|0|0||||1|
22000032435|2|23703623|TRAVESAÑO CUERPO COSTADO TERMINAL INTEGRACION 120CM LINK LKSO201020|MP|Active||10|10|und|1|1|Proceso Tirar Operación|SOLDADURA|MPS.1.1.1|CSTLPRECIO|0|0|0|0|0||||1|
22000032435|2|22007704|PARAL PARTE TUBO DE 672MM CORTE A 45 GRADOS EN 1 EXTREMO LKSO201010|MP|Active||20|10|und|2|2|Proceso Tirar Operación|SOLDADURA|MPS.1.1.1|CSTLPRECIO|0|0|0|0|0||||1|
22000032435|2|25039500|PARTE-OMEGA SENCILLA TRAVESAÑO TIPO KUO ELSO021012|AI|Active||30|10|und|2|2|Proceso Tirar Operación|DOBLADORAS|DOB.1.1.1|CSTLPRECIO|0|0|0|0|0||||1|
22000032435|3|22008931|LAMINA PLANA CR 4X8  ESPESOR 3.0MM (DECAPADA Y ACEITADA)|MP|Active||10|10|kg|1.13|1.13|Proceso Tirar Operación|CORTYPUNZ|CYP.1.1.1|CSTLPRECIO|0|0|0|0|0||||1|
22000032435|2|25039781|PARTE-PLATINA FRONTAL OMEGA SENCILLA ELSO021012|AI|Active||40|10|und|2|2|Proceso Tirar Operación|DOBLADORAS|DOB.1.1.1|CSTLPRECIO|0|0|0|0|0||||1|
22000032435|3|22008931|LAMINA PLANA CR 4X8  ESPESOR 3.0MM (DECAPADA Y ACEITADA)|MP|Active||10|10|kg|.1|.1|Proceso Tirar Operación|CORTYPUNZ|CYP.1.1.1|CSTLPRECIO|0|0|0|0|0||||1|
22000032435|1|22012187|ALUMINIO TAPA DUCTO TERMINAL DOBLE MPR030268|MP|Active||20|10|und|1|1|Proceso Tirar Operación|MP_WIP|EN.1.1.1|CSTLPRECIO|0|0|0|0|0||||1|
22000032435|1|22013269|SOPORTE NIVELADOR TUBO CUADRADO MPR060070|MP|Active||30|10|jg|2|2|Proceso Tirar Operación|MP_WIP|EN.1.1.1|CSTLPRECIO|0|0|0|0|0||||1|
22000032435|1|22000320|NIVELADOR 5/16 X 1 1/2 MPR080075|MP|Active||40|10|und|2|2|Proceso Tirar Operación|MP_WIP|EN.1.1.1|CSTLPRECIO|0|0|0|0|0||||1|
22000032435|1|22008555|GENERICO PINTURA EN POLVO MUEBLES|MP|Active||110|10|kg|.165|.165|Proceso Tirar Operación|MP_WIP|PI.1.1.1|CSTLPRECIO|0|0|0|0|0||||1|
22000032435|1|22000150|TUERCA  HEXAGONAL 5/16 ZINCADA|MP|Active||115|10|und|2|2|Proceso Tirar Operación|MP_WIP|EN.1.1.1|CSTLPRECIO|0|0|0|0|0||||1|
22000032435|1|22000656|PIN INSEPARABLE SIS8 MPR050056|MP|Active||120|10|und|4|4|Proceso Tirar Operación|MP_WIP|EN.1.1.1|CSTLPRECIO|0|0|0|0|0||||1|
22000032435|1|22012018|MARQUILLA LOGOTIPO MEPAL ALUMINIO PULIDO MPR030283|MP|Active||130|10|und|1|1|Proceso Tirar Operación|MP_WIP|EN.1.1.1|CSTLPRECIO|0|0|0|0|0||||1|
22000032435|1|22000197|TORNILLO CABEZA EXTRAPLANA 8 X 3/4 REF: S6075 ZINCADO|MP|Active||140|10|und|12|12|Proceso Tirar Operación|MP_WIP|EN.1.1.1|CSTLPRECIO|0|0|0|0|0||||1|
22000032437|0|22000032437|COSTADO DOBLE INTEGRACIONPINTADO 120CM TIPO LINK ELEMENTOS SOPORTE ELSO070000||Active|||und|1|1|||...|CSTLPRECIO|0|0|0|0|0|||||
22000032437|1|25039786|ARMADA-COSTADO DOBLE INTEGRACION 120 TIPO LINK ELSO071000|AI|Active||10|10|und|1|1|Proceso Tirar Operación|SOLDADURA|SOL.1.1.1|CSTLPRECIO|0|0|0|0|0||||1|
22000032437|2|25039500|PARTE-OMEGA SENCILLA TRAVESAÑO TIPO KUO ELSO021012|AI|Active||10|10|und|4|4|Proceso Tirar Operación|DOBLADORAS|DOB.1.1.1|CSTLPRECIO|0|0|0|0|0||||1|
22000032437|3|22008931|LAMINA PLANA CR 4X8  ESPESOR 3.0MM (DECAPADA Y ACEITADA)|MP|Active||10|10|kg|1.13|1.13|Proceso Tirar Operación|CORTYPUNZ|CYP.1.1.1|CSTLPRECIO|0|0|0|0|0||||1|
22000032437|2|25039781|PARTE-PLATINA FRONTAL OMEGA SENCILLA ELSO021012|AI|Active||20|10|und|4|4|Proceso Tirar Operación|DOBLADORAS|DOB.1.1.1|CSTLPRECIO|0|0|0|0|0||||1|
22000032437|3|22008931|LAMINA PLANA CR 4X8  ESPESOR 3.0MM (DECAPADA Y ACEITADA)|MP|Active||10|10|kg|.1|.1|Proceso Tirar Operación|CORTYPUNZ|CYP.1.1.1|CSTLPRECIO|0|0|0|0|0||||1|
22000032437|2|22007704|PARAL PARTE TUBO DE 672MM CORTE A 45 GRADOS EN 1 EXTREMO LKSO201010|MP|Active||30|10|und|2|2|Proceso Tirar Operación|SOLDADURA|SOL.1.1.1|CSTLPRECIO|0|0|0|0|0||||1|
22000032437|2|23703623|TRAVESAÑO CUERPO COSTADO TERMINAL INTEGRACION 120CM LINK LKSO201020|MP|Active||40|10|und|1|1|Proceso Tirar Operación|SOLDADURA|MPS.1.1.1|CSTLPRECIO|0|0|0|0|0||||1|
22000032437|1|22013269|SOPORTE NIVELADOR TUBO CUADRADO MPR060070|MP|Active||30|10|jg|2|2|Proceso Tirar Operación|MP_WIP|EN.1.1.1|CSTLPRECIO|0|0|0|0|0||||1|
22000032437|1|22000320|NIVELADOR 5/16 X 1 1/2 MPR080075|MP|Active||40|10|und|2|2|Proceso Tirar Operación|MP_WIP|EN.1.1.1|CSTLPRECIO|0|0|0|0|0||||1|
22000032437|1|22008555|GENERICO PINTURA EN POLVO MUEBLES|MP|Active||110|10|kg|.165|.165|Proceso Tirar Operación|MP_WIP|PI.1.1.1|CSTLPRECIO|0|0|0|0|0||||1|
22000032437|1|22000150|TUERCA  HEXAGONAL 5/16 ZINCADA|MP|Active||115|10|und|2|2|Proceso Tirar Operación|MP_WIP|EN.1.1.1|CSTLPRECIO|0|0|0|0|0||||1|
22000032437|1|22000197|TORNILLO CABEZA EXTRAPLANA 8 X 3/4 REF: S6075 ZINCADO|MP|Active||150|10|und|28|28|Proceso Tirar Operación|MP_WIP|EN.1.1.1|CSTLPRECIO|0|0|0|0|0||||1|
22000032437|1|25005228|PARTE-COMPLEMENTO LAMINA UNION SUPERFICIES MULTIPLE MAC390010|AI|Active||160|10|und|2|2|Proceso Tirar Operación|DOBLADORAS|DOB.1.1.1|CSTLPRECIO|0|0|0|0|0||||1|
22000032437|2|22008319|LAMINA PLANA HR 4X8  ESPESOR 2.5MM|MP|Active||20|10|kg|.0283908|.0283908|Proceso Tirar Operación|CORTYPUNZ|CYP.1.1.1|CSTLPRECIO|0|0|0|0|0||||1|
22000032439|0|22000032439|COSTADO DOBLE INTERMEDIO PINTADO 120CM TIPO LINK ELEMENTOS SOPORTE ELSO080000|AI|Active|||und|1|1|||...|CSTLPRECIO|0|0|0|0|0|||||
22000032439|1|22000197|TORNILLO CABEZA EXTRAPLANA 8 X 3/4 REF: S6075 ZINCADO|MP|Active||10|10|und|28|28|Proceso Tirar Operación|MP_WIP|EN.1.1.1|CSTLPRECIO|0|0|0|0|0||||1|
22000032439|1|22000320|NIVELADOR 5/16 X 1 1/2 MPR080075|MP|Active||20|10|und|2|2|Proceso Tirar Operación|MP_WIP|EN.1.1.1|CSTLPRECIO|0|0|0|0|0||||1|
22000032439|1|22000150|TUERCA  HEXAGONAL 5/16 ZINCADA|MP|Active||30|10|und|2|2|Proceso Tirar Operación|MP_WIP|EN.1.1.1|CSTLPRECIO|0|0|0|0|0||||1|
22000032439|1|22013269|SOPORTE NIVELADOR TUBO CUADRADO MPR060070|MP|Active||40|10|jg|2|2|Proceso Tirar Operación|MP_WIP|EN.1.1.1|CSTLPRECIO|0|0|0|0|0||||1|
22000032439|1|25005228|PARTE-COMPLEMENTO LAMINA UNION SUPERFICIES MULTIPLE MAC390010|AI|Active||45|10|und|2|2|Proceso Tirar Operación|DOBLADORAS|DOB.1.1.1|CSTLPRECIO|0|0|0|0|0||||1|
22000032439|2|22008319|LAMINA PLANA HR 4X8  ESPESOR 2.5MM|MP|Active||20|10|kg|.0283908|.0283908|Proceso Tirar Operación|CORTYPUNZ|CYP.1.1.1|CSTLPRECIO|0|0|0|0|0||||1|
22000032439|1|25039782|ARMADA-COSTADO DOBLE INTERMEDIO 120 TIPO LINK ELSO081000|AI|Active||50|10|und|1|1|Proceso Tirar Operación|SOLDADURA|SOL.1.1.1|CSTLPRECIO|0|0|0|0|0||||1|
22000032439|2|25018057|PARTE-TRAVESAÑO DE 120CM CUERPO COSTADO INTERMEDIO LINK LKSO221010|AI|Active||10|10|und|1|1|Proceso Tirar Operación|TRONZSILLA|TRS.1.1.1|CSTLPRECIO|0|0|0|0|0||||1|
22000032439|3|22007680|TUBO CUADRADO ESTRUCTURAL 2PULGADAS 6000MM CALIBRE 16 LAMINA ACEITADA Y DECAPADA|MP|Active||10|10|und|.14|.14|Proceso Tirar Operación|TRONZSILLA|MTS.1.1.1|CSTLPRECIO|0|0|0|0|0||||1|
22000032439|2|22007704|PARAL PARTE TUBO DE 672MM CORTE A 45 GRADOS EN 1 EXTREMO LKSO201010|MP|Active||20|10|und|2|2|Proceso Tirar Operación|SOLDADURA|MPS.1.1.1|CSTLPRECIO|0|0|0|0|0||||1|
22000032439|2|25039492|PARTE-OMEGA DOBLE COSTADO DOBLE ELSO011023|AI|Active||30|10|und|2|2|Proceso Tirar Operación|DOBLADORAS|DOB.1.1.1|CSTLPRECIO|0|0|0|0|0||||1|
22000032439|3|22008931|LAMINA PLANA CR 4X8  ESPESOR 3.0MM (DECAPADA Y ACEITADA)|MP|Active||20|10|kg|2.056515989|2.056515989|Proceso Tirar Operación|CORTYPUNZ|CYP.1.1.1|CSTLPRECIO|0|0|0|0|0||||1|
22000032439|1|22008555|GENERICO PINTURA EN POLVO MUEBLES|MP|Active||60|10|kg|.165|.165|Proceso Tirar Operación|MP_WIP|PI.1.1.1|CSTLPRECIO|0|0|0|0|0||||1|
22000032441|0|22000032441|COSTADO SENCILLO TERMINAL PINTADO 60X71CM TIPO LINK ELEMENTOS SOPORTE ELSO090000|AI|Active|||und|1|1|||...|CSTLPRECIO|0|0|0|0|0|||||
22000032441|1|22012018|MARQUILLA LOGOTIPO MEPAL ALUMINIO PULIDO MPR030283|MP|Active||10|10|und|1|1|Proceso Tirar Operación|MP_WIP|EN.1.1.1|CSTLPRECIO|0|0|0|0|0||||1|
22000032441|1|22000320|NIVELADOR 5/16 X 1 1/2 MPR080075|MP|Active||20|10|und|2|2|Proceso Tirar Operación|MP_WIP|EN.1.1.1|CSTLPRECIO|0|0|0|0|0||||1|
22000032441|1|22000656|PIN INSEPARABLE SIS8 MPR050056|MP|Active||30|10|und|4|4|Proceso Tirar Operación|MP_WIP|EN.1.1.1|CSTLPRECIO|0|0|0|0|0||||1|
22000032441|1|22000150|TUERCA  HEXAGONAL 5/16 ZINCADA|MP|Active||40|10|und|2|2|Proceso Tirar Operación|MP_WIP|EN.1.1.1|CSTLPRECIO|0|0|0|0|0||||1|
22000032441|1|22000197|TORNILLO CABEZA EXTRAPLANA 8 X 3/4 REF: S6075 ZINCADO|MP|Active||50|10|und|6|6|Proceso Tirar Operación|MP_WIP|EN.1.1.1|CSTLPRECIO|0|0|0|0|0||||1|
22000032441|1|22012188|ALUMINIO TAPA DUCTO TERMINAL SENCILLA MPR030276|MP|Active||60|10|und|1|1|Proceso Tirar Operación|MP_WIP|EN.1.1.1|CSTLPRECIO|0|0|0|0|0||||1|
22000032441|1|22013269|SOPORTE NIVELADOR TUBO CUADRADO MPR060070|MP|Active||70|10|jg|2|2|Proceso Tirar Operación|MP_WIP|EN.1.1.1|CSTLPRECIO|0|0|0|0|0||||1|
22000032441|1|25039788|ARMADA-COSTADO SENCILLO TERMINAL 60X71CM TIPO LINK ELSO091000|AI|Active||80|10|und|1|1|Proceso Tirar Operación|SOLDADURA|SOL.1.1.1|CSTLPRECIO|0|0|0|0|0||||1|
22000032441|2|23703621|TRAVESAÑO CUERPO COSTADO SENCILLO TERMINAL 60CM  LINK LKSO231010|MP|Active||10|10|und|1|1|Proceso Tirar Operación|SOLDADURA|MPS.1.1.1|CSTLPRECIO|0|0|0|0|0||||1|
22000032441|2|22007704|PARAL PARTE TUBO DE 672MM CORTE A 45 GRADOS EN 1 EXTREMO LKSO201010|MP|Active||20|10|und|2|2|Proceso Tirar Operación|SOLDADURA|MPS.1.1.1|CSTLPRECIO|0|0|0|0|0||||1|
22000032441|2|25039500|PARTE-OMEGA SENCILLA TRAVESAÑO TIPO KUO ELSO021012|AI|Active||30|10|und|1|1|Proceso Tirar Operación|DOBLADORAS|DOB.1.1.1|CSTLPRECIO|0|0|0|0|0||||1|
22000032441|3|22008931|LAMINA PLANA CR 4X8  ESPESOR 3.0MM (DECAPADA Y ACEITADA)|MP|Active||10|10|kg|1.13|1.13|Proceso Tirar Operación|CORTYPUNZ|CYP.1.1.1|CSTLPRECIO|0|0|0|0|0||||1|
22000032441|2|25039781|PARTE-PLATINA FRONTAL OMEGA SENCILLA ELSO021012|AI|Active||40|10|und|1|1|Proceso Tirar Operación|DOBLADORAS|DOB.1.1.1|CSTLPRECIO|0|0|0|0|0||||1|
22000032441|3|22008931|LAMINA PLANA CR 4X8  ESPESOR 3.0MM (DECAPADA Y ACEITADA)|MP|Active||10|10|kg|.1|.1|Proceso Tirar Operación|CORTYPUNZ|CYP.1.1.1|CSTLPRECIO|0|0|0|0|0||||1|
22000032441|1|22008555|GENERICO PINTURA EN POLVO MUEBLES|MP|Active||90|10|kg|.16|.16|Proceso Tirar Operación|MP_WIP|PI.1.1.1|CSTLPRECIO|0|0|0|0|0||||1|
22000032442|0|22000032442|COSTADO SENCILLO TERMINAL PINTADO 75X71CM TIPO LINK ELEMENTOS SOPORTE ELSO090000|AI|Active|||und|1|1|||...|CSTLPRECIO|0|0|0|0|0|||||
22000032442|1|25039789|ARMADA-COSTADO SENCILLO TERMINAL 75X71CM TIPO LINK ELSO091000|AI|Active||10|10|und|1|1|Proceso Tirar Operación|SOLDADURA|SOL.1.1.1|CSTLPRECIO|0|0|0|0|0||||1|
22000032442|2|23703622|TRAVESAÑO CUERPO COSTADO SENCILLO TERMINAL 75CM  LINK LKSO231010|MP|Active||10|10|und|1|1|Proceso Tirar Operación|SOLDADURA|MPS.1.1.1|CSTLPRECIO|0|0|0|0|0||||1|
22000032442|2|22007704|PARAL PARTE TUBO DE 672MM CORTE A 45 GRADOS EN 1 EXTREMO LKSO201010|MP|Active||20|10|und|2|2|Proceso Tirar Operación|SOLDADURA|MPS.1.1.1|CSTLPRECIO|0|0|0|0|0||||1|
22000032442|2|25039500|PARTE-OMEGA SENCILLA TRAVESAÑO TIPO KUO ELSO021012|AI|Active||30|10|und|1|1|Proceso Tirar Operación|DOBLADORAS|DOB.1.1.1|CSTLPRECIO|0|0|0|0|0||||1|
22000032442|3|22008931|LAMINA PLANA CR 4X8  ESPESOR 3.0MM (DECAPADA Y ACEITADA)|MP|Active||10|10|kg|1.13|1.13|Proceso Tirar Operación|CORTYPUNZ|CYP.1.1.1|CSTLPRECIO|0|0|0|0|0||||1|
22000032442|2|25039781|PARTE-PLATINA FRONTAL OMEGA SENCILLA ELSO021012|AI|Active||40|10|und|1|1|Proceso Tirar Operación|DOBLADORAS|DOB.1.1.1|CSTLPRECIO|0|0|0|0|0||||1|
22000032442|3|22008931|LAMINA PLANA CR 4X8  ESPESOR 3.0MM (DECAPADA Y ACEITADA)|MP|Active||10|10|kg|.1|.1|Proceso Tirar Operación|CORTYPUNZ|CYP.1.1.1|CSTLPRECIO|0|0|0|0|0||||1|
22000032442|1|22012188|ALUMINIO TAPA DUCTO TERMINAL SENCILLA MPR030276|MP|Active||15|10|und|1|1|Proceso Tirar Operación|MP_WIP|EN.1.1.1|CSTLPRECIO|0|0|0|0|0||||1|
22000032442|1|22013269|SOPORTE NIVELADOR TUBO CUADRADO MPR060070|MP|Active||20|10|jg|2|2|Proceso Tirar Operación|MP_WIP|EN.1.1.1|CSTLPRECIO|0|0|0|0|0||||1|
22000032442|1|22000320|NIVELADOR 5/16 X 1 1/2 MPR080075|MP|Active||30|10|und|2|2|Proceso Tirar Operación|MP_WIP|EN.1.1.1|CSTLPRECIO|0|0|0|0|0||||1|
22000032442|1|22008555|GENERICO PINTURA EN POLVO MUEBLES|MP|Active||70|10|kg|.16|.16|Proceso Tirar Operación|MP_WIP|PI.1.1.1|CSTLPRECIO|0|0|0|0|0||||1|
22000032442|1|22000656|PIN INSEPARABLE SIS8 MPR050056|MP|Active||90|10|und|4|4|Proceso Tirar Operación|MP_WIP|EN.1.1.1|CSTLPRECIO|0|0|0|0|0||||1|
22000032442|1|22012018|MARQUILLA LOGOTIPO MEPAL ALUMINIO PULIDO MPR030283|MP|Active||95|10|und|1|1|Proceso Tirar Operación|MP_WIP|EN.1.1.1|CSTLPRECIO|0|0|0|0|0||||1|
22000032442|1|22000150|TUERCA  HEXAGONAL 5/16 ZINCADA|MP|Active||115|10|und|2|2|Proceso Tirar Operación|MP_WIP|EN.1.1.1|CSTLPRECIO|0|0|0|0|0||||1|
22000032442|1|22000197|TORNILLO CABEZA EXTRAPLANA 8 X 3/4 REF: S6075 ZINCADO|MP|Active||125|10|und|6|6|Proceso Tirar Operación|MP_WIP|EN.1.1.1|CSTLPRECIO|0|0|0|0|0||||1|
22000032443|0|22000032443|COSTADO SENCILLO INTERMEDIO PINTADO 60CM TIPO LINK ELEMENTOS SOPORTE ELSO100000|AI|Active|||und|1|1|||...|CSTLPRECIO|0|0|0|0|0|||||
22000032443|1|25039784|ARMADA-COSTADO SENCILO INTERMEDIO 60 TIPO LINK  ELSO101000|AI|Active||10|10|und|1|1|Proceso Tirar Operación|SOLDADURA|SOL.1.1.1|CSTLPRECIO|0|0|0|0|0||||1|
22000032443|2|25039492|PARTE-OMEGA DOBLE COSTADO DOBLE ELSO011023|AI|Active||10|10|und|1|1|Proceso Tirar Operación|DOBLADORAS|DOB.1.1.1|CSTLPRECIO|0|0|0|0|0||||1|
22000032443|3|22008931|LAMINA PLANA CR 4X8  ESPESOR 3.0MM (DECAPADA Y ACEITADA)|MP|Active||20|10|kg|2.056515989|2.056515989|Proceso Tirar Operación|CORTYPUNZ|CYP.1.1.1|CSTLPRECIO|0|0|0|0|0||||1|
22000032443|2|22007704|PARAL PARTE TUBO DE 672MM CORTE A 45 GRADOS EN 1 EXTREMO LKSO201010|MP|Active||20|10|und|2|2|Proceso Tirar Operación|SOLDADURA|MPS.1.1.1|CSTLPRECIO|0|0|0|0|0||||1|
22000032443|2|23703621|TRAVESAÑO CUERPO COSTADO SENCILLO TERMINAL 60CM  LINK LKSO231010|MP|Active||30|10|und|1|1|Proceso Tirar Operación|SOLDADURA|MPS.1.1.1|CSTLPRECIO|0|0|0|0|0||||1|
22000032443|1|22013269|SOPORTE NIVELADOR TUBO CUADRADO MPR060070|MP|Active||20|10|jg|2|2|Proceso Tirar Operación|MP_WIP|EN.1.1.1|CSTLPRECIO|0|0|0|0|0||||1|
22000032443|1|22000320|NIVELADOR 5/16 X 1 1/2 MPR080075|MP|Active||30|10|und|2|2|Proceso Tirar Operación|MP_WIP|EN.1.1.1|CSTLPRECIO|0|0|0|0|0||||1|
22000032443|1|22008555|GENERICO PINTURA EN POLVO MUEBLES|MP|Active||70|10|kg|.16|.16|Proceso Tirar Operación|MP_WIP|PI.1.1.1|CSTLPRECIO|0|0|0|0|0||||1|
22000032443|1|22000150|TUERCA  HEXAGONAL 5/16 ZINCADA|MP|Active||115|10|und|2|2|Proceso Tirar Operación|MP_WIP|EN.1.1.1|CSTLPRECIO|0|0|0|0|0||||1|
22000032443|1|22000197|TORNILLO CABEZA EXTRAPLANA 8 X 3/4 REF: S6075 ZINCADO|MP|Active||125|10|und|16|16|Proceso Tirar Operación|MP_WIP|EN.1.1.1|CSTLPRECIO|0|0|0|0|0||||1|
22000032443|1|25005228|PARTE-COMPLEMENTO LAMINA UNION SUPERFICIES MULTIPLE MAC390010|AI|Active||135|10|und|2|2|Proceso Tirar Operación|DOBLADORAS|DOB.1.1.1|CSTLPRECIO|0|0|0|0|0||||1|
22000032443|2|22008319|LAMINA PLANA HR 4X8  ESPESOR 2.5MM|MP|Active||20|10|kg|.0283908|.0283908|Proceso Tirar Operación|CORTYPUNZ|CYP.1.1.1|CSTLPRECIO|0|0|0|0|0||||1|
22000032568|0|22000032568|VIGA REFUERZO DE 150CM LINK ELEMENTOS SOPORTE ELSO340000|AI|Active|||und|1|1|||...|CSTLPRECIO|0|0|0|0|0|||||
22000032568|1|25039876|ARMADA- VIGA REFUERZO 150 CM ELSO341000|AI|Active||10|10|und|1|1|Proceso Tirar Operación|SOLDADURA|SOL.1.1.1|CSTLPRECIO|0|0|0|0|0||||1|
22000032568|2|25039882|PARTE-CUERPO VIGA REFUERZO 150 CM ELSO341010|AI|Active||10|10|und|1|1|Proceso Tirar Operación|DOBLADORAS|DOB.1.1.1|CSTLPRECIO|0|0|0|0|0||||1|
22000032568|3|22006027|LAMINA PLANA 4X8 ESPESOR 1.20MM|MP|Active||10|10|kg|2.518014121|2.518014121|Proceso Tirar Operación|CORTYPUNZ|CYP.1.1.1|CSTLPRECIO|0|0|0|0|0||||1|
22000032568|2|25002236|PARTE-TERMINAL VIGA COSTADO MAYOR CAPACIDAD MCSO641020|AI|Active||20|10|und|2|2|Proceso Tirar Operación|DOBLADORAS|DOB.1.1.1|CSTLPRECIO|0|0|0|0|0||||1|
22000032568|3|22008931|LAMINA PLANA CR 4X8  ESPESOR 3.0MM (DECAPADA Y ACEITADA)|MP|Active||10|10|kg|.14366|.14366|Proceso Tirar Operación|CORTYPUNZ|CYP.1.1.1|CSTLPRECIO|0|0|0|0|0||||1|
22000032568|2|25026405|PARTE-COMPLEMENTO VIGA REFUERZO LINK ELSO621020|AI|Active||30|10|und|2|2|Proceso Tirar Operación|DOBLADORAS|DOB.1.1.1|CSTLPRECIO|0|0|0|0|0||||1|
22000032568|3|22006027|LAMINA PLANA 4X8 ESPESOR 1.20MM|MP|Active||10|10|kg|.111746189|.111746189|Proceso Tirar Operación|CORTYPUNZ|CYP.1.1.1|CSTLPRECIO|0|0|0|0|0||||1|
22000032568|1|22008555|GENERICO PINTURA EN POLVO MUEBLES|MP|Active||20|10|kg|.06|.06|Proceso Tirar Operación|MP_WIP|PI.1.1.1|CSTLPRECIO|0|0|0|0|0||||1|
22000032568|1|22000197|TORNILLO CABEZA EXTRAPLANA 8 X 3/4 REF: S6075 ZINCADO|MP|Active||35|10|und|6|6|Proceso Tirar Operación|MP_WIP|EN.1.1.1|CSTLPRECIO|0|0|0|0|0||||1|
22000032568|1|22001412|EMPAQUE SUPERFICIE 30 X 2 UNIDADES|ME|Active||40|10|und|.25|.25|Proceso Tirar Operación|MP_WIP|EN.1.1.1|CSTLPRECIO|0|0|0|0|0||||1|
22000036158|0|22000036158|PANEL CONFERENCIA 180CM 180X174X75CM CLAK CLPN030000||Active|||und|1|1|||...|CSTLPRECIO|0|0|0|0|0|||||
22000036158|1|25044811|PARTE-TAPA CUERPO MUEBLE BAJO 180 CLAK CLPN031011|AI|Active||10|10|und|1|1|Proceso Tirar Operación|CARPINT|CSC.1.1.1|CSTLPRECIO|0|0|0|0|0||||1|
22000036158|2|22016194|AGLOMERADO CRUDO DE 1830MM X 2440MM X 18MM|MP|Active||10|10|und|.386492722|.386492722|Proceso Tirar Operación|CARPINT|AGL.1.1.1|CSTLPRECIO|0|0|0|0|0||||1|
22000036158|2|22008689|GENERICO FORMICA 1220MM X 2440MM F8|MP|Active||20|10|und|.567|.567|Proceso Tirar Operación|CARPINT|FOR.1.1.1|CSTLPRECIO|0|0|0|0|0||||1|
22000036158|2|22007604|FORMICA BACKER BLANCO REF: 2112 1220MM X 3060MM F6|MP|Active||30|10|und|.3456|.3456|Proceso Tirar Operación|CARPINT|FOR.1.1.1|CSTLPRECIO|0|0|0|0|0||||1|
22000036158|2|22008522|GENERICO CANTO PLANO DE 22MM ESPESOR 2MM|MP|Active||40|10|m|5.546|5.546|Proceso Tirar Operación|CARPINT|CTA.1.1.1|CSTLPRECIO|0|0|0|0|0||||1|
22000036158|1|25044812|PARTE-BASE CUERPO MUEBLE BAJO 180 CLAK CLPN031012|AI|Active||20|10|und|1|1|Proceso Tirar Operación|CARPINT|CSC.1.1.1|CSTLPRECIO|0|0|0|0|0||||1|
22000036158|2|22008287|AGLOMERADO CRUDO DE 1830MM X 2440MM X 25MM|MP|Active||10|10|und|.390396732|.390396732|Proceso Tirar Operación|CARPINT|AGL.1.1.1|CSTLPRECIO|0|0|0|0|0||||1|
22000036158|2|22007604|FORMICA BACKER BLANCO REF: 2112 1220MM X 3060MM F6|MP|Active||20|10|und|.6913|.6913|Proceso Tirar Operación|CARPINT|FOR.1.1.1|CSTLPRECIO|0|0|0|0|0||||1|
22000036158|2|22008522|GENERICO CANTO PLANO DE 22MM ESPESOR 2MM|MP|Active||30|10|m|5.546|5.546|Proceso Tirar Operación|CARPINT|CTA.1.1.1|CSTLPRECIO|0|0|0|0|0||||1|
22000036158|1|25044491|PARTE-COSTADO CUERPO MUEBLE BAJO 120 CLAK CLPN021013|AI|Active||30|10|und|2|2|Proceso Tirar Operación|CARPINT|CSC.1.1.1|CSTLPRECIO|0|0|0|0|0||||1|
22000036158|2|22016194|AGLOMERADO CRUDO DE 1830MM X 2440MM X 18MM|MP|Active||10|10|und|.126760004|.126760004|Proceso Tirar Operación|CARPINT|AGL.1.1.1|CSTLPRECIO|0|0|0|0|0||||1|
22000036158|2|22008689|GENERICO FORMICA 1220MM X 2440MM F8|MP|Active||20|10|und|.127|.127|Proceso Tirar Operación|CARPINT|FOR.1.1.1|CSTLPRECIO|0|0|0|0|0||||1|
22000036158|2|22008522|GENERICO CANTO PLANO DE 22MM ESPESOR 2MM|MP|Active||30|10|m|2.304|2.304|Proceso Tirar Operación|CARPINT|CTA.1.1.1|CSTLPRECIO|0|0|0|0|0||||1|
22000036158|2|22007604|FORMICA BACKER BLANCO REF: 2112 1220MM X 3060MM F6|MP|Active||40|10|und|.0958|.0958|Proceso Tirar Operación|CARPINT|FOR.1.1.1|CSTLPRECIO|0|0|0|0|0||||1|
22000036158|1|25044813|PARTE-TABIQUE CUERPO MUEBLE BAJO CLAK CLPN031013|AI|Active||35|10|und|2|2|Proceso Tirar Operación|CARPINT|CSC.1.1.1|CSTLPRECIO|0|0|0|0|0||||1|
22000036158|2|22016194|AGLOMERADO CRUDO DE 1830MM X 2440MM X 18MM|MP|Active||10|10|und|.01109454|.01109454|Proceso Tirar Operación|CARPINT|AGL.1.1.1|CSTLPRECIO|0|0|0|0|0||||1|
22000036158|2|22008522|GENERICO CANTO PLANO DE 22MM ESPESOR 2MM|MP|Active||30|10|m|.9851|.9851|Proceso Tirar Operación|CARPINT|CTA.1.1.1|CSTLPRECIO|0|0|0|0|0||||1|
22000036158|2|22007604|FORMICA BACKER BLANCO REF: 2112 1220MM X 3060MM F6|MP|Active||40|10|und|.0916|.0916|Proceso Tirar Operación|CARPINT|FOR.1.1.1|CSTLPRECIO|0|0|0|0|0||||1|
22000036158|1|25044816|PARTE-TABIQUE INTERMEDIO 180 CUERPO MUEBLE BAJO CLAK CLPN021014|AI|Active||36|10|und|1|1|Proceso Tirar Operación|CARPINT|CSC.1.1.1|CSTLPRECIO|0|0|0|0|0||||1|
22000036158|2|22016194|AGLOMERADO CRUDO DE 1830MM X 2440MM X 18MM|MP|Active||15|10|und|.192842923|.192842923|Proceso Tirar Operación|CARPINT|AGL.1.1.1|CSTLPRECIO|0|0|0|0|0||||1|
22000036158|2|22007604|FORMICA BACKER BLANCO REF: 2112 1220MM X 3060MM F6|MP|Active||30|10|und|.450466099|.450466099|Proceso Tirar Operación|CARPINT|FOR.1.1.1|CSTLPRECIO|0|0|0|0|0||||1|
22000036158|1|25045400|PARTE-GANCHO CUERPO MUEBLE BAJO CLAK CLPN021017|AI|Active||40|10|und|2|2|Proceso Tirar Operación|DOBLADORAS|DOB.1.1.1|CSTLPRECIO|0|0|0|0|0||||1|
22000036158|2|22008931|LAMINA PLANA CR 4X8  ESPESOR 3.0MM (DECAPADA Y ACEITADA)|MP|Active||10|10|kg|.3831696|.3831696|Proceso Tirar Operación|CORTYPUNZ|CYP.1.1.1|CSTLPRECIO|0|0|0|0|0||||1|
22000036158|1|22006555|GENERICO TAPA MINIFIX|MP|Active||50|10|und|22|22|Proceso Tirar Operación|MP_WIP|EN.1.1.1|CSTLPRECIO|0|0|0|0|0||||1|
22000036158|1|22012910|COMBI DOWEL 34MM#2 PHILLIPS|MP|Active||60|10|und|22|22|Proceso Tirar Operación|MP_WIP|EN.1.1.1|CSTLPRECIO|0|0|0|0|0||||1|
22000036158|1|22012909|CAM 3000 015X11.9MM|MP|Active||70|10|und|22|22|Proceso Tirar Operación|MP_WIP|EN.1.1.1|CSTLPRECIO|0|0|0|0|0||||1|
22000036158|1|22007761|TORNILLO CABEZA EXTRAPLANA 8 X  9/16 ZINCADO|MP|Active||140|10|und|48|48|Proceso Tirar Operación|MP_WIP|EN.1.1.1|CSTLPRECIO|0|0|0|0|0||||1|
22000036158|1|25044855|PARTE-CUERPO NAVE CENTRAL MUEBLE BAJO CLAK CLPN031031|AI|Active||145|10|und|1|1|Proceso Tirar Operación|CARPINT|CSC.1.1.1|CSTLPRECIO|0|0|0|0|0||||1|
22000036158|2|22016194|AGLOMERADO CRUDO DE 1830MM X 2440MM X 18MM|MP|Active||10|10|und|.054867442|.054867442|Proceso Tirar Operación|CARPINT|AGL.1.1.1|CSTLPRECIO|0|0|0|0|0||||1|
22000036158|2|22008689|GENERICO FORMICA 1220MM X 2440MM F8|MP|Active||20|10|und|.091666669|.091666669|Proceso Tirar Operación|CARPINT|FOR.1.1.1|CSTLPRECIO|0|0|0|0|0||||1|
22000036158|2|22008522|GENERICO CANTO PLANO DE 22MM ESPESOR 2MM|MP|Active||30|10|m|2.678|2.678|Proceso Tirar Operación|CARPINT|CTA.1.1.1|CSTLPRECIO|0|0|0|0|0||||1|
22000036158|2|22007604|FORMICA BACKER BLANCO REF: 2112 1220MM X 3060MM F6|MP|Active||40|10|und|.073333337|.073333337|Proceso Tirar Operación|CARPINT|FOR.1.1.1|CSTLPRECIO|0|0|0|0|0||||1|
22000036158|1|25044496|PARTE-CUERPO DERECHO NAVE PANEL CONFERENCIA CLAK CLPN031021|AI|Active||150|10|und|1|1|Proceso Tirar Operación|CARPINT|CSC.1.1.1|CSTLPRECIO|0|0|0|0|0||||1|
22000036158|2|22016194|AGLOMERADO CRUDO DE 1830MM X 2440MM X 18MM|MP|Active||10|10|und|.054867442|.054867442|Proceso Tirar Operación|CARPINT|AGL.1.1.1|CSTLPRECIO|0|0|0|0|0||||1|
22000036158|2|22008689|GENERICO FORMICA 1220MM X 2440MM F8|MP|Active||20|10|und|.0916|.0916|Proceso Tirar Operación|CARPINT|FOR.1.1.1|CSTLPRECIO|0|0|0|0|0||||1|
22000036158|2|22008522|GENERICO CANTO PLANO DE 22MM ESPESOR 2MM|MP|Active||30|10|m|2.078|2.078|Proceso Tirar Operación|CARPINT|CTA.1.1.1|CSTLPRECIO|0|0|0|0|0||||1|
22000036158|2|22007604|FORMICA BACKER BLANCO REF: 2112 1220MM X 3060MM F6|MP|Active||40|10|und|.073333337|.073333337|Proceso Tirar Operación|CARPINT|FOR.1.1.1|CSTLPRECIO|0|0|0|0|0||||1|
22000036158|1|25044783|PARTE-CUERPO IZQUIERDO NAVE PANEL CONFERENCIA CLAK CLPN031021|AI|Active||155|10|und|1|1|Proceso Tirar Operación|CARPINT|CSC.1.1.1|CSTLPRECIO|0|0|0|0|0||||1|
22000036158|2|22016194|AGLOMERADO CRUDO DE 1830MM X 2440MM X 18MM|MP|Active||10|10|und|.054867442|.054867442|Proceso Tirar Operación|CARPINT|AGL.1.1.1|CSTLPRECIO|0|0|0|0|0||||1|
22000036158|2|22008689|GENERICO FORMICA 1220MM X 2440MM F8|MP|Active||20|10|und|.0916|.0916|Proceso Tirar Operación|CARPINT|FOR.1.1.1|CSTLPRECIO|0|0|0|0|0||||1|
22000036158|2|22008522|GENERICO CANTO PLANO DE 22MM ESPESOR 2MM|MP|Active||30|10|m|2.078|2.078|Proceso Tirar Operación|CARPINT|CTA.1.1.1|CSTLPRECIO|0|0|0|0|0||||1|
22000036158|2|22007604|FORMICA BACKER BLANCO REF: 2112 1220MM X 3060MM F6|MP|Active||40|10|und|.073333337|.073333337|Proceso Tirar Operación|CARPINT|FOR.1.1.1|CSTLPRECIO|0|0|0|0|0||||1|
22000036158|1|22000575|CUERPO CYLINDER BODY CB-280 TYPE 280|MP|Active||160|10|und|1|1|Proceso Tirar Operación|MP_WIP|EN.1.1.1|CSTLPRECIO|0|0|0|0|0||||1|
22000036158|1|22000248|TORNILLO DE 6 X 5/8 CCPH PRIVILEGIO ZN|MP|Active||170|10|und|14|14|Proceso Tirar Operación|MP_WIP|EN.1.1.1|CSTLPRECIO|0|0|0|0|0||||1|
22000036158|1|22000568|CERRADURA LP-300 LOCK PLUG BLACK 100T-599T 10 EACH|MP|Active||180|10|und|1|1|Proceso Tirar Operación|MP_WIP|EN.1.1.1|CSTLPRECIO|0|0|0|0|0||||1|
22000036158|1|22000569|ANILLO CERRADURA BZ-300 BEZEL BLACK|MP|Active||190|10|und|1|1|Proceso Tirar Operación|MP_WIP|EN.1.1.1|CSTLPRECIO|0|0|0|0|0||||1|
22000036158|1|22000201|TUERCA DELGADA REMACHABLE  5/16 REF: DLS 518/150 ALA-AVEDEL|MP|Active||200|10|und|6|6|Proceso Tirar Operación|MP_WIP|EN.1.1.1|CSTLPRECIO|0|0|0|0|0||||1|
22000036158|1|22000552|NIVELADOR DE 5/16 X 3/4 MPR080076|MP|Active||210|10|und|6|6|Proceso Tirar Operación|MP_WIP|EN.1.1.1|CSTLPRECIO|0|0|0|0|0||||1|
22000036158|1|25044814|ARMADA-MARCO LATERAL MARCO PANEL CONFERENCIA CLAK CLPN032000|AI|Active||220|10|und|2|2|Proceso Tirar Operación|SOLDADURA|SOL.1.1.1|CSTLPRECIO|0|0|0|0|0||||1|
22000036158|2|25044789|PARTE-CUERPO TRAVESAÑO INFERIOR 60 MARCO CLAK CLPN022021|AI|Active||10|10|und|1|1|Proceso Tirar Operación|TRONZSILLA|TRS.1.1.1|CSTLPRECIO|0|0|0|0|0||||1|
22000036158|3|22009505|TUBO RECTANGULAR 1 X 1/2 6000MM CALIBRE 16|MP|Active||10|10|und|.083333|.083333|Proceso Tirar Operación|TRONZSILLA|MTS.1.1.1|CSTLPRECIO|0|0|0|0|0||||1|
22000036158|2|25044790|PARTE-PLATINA TRAVESAÑO INFERIOR 60 MARCO CLAK CLPN022022|AI|Active||20|10|und|1|1|Proceso Tirar Operación|DOBLADORAS|DOB.1.1.1|CSTLPRECIO|0|0|0|0|0||||1|
22000036158|3|22008722|LAMINA PLANA CR 4X8 ESPESOR 1.90MM|MP|Active||10|10|kg|.4|.4|Proceso Tirar Operación|CORTYPUNZ|CYP.1.1.1|CSTLPRECIO|0|0|0|0|0||||1|
22000036158|2|25044791|PARTE-SOPORTE TRAVESAÑO INFERIOR KIT TRAVESAÑO INFERIOR CLAK CLPN041014|AI|Active||30|10|und|2|2|Proceso Tirar Operación|DOBLADORAS|DOB.1.1.1|CSTLPRECIO|0|0|0|0|0||||1|
22000036158|3|22008722|LAMINA PLANA CR 4X8 ESPESOR 1.90MM|MP|Active||10|10|kg|.09887|.09887|Proceso Tirar Operación|CORTYPUNZ|CYP.1.1.1|CSTLPRECIO|0|0|0|0|0||||1|
22000036158|2|25044792|PARTE-PARAL SUPERIOR MARCO PANEL CONFERENCIA CLAK CLPN022030|AI|Active||40|10|und|2|2|Proceso Tirar Operación|DOBLADORAS|DOB.1.1.1|CSTLPRECIO|0|0|0|0|0||||1|
22000036158|3|22006027|LAMINA PLANA 4X8 ESPESOR 1.20MM|MP|Active||10|10|kg|2.598|2.598|Proceso Tirar Operación|CORTYPUNZ|CYP.1.1.1|CSTLPRECIO|0|0|0|0|0||||1|
22000036158|2|25044793|PARTE-PARAL INFERIOR MARCO PANEL CONFERENCIA CLAK CLPN022040|AI|Active||50|10|und|2|2|Proceso Tirar Operación|DOBLADORAS|DOB.1.1.1|CSTLPRECIO|0|0|0|0|0||||1|
22000036158|3|22006027|LAMINA PLANA 4X8 ESPESOR 1.20MM|MP|Active||10|10|kg|1.019|1.019|Proceso Tirar Operación|CORTYPUNZ|CYP.1.1.1|CSTLPRECIO|0|0|0|0|0||||1|
22000036158|2|25044795|PARTE-TRAVESAÑO TOMAS 60 MARCO CENTRAL PANEL CONFERENCIA CLPN022050|AI|Active||60|10|und|1|1|Proceso Tirar Operación|DOBLADORAS|DOB.1.1.1|CSTLPRECIO|0|0|0|0|0||||1|
22000036158|3|22006027|LAMINA PLANA 4X8 ESPESOR 1.20MM|MP|Active||10|10|kg|.474|.474|Proceso Tirar Operación|CORTYPUNZ|CYP.1.1.1|CSTLPRECIO|0|0|0|0|0||||1|
22000036158|2|25023340|PRE-ARMADA-TRAVESAÑO SUPERIOR 60 KIT TRAVESAÑO SUPERIOR MARCO PANEL CRITTERIUM 8 CRMA011020|AI|Active||70|10|und|1|1|Proceso Tirar Operación|SOLDADURA|SOL.1.1.1|CSTLPRECIO|0|0|0|0|0||||1|
22000036158|3|25023332|PARTE-TRAVESAÑO SUPERIOR 60CM MARCO PANEL CRITTERIUM CRMA011021|AI|Active||10|10|und|1|1|Proceso Tirar Operación|TRONZSILLA|TRS.1.1.1|CSTLPRECIO|0|0|0|0|0||||1|
22000036158|4|22000914|TUBO RECTANGULAR  DE 20MM X 40MM 6000MM CALIBRE 20|MP|Active||10|10|und|.08333|.08333|Proceso Tirar Operación|TRONZSILLA|MTS.1.1.1|CSTLPRECIO|0|0|0|0|0||||1|
22000036158|3|25023346|PARTE-PLATINA FIJACION KIT TRAVESAÑO SUPERIOR MARCO PANEL CRITTERIUM 8 CRMA011022|AI|Active||20|10|und|2|2|Proceso Tirar Operación|DOBLADORAS|DOB.1.1.1|CSTLPRECIO|0|0|0|0|0||||1|
22000036158|4|22008722|LAMINA PLANA CR 4X8 ESPESOR 1.90MM|MP|Active||10|10|kg|.035062638|.035062638|Proceso Tirar Operación|CORTYPUNZ|CYP.1.1.1|CSTLPRECIO|0|0|0|0|0||||1|
22000036158|1|25044815|ARMADA-MARCO CENTRAL PANEL CONFERENCIA CLAK CLPN033000|AI|Active||225|10|und|1|1|Proceso Tirar Operación|SOLDADURA|SOL.1.1.1|CSTLPRECIO|0|0|0|0|0||||1|
22000036158|2|25044789|PARTE-CUERPO TRAVESAÑO INFERIOR 60 MARCO CLAK CLPN022021|AI|Active||10|10|und|1|1|Proceso Tirar Operación|TRONZSILLA|TRS.1.1.1|CSTLPRECIO|0|0|0|0|0||||1|
22000036158|3|22009505|TUBO RECTANGULAR 1 X 1/2 6000MM CALIBRE 16|MP|Active||10|10|und|.083333|.083333|Proceso Tirar Operación|TRONZSILLA|MTS.1.1.1|CSTLPRECIO|0|0|0|0|0||||1|
22000036158|2|25044790|PARTE-PLATINA TRAVESAÑO INFERIOR 60 MARCO CLAK CLPN022022|AI|Active||20|10|und|1|1|Proceso Tirar Operación|DOBLADORAS|DOB.1.1.1|CSTLPRECIO|0|0|0|0|0||||1|
22000036158|3|22008722|LAMINA PLANA CR 4X8 ESPESOR 1.90MM|MP|Active||10|10|kg|.4|.4|Proceso Tirar Operación|CORTYPUNZ|CYP.1.1.1|CSTLPRECIO|0|0|0|0|0||||1|
22000036158|2|25044791|PARTE-SOPORTE TRAVESAÑO INFERIOR KIT TRAVESAÑO INFERIOR CLAK CLPN041014|AI|Active||30|10|und|2|2|Proceso Tirar Operación|DOBLADORAS|DOB.1.1.1|CSTLPRECIO|0|0|0|0|0||||1|
22000036158|3|22008722|LAMINA PLANA CR 4X8 ESPESOR 1.90MM|MP|Active||10|10|kg|.09887|.09887|Proceso Tirar Operación|CORTYPUNZ|CYP.1.1.1|CSTLPRECIO|0|0|0|0|0||||1|
22000036158|2|25044792|PARTE-PARAL SUPERIOR MARCO PANEL CONFERENCIA CLAK CLPN022030|AI|Active||40|10|und|2|2|Proceso Tirar Operación|DOBLADORAS|DOB.1.1.1|CSTLPRECIO|0|0|0|0|0||||1|
22000036158|3|22006027|LAMINA PLANA 4X8 ESPESOR 1.20MM|MP|Active||10|10|kg|2.598|2.598|Proceso Tirar Operación|CORTYPUNZ|CYP.1.1.1|CSTLPRECIO|0|0|0|0|0||||1|
22000036158|2|25044793|PARTE-PARAL INFERIOR MARCO PANEL CONFERENCIA CLAK CLPN022040|AI|Active||50|10|und|2|2|Proceso Tirar Operación|DOBLADORAS|DOB.1.1.1|CSTLPRECIO|0|0|0|0|0||||1|
22000036158|3|22006027|LAMINA PLANA 4X8 ESPESOR 1.20MM|MP|Active||10|10|kg|1.019|1.019|Proceso Tirar Operación|CORTYPUNZ|CYP.1.1.1|CSTLPRECIO|0|0|0|0|0||||1|
22000036158|2|25044795|PARTE-TRAVESAÑO TOMAS 60 MARCO CENTRAL PANEL CONFERENCIA CLPN022050|AI|Active||60|10|und|1|1|Proceso Tirar Operación|DOBLADORAS|DOB.1.1.1|CSTLPRECIO|0|0|0|0|0||||1|
22000036158|3|22006027|LAMINA PLANA 4X8 ESPESOR 1.20MM|MP|Active||10|10|kg|.474|.474|Proceso Tirar Operación|CORTYPUNZ|CYP.1.1.1|CSTLPRECIO|0|0|0|0|0||||1|
22000036158|2|25023340|PRE-ARMADA-TRAVESAÑO SUPERIOR 60 KIT TRAVESAÑO SUPERIOR MARCO PANEL CRITTERIUM 8 CRMA011020|AI|Active||70|10|und|1|1|Proceso Tirar Operación|SOLDADURA|SOL.1.1.1|CSTLPRECIO|0|0|0|0|0||||1|
22000036158|3|25023332|PARTE-TRAVESAÑO SUPERIOR 60CM MARCO PANEL CRITTERIUM CRMA011021|AI|Active||10|10|und|1|1|Proceso Tirar Operación|TRONZSILLA|TRS.1.1.1|CSTLPRECIO|0|0|0|0|0||||1|
22000036158|4|22000914|TUBO RECTANGULAR  DE 20MM X 40MM 6000MM CALIBRE 20|MP|Active||10|10|und|.08333|.08333|Proceso Tirar Operación|TRONZSILLA|MTS.1.1.1|CSTLPRECIO|0|0|0|0|0||||1|
22000036158|3|25023346|PARTE-PLATINA FIJACION KIT TRAVESAÑO SUPERIOR MARCO PANEL CRITTERIUM 8 CRMA011022|AI|Active||20|10|und|2|2|Proceso Tirar Operación|DOBLADORAS|DOB.1.1.1|CSTLPRECIO|0|0|0|0|0||||1|
22000036158|4|22008722|LAMINA PLANA CR 4X8 ESPESOR 1.90MM|MP|Active||10|10|kg|.035062638|.035062638|Proceso Tirar Operación|CORTYPUNZ|CYP.1.1.1|CSTLPRECIO|0|0|0|0|0||||1|
22000036158|2|25044796|PARTE-SOPORTE MONITOR CUERPO CENTRAL CLAK CLPN042012|AI|Active||80|10|und|1|1|Proceso Tirar Operación|DOBLADORAS|DOB.1.1.1|CSTLPRECIO|0|0|0|0|0||||1|
22000036158|3|22008931|LAMINA PLANA CR 4X8  ESPESOR 3.0MM (DECAPADA Y ACEITADA)|MP|Active||10|10|kg|4.71|4.71|Proceso Tirar Operación|CORTYPUNZ|CYP.1.1.1|CSTLPRECIO|0|0|0|0|0||||1|
22000036158|1|25044785|PARTE-CUERPO ZOCALO INTERMEDIO 180 CLAK CLPN023010|AI|Active||230|10|und|1|1|Proceso Tirar Operación|DOBLADORAS|DOB.1.1.1|CSTLPRECIO|0|0|0|0|0||||1|
22000036158|2|22006061|LAMINA PLANA 4X8 ESPESOR 0.75MM|MP|Active||10|10|kg|2.22|2.22|Proceso Tirar Operación|CORTYPUNZ|CYP.1.1.1|CSTLPRECIO|0|0|0|0|0||||1|
22000036158|1|22007008|PERFIL OCULTA CABLES GRIS CLARO ESPECIAL MPR060-027|MP|Active||240|10|m|1.8|1.8|Proceso Tirar Operación|MP_WIP|EN.1.1.1|CSTLPRECIO|0|0|0|0|0||||1|
22000036158|1|22007022|SOPORTE PIVOTE TAPA ZOCALO 1/2 MEDIA ALTURA E INTERMEDIA GRIS NOPAL MPR080068|MP|Active||250|10|jg|1|1|Proceso Tirar Operación|MP_WIP|EN.1.1.1|CSTLPRECIO|0|0|0|0|0||||1|
22000036158|1|22000212|TORNILLO AUTOROSCANTE 6 3/8 ZINCADO|MP|Active||260|10|und|4|4|Proceso Tirar Operación|MP_WIP|EN.1.1.1|CSTLPRECIO|0|0|0|0|0||||1|
22000036158|1|22008866|PERFIL PLASTICO TRANSPARENTE REF:JO491  CON VENA  X METRO BALDOSAS MPR060019|MP|Active||270|10|m|3.6|3.6|Proceso Tirar Operación|MP_WIP|EN.1.1.1|CSTLPRECIO|0|0|0|0|0||||1|
22000036158|1|25044798|ARMADA-CINTA TERMINAL PANEL CONFERENCIA CLAK CLPN024010|AI|Active||280|10|und|2|2|Proceso Tirar Operación|SOLDADURA|SOL.1.1.1|CSTLPRECIO|0|0|0|0|0||||1|
22000036158|2|25044799|PARTE-CUERPO CINTA TERMINAL PANEL CONFERENCIA CLAK CLPN024011|AI|Active||10|10|und|1|1|Proceso Tirar Operación|DOBLADORAS|DOB.1.1.1|CSTLPRECIO|0|0|0|0|0||||1|
22000036158|3|22006037|LAMINA PLANA 4X8 ESPESOR 0.9MM|MP|Active||10|10|kg|2.11|2.11|Proceso Tirar Operación|CORTYPUNZ|CYP.1.1.1|CSTLPRECIO|0|0|0|0|0||||1|
22000036158|2|25044800|PARTE-CUERPO SOPORTE CINTA TERMINAL PANEL CONFERENCIA CLAK CLPN044013|AI|Active||20|10|und|3|3|Proceso Tirar Operación|DOBLADORAS|DOB.1.1.1|CSTLPRECIO|0|0|0|0|0||||1|
22000036158|3|22006061|LAMINA PLANA 4X8 ESPESOR 0.75MM|MP|Active||10|10|kg|.04|.04|Proceso Tirar Operación|CORTYPUNZ|CYP.1.1.1|CSTLPRECIO|0|0|0|0|0||||1|
22000036158|2|22000150|TUERCA  HEXAGONAL 5/16 ZINCADA|MP|Active||30|10|und|3|3|Proceso Tirar Operación|SOLDADURA|MPS.1.1.1|CSTLPRECIO|0|0|0|0|0||||1|
22000036158|2|22002215|TORNILLO CABEZA HEXAGONAL 5/16 X 1 ZINCADO|MP|Active||40|10|und|3|3|Proceso Tirar Operación|SOLDADURA|MPS.1.1.1|CSTLPRECIO|0|0|0|0|0||||1|
22000036158|1|25044801|PARTE-SOPORTE TUERCA CINTA TERMINAL PANEL CONFERENCIA CLAK CLPN044020|AI|Active||290|10|und|6|6|Proceso Tirar Operación|DOBLADORAS|DOB.1.1.1|CSTLPRECIO|0|0|0|0|0||||1|
22000036158|2|22008722|LAMINA PLANA CR 4X8 ESPESOR 1.90MM|MP|Active||10|10|kg|.027565|.027565|Proceso Tirar Operación|CORTYPUNZ|CYP.1.1.1|CSTLPRECIO|0|0|0|0|0||||1|
22000036158|1|25044803|ARMADA-BISEL SUPERIOR 180 PANEL CONFERENCIA CLAK CLPN025010|AI|Active||300|10|und|1|1|Proceso Tirar Operación|SOLDADURA|SOL.1.1.1|CSTLPRECIO|0|0|0|0|0||||1|
22000036158|2|25044805|PARTE-CUERPO BISEL SUPERIOR 180 PANEL CONFERENCIA CLAK CLPN025011|AI|Active||10|10|und|1|1|Proceso Tirar Operación|DOBLADORAS|DOB.1.1.1|CSTLPRECIO|0|0|0|0|0||||1|
22000036158|3|22006037|LAMINA PLANA 4X8 ESPESOR 0.9MM|MP|Active||10|10|kg|2.73772|2.73772|Proceso Tirar Operación|CORTYPUNZ|CYP.1.1.1|CSTLPRECIO|0|0|0|0|0||||1|
22000036158|2|25044806|PARTE-SOPORTE PIN BISEL CLAK CLPN025012|AI|Active||20|10|und|2|2|Proceso Tirar Operación|DOBLADORAS|DOB.1.1.1|CSTLPRECIO|0|0|0|0|0||||1|
22000036158|3|22006027|LAMINA PLANA 4X8 ESPESOR 1.20MM|MP|Active||10|10|kg|.1014|.1014|Proceso Tirar Operación|CORTYPUNZ|CYP.1.1.1|CSTLPRECIO|0|0|0|0|0||||1|
22000036158|2|25045403|PARTE-SOPORTE PUNTERA MODULO CONFERENCIA CLAK CLPN043020|AI|Active||30|10|und|2|2|Proceso Tirar Operación|DOBLADORAS|DOB.1.1.1|CSTLPRECIO|0|0|0|0|0||||1|
22000036158|3|22006037|LAMINA PLANA 4X8 ESPESOR 0.9MM|MP|Active||10|10|kg|.049768506|.049768506|Proceso Tirar Operación|CORTYPUNZ|CYP.1.1.1|CSTLPRECIO|0|0|0|0|0||||1|
22000036158|1|22000656|PIN INSEPARABLE SIS8 MPR050056|MP|Active||310|10|und|4|4|Proceso Tirar Operación|MP_WIP|EN.1.1.1|CSTLPRECIO|0|0|0|0|0||||1|
22000036158|1|22000661|PIN INSEPARABLE MPR050000|MP|Active||330|10|und|14|14|Proceso Tirar Operación|MP_WIP|EN.1.1.1|CSTLPRECIO|0|0|0|0|0||||1|
22000036158|1|22000354|MANGUITO NYLON M6 DIAM 11/11 REF.039-33-364|MP|Active||340|10|und|14|14|Proceso Tirar Operación|MP_WIP|EN.1.1.1|CSTLPRECIO|0|0|0|0|0||||1|
22000036158|1|25044488|PARTE-CONECTOR TV PANEL CONFERENCIA CLAK CLPN040020|AI|Active||380|10|und|1|1|Proceso Tirar Operación|DOBLADORAS|DOB.1.1.1|CSTLPRECIO|0|0|0|0|0||||1|
22000036158|2|22008931|LAMINA PLANA CR 4X8  ESPESOR 3.0MM (DECAPADA Y ACEITADA)|MP|Active||10|10|kg|2.977|2.977|Proceso Tirar Operación|CORTYPUNZ|CYP.1.1.1|CSTLPRECIO|0|0|0|0|0||||1|
22000036158|1|22008555|GENERICO PINTURA EN POLVO MUEBLES|MP|Active||390|10|kg|.66714|.66714|Proceso Tirar Operación|MP_WIP|PI.1.1.1|CSTLPRECIO|0|0|0|0|0||||1|
22000036158|1|22000197|TORNILLO CABEZA EXTRAPLANA 8 X 3/4 REF: S6075 ZINCADO|MP|Active||400|10|und|18|18|Proceso Tirar Operación|MP_WIP|EN.1.1.1|CSTLPRECIO|0|0|0|0|0||||1|
22000036158|1|22000261|TORNILLO CABEZA HEXAGONAL 5/16 X 3/4 ZINCADO|MP|Active||410|10|und|6|6|Proceso Tirar Operación|MP_WIP|EN.1.1.1|CSTLPRECIO|0|0|0|0|0||||1|
22000036158|1|22000150|TUERCA  HEXAGONAL 5/16 ZINCADA|MP|Active||420|10|und|6|6|Proceso Tirar Operación|MP_WIP|EN.1.1.1|CSTLPRECIO|0|0|0|0|0||||1|
22000036158|1|25044850|ARMADA-ESPALDA DE 180CM CUERPO MUEBLE BAJO CLAK CLPN021015|AI|Active||430|10|und|1|1|Proceso Tirar Operación|SOLDADURA|SOL.1.1.1|CSTLPRECIO|0|0|0|0|0||||1|
22000036158|2|25044852|PARTE-ESPALDA DE 180CM CUERPO MUEBLE BAJO CLAK CLPN021016|AI|Active||10|10|und|1|1|Proceso Tirar Operación|DOBLADORAS|DOB.1.1.1|CSTLPRECIO|0|0|0|0|0||||1|
22000036158|3|22006037|LAMINA PLANA 4X8 ESPESOR 0.9MM|MP|Active||10|10|kg|5.36089104|5.36089104|Proceso Tirar Operación|CORTYPUNZ|CYP.1.1.1|CSTLPRECIO|0|0|0|0|0||||1|
22000036158|2|25008166|PARTE-REFUERZO ENTREPAÑO 90CM BIBLIOTECA ALMACENAMIENTO ALM1172020|AI|Active||20|10|und|1|1|Proceso Tirar Operación|DOBLADORAS|DOB.1.1.1|CSTLPRECIO|0|0|0|0|0||||1|
22000036158|3|22006037|LAMINA PLANA 4X8 ESPESOR 0.9MM|MP|Active||10|10|kg|.462273201|.462273201|Proceso Tirar Operación|CORTYPUNZ|CYP.1.1.1|CSTLPRECIO|0|0|0|0|0||||1|
22000036158|1|25044817|PARTE-CUERPO BALDOSA TRASERA 180 PANEL CONFERENCIA CLPN035010|AI|Active||470|10|und|2|2|Proceso Tirar Operación|CARPINT|CSC.1.1.1|CSTLPRECIO|0|0|0|0|0||||1|
22000036158|2|22008692|AGLOMERADO CRUDO DE 1830X2440MM ESPESOR 15MM|MP|Active||10|10|und|.403437079|.403437079|Proceso Tirar Operación|CARPINT|AGL.1.1.1|CSTLPRECIO|0|0|0|0|0||||1|
22000036158|2|22008689|GENERICO FORMICA 1220MM X 2440MM F8|MP|Active||20|10|und|.5678|.5678|Proceso Tirar Operación|CARPINT|FOR.1.1.1|CSTLPRECIO|0|0|0|0|0||||1|
22000036158|2|22007604|FORMICA BACKER BLANCO REF: 2112 1220MM X 3060MM F6|MP|Active||30|10|und|.345687351|.345687351|Proceso Tirar Operación|CARPINT|FOR.1.1.1|CSTLPRECIO|0|0|0|0|0||||1|
22000036158|2|22008522|GENERICO CANTO PLANO DE 22MM ESPESOR 2MM|MP|Active||40|10|m|4.9|4.9|Proceso Tirar Operación|CARPINT|CTA.1.1.1|CSTLPRECIO|0|0|0|0|0||||1|
22000036158|1|25044818|PARTE-CUERPO BALDOSA FRONTAL PANEL CONFERENCIA CLAK CLPN034010|AI|Active||480|10|und|1|1|Proceso Tirar Operación|CARPINT|CSC.1.1.1|CSTLPRECIO|0|0|0|0|0||||1|
22000036158|2|22008692|AGLOMERADO CRUDO DE 1830X2440MM ESPESOR 15MM|MP|Active||10|10|und|.806874157|.806874157|Proceso Tirar Operación|CARPINT|AGL.1.1.1|CSTLPRECIO|0|0|0|0|0||||1|
22000036158|2|22008689|GENERICO FORMICA 1220MM X 2440MM F8|MP|Active||20|10|und|1|1|Proceso Tirar Operación|CARPINT|FOR.1.1.1|CSTLPRECIO|0|0|0|0|0||||1|
22000036158|2|22007604|FORMICA BACKER BLANCO REF: 2112 1220MM X 3060MM F6|MP|Active||30|10|und|.675|.675|Proceso Tirar Operación|CARPINT|FOR.1.1.1|CSTLPRECIO|0|0|0|0|0||||1|
22000036158|2|22008522|GENERICO CANTO PLANO DE 22MM ESPESOR 2MM|MP|Active||40|10|m|6.388|6.388|Proceso Tirar Operación|CARPINT|CTA.1.1.1|CSTLPRECIO|0|0|0|0|0||||1|
22000036158|1|25044858|ARMADA-ENTREPAÑO MUEBLE BAJO CLAK CLPN031040|AI|Active||490|10|und|1|1|Proceso Tirar Operación|SOLDADURA|SOL.1.1.1|CSTLPRECIO|0|0|0|0|0||||1|
22000036158|2|25044856|PARTE-CUERPO ENTREPAÑO MUEBLE BAJO CLAK CLPN031041|AI|Active||10|10|und|1|1|Proceso Tirar Operación|DOBLADORAS|DOB.1.1.1|CSTLPRECIO|0|0|0|0|0||||1|
22000036158|3|22006037|LAMINA PLANA 4X8 ESPESOR 0.9MM|MP|Active||10|10|kg|1.974150738|1.974150738|Proceso Tirar Operación|CORTYPUNZ|CYP.1.1.1|CSTLPRECIO|0|0|0|0|0||||1|
22000036158|2|25044857|PARTE-REFUERZO  ENTREPAÑO MUEBLE BAJO CLAK CLPN031042|AI|Active||20|10|und|1|1|Proceso Tirar Operación|DOBLADORAS|DOB.1.1.1|CSTLPRECIO|0|0|0|0|0||||1|
22000036158|3|22006037|LAMINA PLANA 4X8 ESPESOR 0.9MM|MP|Active||10|10|kg|.339105096|.339105096|Proceso Tirar Operación|CORTYPUNZ|CYP.1.1.1|CSTLPRECIO|0|0|0|0|0||||1|
22000036158|1|25045397|PARTE-SOPORTE MUEBLE BAJO CLAK CLPN031050|AI|Active||500|10|und|4|4|Proceso Tirar Operación|DOBLADORAS|DOB.1.1.1|CSTLPRECIO|0|0|0|0|0||||1|
22000036158|2|22004764|LAMINA PLANA GALVANIZADA 4 X 8 ESPESOR 0.90MM|MP|Active||20|10|kg|.039231342|.039231342|Proceso Tirar Operación|CORTYPUNZ|CYP.1.1.1|CSTLPRECIO|0|0|0|0|0||||1|
22000036158|1|25044808|PARTE-CUERPO PORTATOMAS MARCO PANEL CLAK CLPN021051|AI|Active||510|10|und|1|1|Proceso Tirar Operación|DOBLADORAS|DOB.1.1.1|CSTLPRECIO|0|0|0|0|0||||1|
22000036158|2|22006037|LAMINA PLANA 4X8 ESPESOR 0.9MM|MP|Active||10|10|kg|.422|.422|Proceso Tirar Operación|CORTYPUNZ|CYP.1.1.1|CSTLPRECIO|0|0|0|0|0||||1|
22000036158|1|22000355|SOPORTE ENTREPANO BIBLIOTECA NYLON 6X9 CGSN5010 MPR050041|MP|Active||520|10|und|4|4|Proceso Tirar Operación|MP_WIP|EN.1.1.1|CSTLPRECIO|0|0|0|0|0||||1|
22000036158|1|25045398|PARTE-ENGACHE IZQUIERDO BALDOSA FRONTAL CLPN047020|AI|Active||530|10|und|3|3|Proceso Tirar Operación|DOBLADORAS|DOB.1.1.1|CSTLPRECIO|0|0|0|0|0||||1|
22000036158|2|22006027|LAMINA PLANA 4X8 ESPESOR 1.20MM|MP|Active||10|10|kg|.059902181|.059902181|Proceso Tirar Operación|CORTYPUNZ|CYP.1.1.1|CSTLPRECIO|0|0|0|0|0||||1|
22000036158|1|25045399|PARTE-ENGACHE DERECHO BALDOSA FRONTAL CLPN047020|AI|Active||540|10|und|3|3|Proceso Tirar Operación|DOBLADORAS|DOB.1.1.1|CSTLPRECIO|0|0|0|0|0||||1|
22000036158|2|22006027|LAMINA PLANA 4X8 ESPESOR 1.20MM|MP|Active||10|10|kg|.059902181|.059902181|Proceso Tirar Operación|CORTYPUNZ|CYP.1.1.1|CSTLPRECIO|0|0|0|0|0||||1|
22000036158|1|22013087|VAIVÉN DE PRESIÓN PUSH HÄFELE REF:329-44-501|MP|Active||560|10|und|3|3|Proceso Tirar Operación|MP_WIP|EN.1.1.1|CSTLPRECIO|0|0|0|0|0||||1|
22000036158|1|22013088|PIEZA DE CIERRE PUSH HÄFELE REF 329-44-532|MP|Active||570|10|und|3|3|Proceso Tirar Operación|MP_WIP|EN.1.1.1|CSTLPRECIO|0|0|0|0|0||||1|
22000036158|1|22013086|PLACA DE MONTAJE DUOMATIC PUSH HAFELE REF:329-67-040  (ENVIAR POR PARES)|MP|Active||580|10|par|3|3|Proceso Tirar Operación|MP_WIP|EN.1.1.1|CSTLPRECIO|0|0|0|0|0||||1|
22000036158|1|22013085|BISAGRA DUOMATIC PUSH HAFELE REF:329-17-900 (ENVIAR POR PARES)|MP|Active||600|10|par|3|3|Proceso Tirar Operación|MP_WIP|EN.1.1.1|CSTLPRECIO|0|0|0|0|0||||1|
22000037808|0|22000037808|BANDEJA PP CABLEADO 150X33X12CM A PANEL MODULO CONFERENCIA SABMILLER CLES040068|AI|Active|||und|1|1|||...|CSTLPRECIO|0|0|0|0|0|||||
22000037808|1|25047147|ARMADA-CUERPO BANDEJA CABLEADO DE 150CM CLES040069|AI|Active||10|10|und|1|1|Proceso Tirar Operación|SOLDADURA|SOL.1.1.1|CSTLPRECIO|0|0|0|0|0||||1|
22000037808|2|25047144|PARTE-SEPARADOR CUERPO DUCTO DE 150CM CLES040072|AI|Active||10|10|und|1|1|Proceso Tirar Operación|DOBLADORAS|DOB.1.1.1|CSTLPRECIO|0|0|0|0|0||||1|
22000037808|3|22006037|LAMINA PLANA 4X8 ESPESOR 0.9MM|MP|Active||10|10|kg|.80994|.80994|Proceso Tirar Operación|CORTYPUNZ|CYP.1.1.1|CSTLPRECIO|0|0|0|0|0||||1|
22000037808|2|25047146|PARTE-CUERPO BANDEJA CABLEADO CLES040070|AI|Active||20|10|und|1|1|Proceso Tirar Operación|DOBLADORAS|DOB.1.1.1|CSTLPRECIO|0|0|0|0|0||||1|
22000037808|3|22006027|LAMINA PLANA 4X8 ESPESOR 1.20MM|MP|Active||10|10|kg|7.3346|7.3346|Proceso Tirar Operación|CORTYPUNZ|CYP.1.1.1|CSTLPRECIO|0|0|0|0|0||||1|
22000037808|2|25045460|PARTE-SOPORTE CUERPO DUCTO  CLAK CLAC011020|AI|Active||30|10|und|1|1|Proceso Tirar Operación|DOBLADORAS|DOB.1.1.1|CSTLPRECIO|0|0|0|0|0||||1|
22000037808|3|22008931|LAMINA PLANA CR 4X8  ESPESOR 3.0MM (DECAPADA Y ACEITADA)|MP|Active||10|10|kg|1.193|1.193|Proceso Tirar Operación|CORTYPUNZ|CYP.1.1.1|CSTLPRECIO|0|0|0|0|0||||1|
22000037808|1|22000150|TUERCA  HEXAGONAL 5/16 ZINCADA|MP|Active||20|10|und|4|4|Proceso Tirar Operación|MP_WIP|EN.1.1.1|CSTLPRECIO|0|0|0|0|0||||1|
22000037808|1|22000197|TORNILLO CABEZA EXTRAPLANA 8 X 3/4 REF: S6075 ZINCADO|MP|Active||30|10|und|12|12|Proceso Tirar Operación|MP_WIP|EN.1.1.1|CSTLPRECIO|0|0|0|0|0||||1|
22000037808|1|22002313|TORNILLO CABEZA HEXAGONAL 5/16 X 1 1/2 ZINCADO ROSCA TOTAL|MP|Active||40|10|und|4|4|Proceso Tirar Operación|MP_WIP|EN.1.1.1|CSTLPRECIO|0|0|0|0|0||||1|
22000037808|1|22008555|GENERICO PINTURA EN POLVO MUEBLES|MP|Active||50|10|kg|.27|.27|Proceso Tirar Operación|MP_WIP|PI.1.1.1|CSTLPRECIO|0|0|0|0|0||||1|
22000037808|1|22002215|TORNILLO CABEZA HEXAGONAL 5/16 X 1 ZINCADO|MP|Active||80|10|und|2|2|Proceso Tirar Operación|MP_WIP|EN.1.1.1|CSTLPRECIO|0|0|0|0|0||||1|
22000037808|1|22011275|TUERCA REMACHABLE DE 5/16 HEXAGONAL BOLLHOFF|MP|Active||90|10|und|2|2|Proceso Tirar Operación|MP_WIP|EN.1.1.1|CSTLPRECIO|0|0|0|0|0||||1|
22000037808|1|22001402|EMPAQUE REPISA METALICA 2 UNIDADES|ME|Active||100|10|und|.5|.5|Proceso Tirar Operación|MP_WIP|EN.1.1.1|CSTLPRECIO|0|0|0|0|0||||1|
22000037808|1|25047233|PARTE-TERMINAL BANDEJA CABLEADO MODULO CONFERENCIA CLES040098|AI|Active||110|10|und|1|1|Proceso Tirar Operación|DOBLADORAS|DOB.1.1.1|CSTLPRECIO|0|0|0|0|0||||1|
22000037808|2|22006027|LAMINA PLANA 4X8 ESPESOR 1.20MM|MP|Active||10|10|kg|.971407|.971407|Proceso Tirar Operación|CORTYPUNZ|CYP.1.1.1|CSTLPRECIO|0|0|0|0|0||||1|
22000037814|0|22000037814|BASE PP CUADRADA 40X40X71CM MESA MEETING SABMILLER CLES040009|AI|Active|||und|1|1|||...|CSTLPRECIO|0|0|0|0|0|||||
22000037814|1|25047123|ARMADA-COLUMNA 71CM BASE SABMILLER CLES040010|AI|Active||10|10|und|1|1|Proceso Tirar Operación|SOLDADURA|SOL.1.1.1|CSTLPRECIO|0|0|0|0|0||||1|
22000037814|2|25047127|PARTE-PLATO 40CM BASE MESA CUADRADA CON GROMMET CLES040019|AI|Active||10|10|und|1|1|Proceso Tirar Operación|DOBLADORAS|DOB.1.1.1|CSTLPRECIO|0|0|0|0|0||||1|
22000037814|3|22003016|LAMINA PLANA HR 4X8 ESPESOR 6.0MM|MP|Active||10|10|kg|9.08505|9.08505|Proceso Tirar Operación|CORTYPUNZ|CYP.1.1.1|CSTLPRECIO|0|0|0|0|0||||1|
22000037814|2|25047126|PARTE-PLATO 30CM BASE MESA CUADRADA CON GROMMET CLES040020|AI|Active||20|10|und|1|1|Proceso Tirar Operación|DOBLADORAS|DOB.1.1.1|CSTLPRECIO|0|0|0|0|0||||1|
22000037814|3|22003016|LAMINA PLANA HR 4X8 ESPESOR 6.0MM|MP|Active||10|10|kg|5.110344|5.110344|Proceso Tirar Operación|CORTYPUNZ|CYP.1.1.1|CSTLPRECIO|0|0|0|0|0||||1|
22000037814|2|25047125|PARTE-PLATINA SOPORTE SABMILLER CLES040017|AI|Active||30|10|und|1|1|Proceso Tirar Operación|DOBLADORAS|DOB.1.1.1|CSTLPRECIO|0|0|0|0|0||||1|
22000037814|3|22008721|LAMINA PLANA ACEITADA Y DECAPADA 4X8 ESPESOR 4MM A-36|MP|Active||10|10|kg|2.96778|2.96778|Proceso Tirar Operación|CORTYPUNZ|CYP.1.1.1|CSTLPRECIO|0|0|0|0|0||||1|
22000037814|2|25047124|PARTE-PARAL 71CM CUERPO SOPORTE SABMILLER CLES040016|AI|Active||40|10|und|1|1|Proceso Tirar Operación|TRONZSILLA|TRS.1.1.1|CSTLPRECIO|0|0|0|0|0||||1|
22000037814|3|22007680|TUBO CUADRADO ESTRUCTURAL 2PULGADAS 6000MM CALIBRE 16 LAMINA ACEITADA Y DECAPADA|MP|Active||10|10|und|.125|.125|Proceso Tirar Operación|TRONZSILLA|MTS.1.1.1|CSTLPRECIO|0|0|0|0|0||||1|
22000037814|2|25047079|PARTE-SOPORTE BANDEJA CLES040083|AI|Active||50|10|und|1|1|Proceso Tirar Operación|DOBLADORAS|DOB.1.1.1|CSTLPRECIO|0|0|0|0|0||||1|
22000037814|3|22008931|LAMINA PLANA CR 4X8  ESPESOR 3.0MM (DECAPADA Y ACEITADA)|MP|Active||10|10|kg|.67456|.67456|Proceso Tirar Operación|CORTYPUNZ|CYP.1.1.1|CSTLPRECIO|0|0|0|0|0||||1|
22000037814|1|22006218|BUMPER NIVELADOR BS-72 MPR050095|MP|Active||20|10|und|4|4|Proceso Tirar Operación|MP_WIP|EN.1.1.1|CSTLPRECIO|0|0|0|0|0||||1|
22000037814|1|22000197|TORNILLO CABEZA EXTRAPLANA 8 X 3/4 REF: S6075 ZINCADO|MP|Active||30|10|und|8|8|Proceso Tirar Operación|MP_WIP|EN.1.1.1|CSTLPRECIO|0|0|0|0|0||||1|
22000037814|1|22008555|GENERICO PINTURA EN POLVO MUEBLES|MP|Active||40|10|kg|.12577|.12577|Proceso Tirar Operación|MP_WIP|PI.1.1.1|CSTLPRECIO|0|0|0|0|0||||1|
22000037821|0|22000037821|SUPERFICIE PP  AGLOMERADO 160X120X3CM SABMILLER CLES040015|AI|Active|||und|1|1|||...|CSTLPRECIO|0|0|0|0|0|||||
22000037821|1|25047128|CANTEADO-SUPERFICIE AGLOMERADO 160X120X3CM SABMILLER CLES040015|AI|Active||10|10|und|1|1|Proceso Tirar Operación|CANTEADO|CNT.1.1.1|CSTLPRECIO|0|0|0|0|0||||1|
22000037821|2|25047129|PRENSADO-SUPERFICIE AGLOMERADO 160X120X3CM SABMILLER CLES040015|AI|Active||10|10|und|1|1|Proceso Tirar Operación|PRENSADO|PRE.1.1.1|CSTLPRECIO|0|0|0|0|0||||1|
22000037821|3|22001132|AGLOMERADO CRUDO DE 1830X2440MM ESPESOR 30MM|MP|Active||10|10|und|.626988639|.626988639|Proceso Tirar Operación|CARPINT|AGL.1.1.1|CSTLPRECIO|0|0|0|0|0||||1|
22000037821|3|22008689|GENERICO FORMICA 1220MM X 2440MM F8|MP|Active||20|10|und|1|1|Proceso Tirar Operación|CARPINT|FOR.1.1.1|CSTLPRECIO|0|0|0|0|0||||1|
22000037821|3|22007604|FORMICA BACKER BLANCO REF: 2112 1220MM X 3060MM F6|MP|Active||25|10|und|.70641|.70641|Proceso Tirar Operación|CARPINT|FOR.1.1.1|CSTLPRECIO|0|0|0|0|0||||1|
22000037821|2|22008524|GENERICO CANTO DE 35MM ESPESOR 2MM|MP|Active||20|10|m|5.32|5.32|Proceso Tirar Operación|CARPINT|CTA.1.1.1|CSTLPRECIO|0|0|0|0|0||||1|
22000040392|0|22000040392|SOPORTE PP 4 TOMAS BANDEJA CABLEADO SABMILLER CLES040157|AI|Active|||und|1|1|||...|CSTLPRECIO|0|0|0|0|0|||||
22000040392|1|25049250|PARTE-CUERPO SOPORTE 4 TOMAS BANDEJA CABLEADA MODULO CONFERENCIA CLES040158|AI|Active||10|10|und|1|1|Proceso Tirar Operación|DOBLADORAS|DOB.1.1.1|CSTLPRECIO|0|0|0|0|0||||1|
22000040392|2|22006037|LAMINA PLANA 4X8 ESPESOR 0.9MM|MP|Active||10|10|kg|2.06456|2.06456|Proceso Tirar Operación|CORTYPUNZ|CYP.1.1.1|CSTLPRECIO|0|0|0|0|0||||1|
22000040392|1|22000158|TORNILLO CABEZA EXTRAPLANA 8 X 1 REF: 32Z NEGRO|MP|Active||20|10|und|4|4|Proceso Tirar Operación|MP_WIP|EN.1.1.1|CSTLPRECIO|0|0|0|0|0||||1|
22000040392|1|22008555|GENERICO PINTURA EN POLVO MUEBLES|MP|Active||30|10|kg|.0683123|.0683123|Proceso Tirar Operación|MP_WIP|PI.1.1.1|CSTLPRECIO|0|0|0|0|0||||1|
22000040392|1|22009617|GENERICO TAPA PLASTICA CIEGA 2 X 4 MPR080013|MP|Active||40|10|und|4|4|Proceso Tirar Operación|MP_WIP|EN.1.1.1|CSTLPRECIO|0|0|0|0|0||||1|
22000040392|1|22001411|EMPAQUE COLUMNA X 16 UNIDADES|ME|Active||50|10|und|.25|.25|Proceso Tirar Operación|MP_WIP|EN.1.1.1|CSTLPRECIO|0|0|0|0|0||||1|
22000044154|0|22000044154|CREDENZA BAJA CABLEADO 2 GAVETAS SENCILLAS 1 ARCHIVO IZQUIERDO 60X150X50CM LINK.EXE LKAL180000|AI|Active|||und|1|1|||...|CSTLPRECIO|0|0|0|0|0|||||
22000044154|1|25055554|PARTE-TAPA DE 150CM CREDENZA BAJA 2 GAVETAS ARCHIVO IZQUIERDA LINK LKAL161010|AI|Active||10|10|und|1|1|Proceso Tirar Operación|CARPINT|CSC.1.1.1|CSTLPRECIO|0|0|0|0|0||||1|
22000044154|2|22001132|AGLOMERADO CRUDO DE 1830X2440MM ESPESOR 30MM|MP|Active||10|10|und|.22092418|.22092418|Proceso Tirar Operación|CARPINT|AGL.1.1.1|CSTLPRECIO|0|0|0|0|0||||1|
22000044154|2|22007604|FORMICA BACKER BLANCO REF: 2112 1220MM X 3060MM F6|MP|Active||20|10|und|.43592|.43592|Proceso Tirar Operación|CARPINT|FOR.1.1.1|CSTLPRECIO|0|0|0|0|0||||1|
22000044154|2|22008689|GENERICO FORMICA 1220MM X 2440MM F8|MP|Active||30|10|und|.2875|.2875|Proceso Tirar Operación|CARPINT|FOR.1.1.1|CSTLPRECIO|0|0|0|0|0||||1|
22000044154|2|22008524|GENERICO CANTO DE 35MM ESPESOR 2MM|MP|Active||40|10|m|4.39642|4.39642|Proceso Tirar Operación|CARPINT|CTA.1.1.1|CSTLPRECIO|0|0|0|0|0||||1|
22000044154|1|25055558|PARTE-BASE DE 150CM CREDENZA BAJA 2 GAVETAS ARCHIVO IZQUIERDA LINK LKAL161020|AI|Active||20|10|und|1|1|Proceso Tirar Operación|CARPINT|CSC.1.1.1|CSTLPRECIO|0|0|0|0|0||||1|
22000044154|2|22016194|AGLOMERADO CRUDO DE 1830MM X 2440MM X 18MM|MP|Active||10|10|und|.219737|.219737|Proceso Tirar Operación|CARPINT|AGL.1.1.1|CSTLPRECIO|0|0|0|0|0||||1|
22000044154|2|22007604|FORMICA BACKER BLANCO REF: 2112 1220MM X 3060MM F6|MP|Active||20|10|und|.43592|.43592|Proceso Tirar Operación|CARPINT|FOR.1.1.1|CSTLPRECIO|0|0|0|0|0||||1|
22000044154|2|22008689|GENERICO FORMICA 1220MM X 2440MM F8|MP|Active||30|10|und|.2875|.2875|Proceso Tirar Operación|CARPINT|FOR.1.1.1|CSTLPRECIO|0|0|0|0|0||||1|
22000044154|2|22008522|GENERICO CANTO PLANO DE 22MM ESPESOR 2MM|MP|Active||40|10|m|4.39642|4.39642|Proceso Tirar Operación|CARPINT|CTA.1.1.1|CSTLPRECIO|0|0|0|0|0||||1|
22000044154|1|25055724|PARTE-DIVISOR IZQUIERDO CREDENZA BAJA 1 GAVETA ARCHIVO + 2 SENCILLAS LINK LKAL181010|AI|Active||30|10|und|1|1|Proceso Tirar Operación|CARPINT|CSC.1.1.1|CSTLPRECIO|0|0|0|0|0||||1|
22000044154|2|22016194|AGLOMERADO CRUDO DE 1830MM X 2440MM X 18MM|MP|Active||10|10|und|.068667782|.068667782|Proceso Tirar Operación|CARPINT|AGL.1.1.1|CSTLPRECIO|0|0|0|0|0||||1|
22000044154|2|22008689|GENERICO FORMICA 1220MM X 2440MM F8|MP|Active||20|10|und|.2875|.2875|Proceso Tirar Operación|CARPINT|FOR.1.1.1|CSTLPRECIO|0|0|0|0|0||||1|
22000044154|2|22008522|GENERICO CANTO PLANO DE 22MM ESPESOR 2MM|MP|Active||30|10|m|2.13203|2.13203|Proceso Tirar Operación|CARPINT|CTA.1.1.1|CSTLPRECIO|0|0|0|0|0||||1|
22000044154|1|25055570|PARTE-COSTADO IZQUIERDO CREDENZA BAJA 2 GAVETAS ARCHIVO + 2 SENCILLAS LINK LKAL171010|AI|Active||40|10|und|1|1|Proceso Tirar Operación|CARPINT|CSC.1.1.1|CSTLPRECIO|0|0|0|0|0||||1|
22000044154|2|22016194|AGLOMERADO CRUDO DE 1830MM X 2440MM X 18MM|MP|Active||10|10|und|.073242291|.073242291|Proceso Tirar Operación|CARPINT|AGL.1.1.1|CSTLPRECIO|0|0|0|0|0||||1|
22000044154|2|22008689|GENERICO FORMICA 1220MM X 2440MM F8|MP|Active||20|10|und|.2875|.2875|Proceso Tirar Operación|CARPINT|FOR.1.1.1|CSTLPRECIO|0|0|0|0|0||||1|
22000044154|2|22008522|GENERICO CANTO PLANO DE 22MM ESPESOR 2MM|MP|Active||30|10|m|2.25463|2.25463|Proceso Tirar Operación|CARPINT|CTA.1.1.1|CSTLPRECIO|0|0|0|0|0||||1|
22000044154|1|25055736|PARTE-COSTADO DERECHO CREDENZA NAVE CORREDIZA LINK LKAL201040|AI|Active||50|10|und|1|1|Proceso Tirar Operación|CARPINT|CSC.1.1.1|CSTLPRECIO|0|0|0|0|0||||1|
22000044154|2|22016194|AGLOMERADO CRUDO DE 1830MM X 2440MM X 18MM|MP|Active||10|10|und|.073242291|.073242291|Proceso Tirar Operación|CARPINT|AGL.1.1.1|CSTLPRECIO|0|0|0|0|0||||1|
22000044154|2|22008689|GENERICO FORMICA 1220MM X 2440MM F8|MP|Active||20|10|und|.2875|.2875|Proceso Tirar Operación|CARPINT|FOR.1.1.1|CSTLPRECIO|0|0|0|0|0||||1|
22000044154|2|22008522|GENERICO CANTO PLANO DE 22MM ESPESOR 2MM|MP|Active||30|10|m|2.25463|2.25463|Proceso Tirar Operación|CARPINT|CTA.1.1.1|CSTLPRECIO|0|0|0|0|0||||1|
22000044154|1|25055563|PARTE-ENTREPAÑO CABLEADO 150CM CREDENZA BAJA 2 GAVETAS ARCHIVO LINK LKAL161050|AI|Active||60|10|und|1|1|Proceso Tirar Operación|CARPINT|CSC.1.1.1|CSTLPRECIO|0|0|0|0|0||||1|
22000044154|2|22016194|AGLOMERADO CRUDO DE 1830MM X 2440MM X 18MM|MP|Active||10|10|und|.091560418|.091560418|Proceso Tirar Operación|CARPINT|AGL.1.1.1|CSTLPRECIO|0|0|0|0|0||||1|
22000044154|2|22008689|GENERICO FORMICA 1220MM X 2440MM F8|MP|Active||20|10|und|.12778|.12778|Proceso Tirar Operación|CARPINT|FOR.1.1.1|CSTLPRECIO|0|0|0|0|0||||1|
22000044154|2|22007604|FORMICA BACKER BLANCO REF: 2112 1220MM X 3060MM F6|MP|Active||30|10|und|.09583|.09583|Proceso Tirar Operación|CARPINT|FOR.1.1.1|CSTLPRECIO|0|0|0|0|0||||1|
22000044154|2|22008522|GENERICO CANTO PLANO DE 22MM ESPESOR 2MM|MP|Active||40|10|m|2.41087|2.41087|Proceso Tirar Operación|CARPINT|CTA.1.1.1|CSTLPRECIO|0|0|0|0|0||||1|
22000044154|1|25055565|PARTE-OCULTA CABLES 150CM CREDENZA BAJA 2 GAVETAS ARCHIVO LINK LKAL161060|AI|Active||70|10|und|1|1|Proceso Tirar Operación|DOBLADORAS|DOB.1.1.1|CSTLPRECIO|0|0|0|0|0||||1|
22000044154|2|22006027|LAMINA PLANA 4X8 ESPESOR 1.20MM|MP|Active||10|10|kg|7.33596|7.33596|Proceso Tirar Operación|CORTYPUNZ|CYP.1.1.1|CSTLPRECIO|0|0|0|0|0||||1|
22000044154|1|25011258|PARTE-ESPALDA CORAZA DE 150CM CREDENZA BAJA GAVETAS LINK LKAL071030|AI|Active||80|10|und|1|1|Proceso Tirar Operación|CARPINT|CSC.1.1.1|CSTLPRECIO|0|0|0|0|0||||1|
22000044154|2|22008692|AGLOMERADO CRUDO DE 1830X2440MM ESPESOR 15MM|MP|Active||10|10|und|.221467815|.221467815|Proceso Tirar Operación|CARPINT|AGL.1.1.1|CSTLPRECIO|0|0|0|0|0||||1|
22000044154|2|22008689|GENERICO FORMICA 1220MM X 2440MM F8|MP|Active||20|10|und|1|1|Proceso Tirar Operación|CARPINT|FOR.1.1.1|CSTLPRECIO|0|0|0|0|0||||1|
22000044154|1|22000355|SOPORTE ENTREPANO BIBLIOTECA NYLON 6X9 CGSN5010 MPR050041|MP|Active||100|10|und|4|4|Proceso Tirar Operación|MP_WIP|EN.1.1.1|CSTLPRECIO|0|0|0|0|0||||1|
22000044154|1|22006555|GENERICO TAPA MINIFIX|MP|Active||110|10|und|20|20|Proceso Tirar Operación|MP_WIP|EN.1.1.1|CSTLPRECIO|0|0|0|0|0||||1|
22000044154|1|22012909|CAM 3000 015X11.9MM|MP|Active||120|10|und|20|20|Proceso Tirar Operación|MP_WIP|EN.1.1.1|CSTLPRECIO|0|0|0|0|0||||1|
22000044154|1|22012910|COMBI DOWEL 34MM#2 PHILLIPS|MP|Active||130|10|und|20|20|Proceso Tirar Operación|MP_WIP|EN.1.1.1|CSTLPRECIO|0|0|0|0|0||||1|
22000044154|1|22007761|TORNILLO CABEZA EXTRAPLANA 8 X  9/16 ZINCADO|MP|Active||160|10|und|43|43|Proceso Tirar Operación|MP_WIP|EN.1.1.1|CSTLPRECIO|0|0|0|0|0||||1|
22000044154|1|25023378|PARTE-CUERPO GAVETA ARCHIVO CREDENZA GAVETA 150 LINK LKAL042020|AI|Active||180|10|und|1|1|Proceso Tirar Operación|DOBLADORAS|DOB.1.1.1|CSTLPRECIO|0|0|0|0|0||||1|
22000044154|2|22006061|LAMINA PLANA 4X8 ESPESOR 0.75MM|MP|Active||10|10|kg|4.61469174|4.61469174|Proceso Tirar Operación|CORTYPUNZ|CYP.1.1.1|CSTLPRECIO|0|0|0|0|0||||1|
22000044154|1|25023379|PARTE-FRENTE GAVETA ARCHIVO CREDENZA GAVETA 150 LINK LKAL084010|AI|Active||185|10|und|1|1|Proceso Tirar Operación|CARPINT|CSC.1.1.1|CSTLPRECIO|0|0|0|0|0||||1|
22000044154|2|22008692|AGLOMERADO CRUDO DE 1830X2440MM ESPESOR 15MM|MP|Active||10|10|und|.058155738|.058155738|Proceso Tirar Operación|CARPINT|AGL.1.1.1|CSTLPRECIO|0|0|0|0|0||||1|
22000044154|2|22009089|GENERICO FORMICA 1220MM X 2440MM PARTE B|MP|Active||20|10|und|.11|.11|Proceso Tirar Operación|CARPINT|FOR.1.1.1|CSTLPRECIO|0|0|0|0|0||||1|
22000044154|2|22007604|FORMICA BACKER BLANCO REF: 2112 1220MM X 3060MM F6|MP|Active||30|10|und|.07|.07|Proceso Tirar Operación|CARPINT|FOR.1.1.1|CSTLPRECIO|0|0|0|0|0||||1|
22000044154|2|22007643|GENERICO CANTO PARTE B DE 22MM ESPESOR 2MM|MP|Active||40|10|m|2.3|2.3|Proceso Tirar Operación|CARPINT|CTA.1.1.1|CSTLPRECIO|0|0|0|0|0||||1|
22000044154|1|25023377|PARTE-TRASERO GAVETA ARCHIVO CREDENZA GAVETA 150 LINK LKAL042030|AI|Active||190|10|und|1|1|Proceso Tirar Operación|DOBLADORAS|DOB.1.1.1|CSTLPRECIO|0|0|0|0|0||||1|
22000044154|2|22006061|LAMINA PLANA 4X8 ESPESOR 0.75MM|MP|Active||10|10|kg|1.44996784|1.44996784|Proceso Tirar Operación|CORTYPUNZ|CYP.1.1.1|CSTLPRECIO|0|0|0|0|0||||1|
22000044154|1|25023369|PARTE-MANIJA CERRADURA FRENTE GAVETA 150 LINK LKAL042040|AI|Active||210|10|und|1|1|Proceso Tirar Operación|DOBLADORAS|DOB.1.1.1|CSTLPRECIO|0|0|0|0|0||||1|
22000044154|2|22008722|LAMINA PLANA CR 4X8 ESPESOR 1.90MM|MP|Active||10|10|kg|.93194694|.93194694|Proceso Tirar Operación|CORTYPUNZ|CYP.1.1.1|CSTLPRECIO|0|0|0|0|0||||1|
22000044154|1|25011423|PARTE-GANCHO PORTA FOLDER GAVETA ARCHIVO 150 CREDENZAS LINK LKAL042050|AI|Active||220|10|und|1|1|Proceso Tirar Operación|DOBLADORAS|DOB.1.1.1|CSTLPRECIO|0|0|0|0|0||||1|
22000044154|2|22006027|LAMINA PLANA 4X8 ESPESOR 1.20MM|MP|Active||10|10|kg|.53815329|.53815329|Proceso Tirar Operación|CORTYPUNZ|CYP.1.1.1|CSTLPRECIO|0|0|0|0|0||||1|
22000044154|1|25055569|PARTE-BAJANTE CREDENZA BAJA 2 GAVETAS ARCHIVO LINK LKAL160010|AI|Active||240|10|und|1|1|Proceso Tirar Operación|SOLDADURA|SOL.1.1.1|CSTLPRECIO|0|0|0|0|0||||1|
22000044154|2|22006037|LAMINA PLANA 4X8 ESPESOR 0.9MM|MP|Active||10|10|kg|.17297|.17297|Proceso Tirar Operación|CORTYPUNZ|CYP.1.1.1|CSTLPRECIO|0|0|0|0|0||||1|
22000044154|1|25023228|ARMADA-CUERPO BASE NIVELADOR 5CM CREDENZA LINK LKAL043010|AI|Active||250|10|und|6|6|Proceso Tirar Operación|SOLDADURA|SOL.1.1.1|CSTLPRECIO|0|0|0|0|0||||1|
22000044154|2|25023368|PARTE-PLATINA CUERPO BASE NIVELADOR CREDENZA LINK LKAL043011|AI|Active||10|10|und|1|1|Proceso Tirar Operación|DOBLADORAS|DOB.1.1.1|CSTLPRECIO|0|0|0|0|0||||1|
22000044154|3|22006037|LAMINA PLANA 4X8 ESPESOR 0.9MM|MP|Active||10|10|kg|.10138|.10138|Proceso Tirar Operación|CORTYPUNZ|CYP.1.1.1|CSTLPRECIO|0|0|0|0|0||||1|
22000044154|2|25024082|PARTE-TUBO DE 5CM CUERPO BASE NIVELADOR CREDENZA LINK LKAL043012|AI|Active||20|10|und|1|1|Proceso Tirar Operación|TRONZSILLA|TRS.1.1.1|CSTLPRECIO|0|0|0|0|0||||1|
22000044154|3|22007680|TUBO CUADRADO ESTRUCTURAL 2PULGADAS 6000MM CALIBRE 16 LAMINA ACEITADA Y DECAPADA|MP|Active||10|10|und|.0063|.0063|Proceso Tirar Operación|TRONZSILLA|MTS.1.1.1|CSTLPRECIO|0|0|0|0|0||||1|
22000044154|1|22013269|SOPORTE NIVELADOR TUBO CUADRADO MPR060070|MP|Active||260|10|jg|6|6|Proceso Tirar Operación|MP_WIP|EN.1.1.1|CSTLPRECIO|0|0|0|0|0||||1|
22000044154|1|22000320|NIVELADOR 5/16 X 1 1/2 MPR080075|MP|Active||265|10|und|6|6|Proceso Tirar Operación|MP_WIP|EN.1.1.1|CSTLPRECIO|0|0|0|0|0||||1|
22000044154|1|22000150|TUERCA  HEXAGONAL 5/16 ZINCADA|MP|Active||270|10|und|6|6|Proceso Tirar Operación|MP_WIP|EN.1.1.1|CSTLPRECIO|0|0|0|0|0||||1|
22000044154|1|22000248|TORNILLO DE 6 X 5/8 CCPH PRIVILEGIO ZN|MP|Active||280|10|und|14|14|Proceso Tirar Operación|MP_WIP|EN.1.1.1|CSTLPRECIO|0|0|0|0|0||||1|
22000044154|1|22007034|RIEL F/E DYNASLIDE 4632 DE 16  400MM EZP|MP|Active||290|10|jg|3|3|Proceso Tirar Operación|MP_WIP|EN.1.1.1|CSTLPRECIO|0|0|0|0|0||||1|
22000044154|1|22000185|REMACHE POP 4-3|MP|Active||310|10|und|35|35|Proceso Tirar Operación|MP_WIP|EN.1.1.1|CSTLPRECIO|0|0|0|0|0||||1|
22000044154|1|22000575|CUERPO CYLINDER BODY CB-280 TYPE 280|MP|Active||320|10|und|1|1|Proceso Tirar Operación|MP_WIP|EN.1.1.1|CSTLPRECIO|0|0|0|0|0||||1|
22000044154|1|22000569|ANILLO CERRADURA BZ-300 BEZEL BLACK|MP|Active||330|10|und|1|1|Proceso Tirar Operación|MP_WIP|EN.1.1.1|CSTLPRECIO|0|0|0|0|0||||1|
22000044154|1|22000568|CERRADURA LP-300 LOCK PLUG BLACK 100T-599T 10 EACH|MP|Active||340|10|und|1|1|Proceso Tirar Operación|MP_WIP|EN.1.1.1|CSTLPRECIO|0|0|0|0|0||||1|
22000044154|1|22008555|GENERICO PINTURA EN POLVO MUEBLES|MP|Active||360|10|kg|.516261143|.516261143|Proceso Tirar Operación|MP_WIP|PI.1.1.1|CSTLPRECIO|0|0|0|0|0||||1|
22000044154|1|25011411|PARTE-FRENTE GAVETA SENCILLA 150CM S/C CREDENZA BAJA LINK.EXE LKAL083010|AI|Active||380|10|und|1|1|Proceso Tirar Operación|CARPINT|CSC.1.1.1|CSTLPRECIO|0|0|0|0|0||||1|
22000044154|2|22008692|AGLOMERADO CRUDO DE 1830X2440MM ESPESOR 15MM|MP|Active||10|10|und|.019298131|.019298131|Proceso Tirar Operación|CARPINT|AGL.1.1.1|CSTLPRECIO|0|0|0|0|0||||1|
22000044154|2|22007604|FORMICA BACKER BLANCO REF: 2112 1220MM X 3060MM F6|MP|Active||20|10|und|.041068644|.041068644|Proceso Tirar Operación|CARPINT|FOR.1.1.1|CSTLPRECIO|0|0|0|0|0||||1|
22000044154|2|22009089|GENERICO FORMICA 1220MM X 2440MM PARTE B|MP|Active||20|10|und|.051504064|.051504064|Proceso Tirar Operación|CARPINT|FOR.1.1.1|CSTLPRECIO|0|0|0|0|0||||1|
22000044154|2|22007643|GENERICO CANTO PARTE B DE 22MM ESPESOR 2MM|MP|Active||30|10|m|1.8068505|1.8068505|Proceso Tirar Operación|CARPINT|CTA.1.1.1|CSTLPRECIO|0|0|0|0|0||||1|
22000044154|1|25034576|PARTE-FRENTE GAVETA SENCILLA 150 C/C CREDENZA BAJA LINK.EXE LKAL082010|AI|Active||390|10|und|1|1|Proceso Tirar Operación|CARPINT|CSC.1.1.1|CSTLPRECIO|0|0|0|0|0||||1|
22000044154|2|22008692|AGLOMERADO CRUDO DE 1830X2440MM ESPESOR 15MM|MP|Active||10|10|und|.019297144|.019297144|Proceso Tirar Operación|CARPINT|AGL.1.1.1|CSTLPRECIO|0|0|0|0|0||||1|
22000044154|2|22007604|FORMICA BACKER BLANCO REF: 2112 1220MM X 3060MM F6|MP|Active||20|10|und|.041068644|.041068644|Proceso Tirar Operación|CARPINT|FOR.1.1.1|CSTLPRECIO|0|0|0|0|0||||1|
22000044154|2|22009089|GENERICO FORMICA 1220MM X 2440MM PARTE B|MP|Active||20|10|und|.051504064|.051504064|Proceso Tirar Operación|CARPINT|FOR.1.1.1|CSTLPRECIO|0|0|0|0|0||||1|
22000044154|2|22007643|GENERICO CANTO PARTE B DE 22MM ESPESOR 2MM|MP|Active||30|10|m|1.855654206|1.855654206|Proceso Tirar Operación|CARPINT|CTA.1.1.1|CSTLPRECIO|0|0|0|0|0||||1|
22000044154|1|25011462|PARTE-CUERPO GAVETA SENCILLA 150 CREDENZA BAJA LINK.EXE LKAL082020|AI|Active||400|10|und|2|2|Proceso Tirar Operación|DOBLADORAS|DOB.1.1.1|CSTLPRECIO|0|0|0|0|0||||1|
22000044154|2|22006061|LAMINA PLANA 4X8 ESPESOR 0.75MM|MP|Active||10|10|kg|3.11518053|3.11518053|Proceso Tirar Operación|CORTYPUNZ|CYP.1.1.1|CSTLPRECIO|0|0|0|0|0||||1|
22000044154|1|25011464|PARTE-TRASERO GAVETA SENCILLA 150 CREDENZA BAJA LINK .EXE LKAL082030|AI|Active||410|10|und|2|2|Proceso Tirar Operación|DOBLADORAS|DOB.1.1.1|CSTLPRECIO|0|0|0|0|0||||1|
22000044154|2|22006061|LAMINA PLANA 4X8 ESPESOR 0.75MM|MP|Active||20|10|kg|.510842762|.510842762|Proceso Tirar Operación|CORTYPUNZ|CYP.1.1.1|CSTLPRECIO|0|0|0|0|0||||1|
22000044154|1|25011465|PARTE-CUERPO TRAMPA CREDENZA BAJA LINK.EXE LKAL085010|AI|Active||420|10|und|1|1|Proceso Tirar Operación|DOBLADORAS|DOB.1.1.1|CSTLPRECIO|0|0|0|0|0||||1|
22000044154|2|22006027|LAMINA PLANA 4X8 ESPESOR 1.20MM|MP|Active||10|10|kg|.64|.64|Proceso Tirar Operación|CORTYPUNZ|CYP.1.1.1|CSTLPRECIO|0|0|0|0|0||||1|
22000044154|1|25011466|PARTE-COMPLEMENTO TRAMPA CREDENZA BAJA LINK.EXE LKAL085020|AI|Active||430|10|und|1|1|Proceso Tirar Operación|DOBLADORAS|DOB.1.1.1|CSTLPRECIO|0|0|0|0|0||||1|
22000044154|2|22006027|LAMINA PLANA 4X8 ESPESOR 1.20MM|MP|Active||10|10|kg|.02|.02|Proceso Tirar Operación|CORTYPUNZ|CYP.1.1.1|CSTLPRECIO|0|0|0|0|0||||1|
22000044154|1|25011469|PARTE-MANIJA SIN CERRADURA PARA FRENTE GAVETA CREDENZA 150 LINK LKAL083020|AI|Active||440|10|und|2|2|Proceso Tirar Operación|DOBLADORAS|DOB.1.1.1|CSTLPRECIO|0|0|0|0|0||||1|
22000044154|2|22008722|LAMINA PLANA CR 4X8 ESPESOR 1.90MM|MP|Active||10|10|kg|.9306703|.9306703|Proceso Tirar Operación|CORTYPUNZ|CYP.1.1.1|CSTLPRECIO|0|0|0|0|0||||1|
22000044154|1|22012018|MARQUILLA LOGOTIPO MEPAL ALUMINIO PULIDO MPR030283|MP|Active||450|10|und|1|1|Proceso Tirar Operación|MP_WIP|EN.1.1.1|CSTLPRECIO|0|0|0|0|0||||1|
22000044168|0|22000044168|SUPERFICIE PRINCIPAL INDIVIDUAL CABLEADO FORMICA 180X75X3CM LINK.EXE LKSU010350|AI|Active|||und|1|1|||...|CSTLPRECIO|0|0|0|0|0|||||
22000044168|1|25055748|CANTEADO-SUPERFICIE PRINCIPAL INDIVIDUAL CABLEADO FORMICA 180X75X3CM LINK.EXE LKSU010350|AI|Active||10|10|und|1|1|Proceso Tirar Operación|CANTEADO|CNT.1.1.1|CSTLPRECIO|0|0|0|0|0||||1|
22000044168|2|25055747|PRENSADO-SUPERFICIE PRINCIPAL INDIVIDUAL CABLEADO FORMICA 180X75X3CM LINK.EXE LKSU010350|AI|Active||10|10|und|1|1|Proceso Tirar Operación|PRENSADO|PRE.1.1.1|CSTLPRECIO|0|0|0|0|0||||1|
22000044168|3|22001132|AGLOMERADO CRUDO DE 1830X2440MM ESPESOR 30MM|MP|Active||10|10|und|.421925017|.421925017|Proceso Tirar Operación|CARPINT|AGL.1.1.1|CSTLPRECIO|0|0|0|0|0||||1|
22000044168|3|22008689|GENERICO FORMICA 1220MM X 2440MM F8|MP|Active||20|10|und|1|1|Proceso Tirar Operación|CARPINT|FOR.1.1.1|CSTLPRECIO|0|0|0|0|0||||1|
22000044168|3|22007604|FORMICA BACKER BLANCO REF: 2112 1220MM X 3060MM F6|MP|Active||30|10|und|.70641|.70641|Proceso Tirar Operación|CARPINT|FOR.1.1.1|CSTLPRECIO|0|0|0|0|0||||1|
22000044168|2|22008524|GENERICO CANTO DE 35MM ESPESOR 2MM|MP|Active||20|10|m|5.642|5.642|Proceso Tirar Operación|CARPINT|CTA.1.1.1|CSTLPRECIO|0|0|0|0|0||||1|
22000044171|0|22000044171|VIGA REFUERZO CABLEADO A CREDENZA DE 180CM LINK LKSO450000|AI|Active|||und|1|1|||...|CSTLPRECIO|0|0|0|0|0|||||
22000044171|1|25055751|ARMADA-VIGA REFUERZO CABLEADO A CREDENZA DE 180CM LINK LKSO451000|AI|Active||10|10|und|1|1|Proceso Tirar Operación|SOLDADURA|SOL.1.1.1|CSTLPRECIO|0|0|0|0|0||||1|
22000044171|2|25055754|PARTE-PERFIL VIGA REFUERZO CABLEADO A CREDENZA DE 180CM LINK LKSO451010|AI|Active||10|10|und|1|1|Proceso Tirar Operación|DOBLADORAS|DOB.1.1.1|CSTLPRECIO|0|0|0|0|0||||1|
22000044171|3|22006027|LAMINA PLANA 4X8 ESPESOR 1.20MM|MP|Active||10|10|kg|2.82632|2.82632|Proceso Tirar Operación|CORTYPUNZ|CYP.1.1.1|CSTLPRECIO|0|0|0|0|0||||1|
22000044171|2|25055755|PARTE-ACOPLE VIGA REFUERZO CABLEADO A CREDENZA LINK LKSO451020|AI|Active||20|10|und|1|1|Proceso Tirar Operación|DOBLADORAS|DOB.1.1.1|CSTLPRECIO|0|0|0|0|0||||1|
22000044171|3|22006027|LAMINA PLANA 4X8 ESPESOR 1.20MM|MP|Active||10|10|kg|2.90322|2.90322|Proceso Tirar Operación|CORTYPUNZ|CYP.1.1.1|CSTLPRECIO|0|0|0|0|0||||1|
22000044171|2|25039779|PARTE-COMPLEMENTO VIGA REFUERZO LINK LKSO371020|AI|Active||30|10|und|1|1|Proceso Tirar Operación|DOBLADORAS|DOB.1.1.1|CSTLPRECIO|0|0|0|0|0||||1|
22000044171|3|22006027|LAMINA PLANA 4X8 ESPESOR 1.20MM|MP|Active||10|10|kg|.113362087|.113362087|Proceso Tirar Operación|CORTYPUNZ|CYP.1.1.1|CSTLPRECIO|0|0|0|0|0||||1|
22000044171|2|25002236|PARTE-TERMINAL VIGA COSTADO MAYOR CAPACIDAD MCSO641020|AI|Active||40|10|und|1|1|Proceso Tirar Operación|DOBLADORAS|DOB.1.1.1|CSTLPRECIO|0|0|0|0|0||||1|
22000044171|3|22008931|LAMINA PLANA CR 4X8  ESPESOR 3.0MM (DECAPADA Y ACEITADA)|MP|Active||10|10|kg|.14366|.14366|Proceso Tirar Operación|CORTYPUNZ|CYP.1.1.1|CSTLPRECIO|0|0|0|0|0||||1|
22000044171|1|25055756|PARTE-BANDEJA 4 TOMAS VIGA REFUERZO CABLEADO A CREDENZA LINK LKSO450010|AI|Active||20|10|und|1|1|Proceso Tirar Operación|DOBLADORAS|DOB.1.1.1|CSTLPRECIO|0|0|0|0|0||||1|
22000044171|2|22006027|LAMINA PLANA 4X8 ESPESOR 1.20MM|MP|Active||10|10|kg|.96298|.96298|Proceso Tirar Operación|CORTYPUNZ|CYP.1.1.1|CSTLPRECIO|0|0|0|0|0||||1|
22000044171|1|22000158|TORNILLO CABEZA EXTRAPLANA 8 X 1 REF: 32Z NEGRO|MP|Active||30|10|und|9|9|Proceso Tirar Operación|MP_WIP|EN.1.1.1|CSTLPRECIO|0|0|0|0|0||||1|
22000044171|1|22009617|GENERICO TAPA PLASTICA CIEGA 2 X 4 MPR080013|MP|Active||40|10|und|4|4|Proceso Tirar Operación|MP_WIP|EN.1.1.1|CSTLPRECIO|0|0|0|0|0||||1|
22000044171|1|22001412|EMPAQUE SUPERFICIE 30 X 2 UNIDADES|ME|Active||70|10|und|.25|.25|Proceso Tirar Operación|MP_WIP|EN.1.1.1|CSTLPRECIO|0|0|0|0|0||||1|
22000044171|1|22008555|GENERICO PINTURA EN POLVO MUEBLES|MP|Active||80|10|kg|.13|.13|Proceso Tirar Operación|MP_WIP|PI.1.1.1|CSTLPRECIO|0|0|0|0|0||||1|
22000103345|0|22000103345|PANTALLA PP 150CM VIDRIO LAMINADO 4+4 LKES010500||Active|||und|1|1|||...|CSTLPRECIO|0|0|0|0|0|||||
22000103345|1|22000197|TORNILLO CABEZA EXTRAPLANA 8 X 3/4 REF: S6075 ZINCADO|MP|Active||10|10|und|6|6|Proceso Tirar Operación|MP_WIP|EN.1.1.1|CSTLPRECIO|0|0|0|0|0||||1|
22000103345|1|22006318|GENERICO VIDRIO LAMINADO 4+4 M2|MP|Active||20|10|m2|.47025|.47025|Proceso Tirar Operación|CARPINT|VID.1.1.1|CSTLPRECIO|0|0|0|0|0||||1|
22000103345|1|25054493|ARMADA-BASE PANTALLA 150CM LKES010502|AI|Active||30|10|und|1|1|Proceso Tirar Operación|SOLDADURA|SOL.1.1.1|CSTLPRECIO|0|0|0|0|0||||1|
22000103345|2|25013364|PARTE-SOPORTE BASE PANTALLA LINK LKES010070|AI|Active||10|10|und|3|3|Proceso Tirar Operación|SOLDADURA|SOL.1.1.1|CSTLPRECIO|0|0|0|0|0||||1|
22000103345|3|22008932|LAMINA PLANA CR 4X8  ESPESOR 1.50MM|MP|Active||10|10|kg|.064363664|.064363664|Proceso Tirar Operación|CORTYPUNZ|CYP.1.1.1|CSTLPRECIO|0|0|0|0|0||||1|
22000103345|2|25054494|PARTE-CUERPO BASE PANTALLA DE 150CM LKES010503|AI|Active||20|10|und|1|1|Proceso Tirar Operación|DOBLADORAS|DOB.1.1.1|CSTLPRECIO|0|0|0|0|0||||1|
22000103345|3|22006037|LAMINA PLANA 4X8 ESPESOR 0.9MM|MP|Active||10|10|kg|.784851|.784851|Proceso Tirar Operación|CORTYPUNZ|CYP.1.1.1|CSTLPRECIO|0|0|0|0|0||||1|
22000103345|1|22008555|GENERICO PINTURA EN POLVO MUEBLES|MP|Active||40|10|kg|.05|.05|Proceso Tirar Operación|MP_WIP|PI.1.1.1|CSTLPRECIO|0|0|0|0|0||||1|
22000103345|1|22001410|EMPAQUE COLUMNA X 8 UNIDADES|ME|Active||60|10|und|.25|.25|Proceso Tirar Operación|MP_WIP|EN.1.1.1|CSTLPRECIO|0|0|0|0|0||||1|
22000103714|0|22000103714|FALDA PANTALLA INDIVIDUAL VIDRIO LAMINADO 4+4 58X150CM ACCESORIO LINK LKAC200000||Active|||und|1|1|||...|CSTLPRECIO|0|0|0|0|0|||||
22000103714|1|22015589|CINTA DOBLE FAZ FILMICA ML TESA 4965 TRANSPARENTE DE 19MM DE ANCHO Y 50 METROS DE LARGO|MP|Active||10|20|m|.5|.5|Proceso Tirar Operación|MP_WIP|EN.1.1.1|CSTLPRECIO|0|0|0|0|0||||1|
22000103714|1|22000197|TORNILLO CABEZA EXTRAPLANA 8 X 3/4 REF: S6075 ZINCADO|MP|Active||20|20|und|6|6|Proceso Tirar Operación|MP_WIP|EN.1.1.1|CSTLPRECIO|0|0|0|0|0||||1|
22000103714|1|22000159|TORNILLO AUTOPERFORANTE CABEZA EXTRAPLANA 8 X 1/2 REF:234 ZINCADO NEGRO|MP|Active||25|20|und|2|2|Proceso Tirar Operación|MP_WIP|EN.1.1.1|CSTLPRECIO|0|0|0|0|0||||1|
22000103714|1|22006318|GENERICO VIDRIO LAMINADO 4+4 M2|MP|Active||30|10|m2|.84|.84|Proceso Tirar Operación|CARPINT|VID.1.1.1|CSTLPRECIO|0|0|0|0|0||||1|
22000103714|1|22011669|HONEY COMB REF: 20MM X 900MM X 90 HOJAS|ME|Active||35|10|und|1|1|Proceso Tirar Operación|CARPINT|MPC.1.1.1|CSTLPRECIO|0|0|0|0|0||||1|
22000103714|1|25054927|ARMADA-SOPORTE  DERECHO FALDA PANTALLA VIDRIO LAMINADO LKAC241000|AI|Active||40|20|und|1|1|Proceso Tirar Operación|SOLDADURA|SOL.1.1.1|CSTLPRECIO|0|0|0|0|0||||1|
22000103714|2|25054923|PARTE-REFUERZO SOPORTE FALDA PANTALLA LKAC241020|AI|Active||10|10|und|1|1|Proceso Tirar Operación|DOBLADORAS|DOB.1.1.1|CSTLPRECIO|0|0|0|0|0||||1|
22000103714|3|22008931|LAMINA PLANA CR 4X8  ESPESOR 3.0MM (DECAPADA Y ACEITADA)|MP|Active||10|10|kg|.49683|.49683|Proceso Tirar Operación|CORTYPUNZ|CYP.1.1.1|CSTLPRECIO|0|0|0|0|0||||1|
22000103714|2|25054925|PARTE-SOPORTE DERECHO FALDA PANTALLA LKAC241010|AI|Active||20|10|und|1|1|Proceso Tirar Operación|DOBLADORAS|DOB.1.1.1|CSTLPRECIO|0|0|0|0|0||||1|
22000103714|3|22006027|LAMINA PLANA 4X8 ESPESOR 1.20MM|MP|Active||10|10|kg|.3310929|.3310929|Proceso Tirar Operación|CORTYPUNZ|CYP.1.1.1|CSTLPRECIO|0|0|0|0|0||||1|
22000103714|1|25054926|ARMADA-SOPORTE  IZQUIERDO FALDA PANTALLA VIDRIO LAMINADO LKAC241000|AI|Active||50|20|und|1|1|Proceso Tirar Operación|SOLDADURA|SOL.1.1.1|CSTLPRECIO|0|0|0|0|0||||1|
22000103714|2|25054923|PARTE-REFUERZO SOPORTE FALDA PANTALLA LKAC241020|AI|Active||10|10|und|1|1|Proceso Tirar Operación|DOBLADORAS|DOB.1.1.1|CSTLPRECIO|0|0|0|0|0||||1|
22000103714|3|22008931|LAMINA PLANA CR 4X8  ESPESOR 3.0MM (DECAPADA Y ACEITADA)|MP|Active||10|10|kg|.49683|.49683|Proceso Tirar Operación|CORTYPUNZ|CYP.1.1.1|CSTLPRECIO|0|0|0|0|0||||1|
22000103714|2|25054924|PARTE-SOPORTE IZQUIERDO FALDA PANTALLA LKAC241010|AI|Active||20|10|und|1|1|Proceso Tirar Operación|DOBLADORAS|DOB.1.1.1|CSTLPRECIO|0|0|0|0|0||||1|
22000103714|3|22006027|LAMINA PLANA 4X8 ESPESOR 1.20MM|MP|Active||10|10|kg|.3310929|.3310929|Proceso Tirar Operación|CORTYPUNZ|CYP.1.1.1|CSTLPRECIO|0|0|0|0|0||||1|
22000103714|1|22008555|GENERICO PINTURA EN POLVO MUEBLES|MP|Active||60|20|kg|.03|.03|Proceso Tirar Operación|MP_WIP|PI.1.1.1|CSTLPRECIO|0|0|0|0|0||||1|
22000103714|1|22001411|EMPAQUE COLUMNA X 16 UNIDADES|ME|Active||90|20|und|.25|.25|Proceso Tirar Operación|MP_WIP|EN.1.1.1|CSTLPRECIO|0|0|0|0|0||||1|
22000103717|0|22000103717|PANTALLA FRONTAL VIDRIO LAMINADO 4+4 38X150CM ACCESORIO LINK LKAC290000|AI|Active|||und|1|1|||...|CSTLPRECIO|0|0|0|0|0|||||
22000103717|1|22006318|GENERICO VIDRIO LAMINADO 4+4 M2|MP|Active||10|10|m2|.5|.5|Proceso Tirar Operación|CARPINT|VID.1.1.1|CSTLPRECIO|0|0|0|0|0||||1|
22000103717|1|22015589|CINTA DOBLE FAZ FILMICA ML TESA 4965 TRANSPARENTE DE 19MM DE ANCHO Y 50 METROS DE LARGO|MP|Active||20|20|m|.16|.16|Proceso Tirar Operación|MP_WIP|EN.1.1.1|CSTLPRECIO|0|0|0|0|0||||1|
22000103717|1|22000261|TORNILLO CABEZA HEXAGONAL 5/16 X 3/4 ZINCADO|MP|Active||30|20|und|4|4|Proceso Tirar Operación|MP_WIP|EN.1.1.1|CSTLPRECIO|0|0|0|0|0||||1|
22000103717|1|22002420|TORNILLO HEX G-2 RO 5/16 x 2 R/TOTAL  ZINCADO|MP|Active||40|20|und|2|2|Proceso Tirar Operación|MP_WIP|EN.1.1.1|CSTLPRECIO|0|0|0|0|0||||1|
22000103717|1|22011275|TUERCA REMACHABLE DE 5/16 HEXAGONAL BOLLHOFF|MP|Active||50|20|und|2|2|Proceso Tirar Operación|MP_WIP|EN.1.1.1|CSTLPRECIO|0|0|0|0|0||||1|
22000103717|1|22000277|ARANDELA 5/16 LISA ZINCADA|MP|Active||60|20|und|6|6|Proceso Tirar Operación|MP_WIP|EN.1.1.1|CSTLPRECIO|0|0|0|0|0||||1|
22000103717|1|25021322|PARTE-BUJE PLASTICO PANTALLA LATERAL- FRONTAL MANGUERA DE CRISTAL LKAC010020|AI|Active||70|20|und|2|2|Proceso Tirar Operación|MP_WIP|EN.1.1.1|CSTLPRECIO|0|0|0|0|0||||1|
22000103717|2|22006155|MANGUERA DE CRISTAL 5/16 *40|MP|Active||10|10|m|.007|.007|Proceso Tirar Operación|MP_WIP|EN.1.1.1|CSTLPRECIO|0|0|0|0|0||||1|
22000103717|1|25021733|PARTE-ESCUADRA KIT PRENSA PANTALLA FRONTAL LINK LKAC281010|AI|Active||80|20|und|4|4|Proceso Tirar Operación|DOBLADORAS|DOB.1.1.1|CSTLPRECIO|0|0|0|0|0||||1|
22000103717|2|22008993|LAMINA PLANA GALVANIZADA 4X8 ESPESOR 2.0MM|MP|Active||10|10|kg|.2594011|.2594011|Proceso Tirar Operación|CORTYPUNZ|CYP.1.1.1|CSTLPRECIO|0|0|0|0|0||||1|
22000103717|1|22001411|EMPAQUE COLUMNA X 16 UNIDADES|ME|Active||120|20|und|.25|.25|Proceso Tirar Operación|MP_WIP|EN.1.1.1|CSTLPRECIO|0|0|0|0|0||||1|
22000103717|1|22011669|HONEY COMB REF: 20MM X 900MM X 90 HOJAS|ME|Active||130|10|und|1|1|Proceso Tirar Operación|CARPINT|MPC.1.1.1|CSTLPRECIO|0|0|0|0|0||||1|
22000111145|0|22000111145|SUPERFICIE INTEGRACION FORMICA DERECHA 60X30X3CM LINK LKSU020160||Active|||und|1|1|||...|CSTLPRECIO|0|0|0|0|0|||||
22000111145|1|25074781|CANTEADO-SUPERFICIE INTEGRACION FORMICA DERECHA 60X30X3CM LINK LKSU020160|AI|Active||10|10|und|1|1|Proceso Tirar Operación|CANTEADO|CNT.1.1.1|CSTLPRECIO|0|0|0|0|0||||1|
22000111145|2|25074780|PRENSADO-SUPERFICIE INTEGRACION FORMICA DERECHA 60X30X3CM LINK LKSU020160|AI|Active||10|10|und|1|1|Proceso Tirar Operación|PRENSADO|PRE.1.1.1|CSTLPRECIO|0|0|0|0|0||||1|
22000111145|3|22015818|UNICOR POLAR SIN BALANCE DE 1830X2440MM ESPESOR 30MM|MP|Active||10|10|und|.049662295|.049662295|Proceso Tirar Operación|CARPINT|AGL.1.1.1|CSTLPRECIO|0|0|0|0|0||||1|
22000111145|3|22008689|GENERICO FORMICA 1220MM X 2440MM F8|MP|Active||20|10|und|.07|.07|Proceso Tirar Operación|CARPINT|FOR.1.1.1|CSTLPRECIO|0|0|0|0|0||||1|
22000111145|2|22008524|GENERICO CANTO DE 35MM ESPESOR 2MM|MP|Active||20|10|m|1.95|1.95|Proceso Tirar Operación|CARPINT|CTA.1.1.1|CSTLPRECIO|0|0|0|0|0||||1|
22000111148|0|22000111148|DUCTO BAJANTE TECHO SENCILLO METALICO 240X15X10CM LINK LKAC820000||Active|||und|1|1|||...|CSTLPRECIO|0|0|0|0|0|||||
22000111148|1|25074782|ARMADA-COLUMNA DUCTO BAJANTE TECHO SENCILLO METALICO 240X15X10CM LINK LKAC820001|AI|Active||10|10|und|1|1|Proceso Tirar Operación|SOLDADURA|SOL.1.1.1|CSTLPRECIO|0|0|0|0|0||||1|
22000111148|2|25074783|PARTE-CUERPO COLUMNA DUCTO BAJANTE TECHO SENCILLO METALICO 240X15X10CM LINK LKAC820002|AI|Active||10|10|und|1|1|Proceso Tirar Operación|DOBLADORAS|DOB.1.1.1|CSTLPRECIO|0|0|0|0|0||||1|
22000111148|3|22006037|LAMINA PLANA 4X8 ESPESOR 0.9MM|MP|Active||10|10|kg|6.30389|6.30389|Proceso Tirar Operación|CORTYPUNZ|CYP.1.1.1|CSTLPRECIO|0|0|0|0|0||||1|
22000111148|2|25074784|PARTE-SOPORTE COLUMNA DUCTO BAJANTE TECHO SENCILLO METALICO 240X15X10CM LINK LKAC820003|AI|Active||20|10|und|1|1|Proceso Tirar Operación|DOBLADORAS|DOB.1.1.1|CSTLPRECIO|0|0|0|0|0||||1|
22000111148|3|22006037|LAMINA PLANA 4X8 ESPESOR 0.9MM|MP|Active||10|10|kg|.06338|.06338|Proceso Tirar Operación|CORTYPUNZ|CYP.1.1.1|CSTLPRECIO|0|0|0|0|0||||1|
22000111148|2|25074785|PARTE-DIVISOR COLUMNA DUCTO BAJANTE TECHO SENCILLO METALICO 240X15X10CM LINK LKAC820004|AI|Active||30|10|und|1|1|Proceso Tirar Operación|DOBLADORAS|DOB.1.1.1|CSTLPRECIO|0|0|0|0|0||||1|
22000111148|3|22006037|LAMINA PLANA 4X8 ESPESOR 0.9MM|MP|Active||10|10|kg|1.73615|1.73615|Proceso Tirar Operación|CORTYPUNZ|CYP.1.1.1|CSTLPRECIO|0|0|0|0|0||||1|
22000111148|1|25074784|PARTE-SOPORTE COLUMNA DUCTO BAJANTE TECHO SENCILLO METALICO 240X15X10CM LINK LKAC820003|AI|Active||20|10|und|1|1|Proceso Tirar Operación|DOBLADORAS|DOB.1.1.1|CSTLPRECIO|0|0|0|0|0||||1|
22000111148|2|22006037|LAMINA PLANA 4X8 ESPESOR 0.9MM|MP|Active||10|10|kg|.06338|.06338|Proceso Tirar Operación|CORTYPUNZ|CYP.1.1.1|CSTLPRECIO|0|0|0|0|0||||1|
22000111148|1|25074786|ARMADA-ACOPLE DUCTO BAJANTE TECHO SENCILLO METALICO 240X15X10CM LINK LKAC820005|AI|Active||30|30|und|1|1|Proceso Tirar Operación|SOLDADURA|SOL.1.1.1|CSTLPRECIO|0|0|0|0|0||||1|
22000111148|2|25074787|PARTE-CUERPO ACOPLE DUCTO BAJANTE TECHO SENCILLO METALICO 240X15X10CM LINK LKAC820006|AI|Active||10|10|und|1|1|Proceso Tirar Operación|DOBLADORAS|DOB.1.1.1|CSTLPRECIO|0|0|0|0|0||||1|
22000111148|3|22006027|LAMINA PLANA 4X8 ESPESOR 1.20MM|MP|Active||10|10|kg|1.89472|1.89472|Proceso Tirar Operación|CORTYPUNZ|CYP.1.1.1|CSTLPRECIO|0|0|0|0|0||||1|
22000111148|2|25074788|PARTE-SOPORTE ACOPLE DUCTO BAJANTE TECHO SENCILLO METALICO 240X15X10CM LINK LKAC820007|AI|Active||20|10|und|1|1|Proceso Tirar Operación|DOBLADORAS|DOB.1.1.1|CSTLPRECIO|0|0|0|0|0||||1|
22000111148|3|22006027|LAMINA PLANA 4X8 ESPESOR 1.20MM|MP|Active||10|10|kg|.15115|.15115|Proceso Tirar Operación|CORTYPUNZ|CYP.1.1.1|CSTLPRECIO|0|0|0|0|0||||1|
22000111148|1|22002524|PERFIL NAL TAPA VIGA COMPENDIO COLOR NEGRO TIRA 3000MM MPR060047|MP|Active||40|30|und|1|1|Proceso Tirar Operación|MP_WIP|EN.1.1.1|CSTLPRECIO|0|0|0|0|0||||1|
22000111148|1|25028197|PARTE-DIVISOR DUCTO BAJANTE TECHO LKAC130020|AI|Active||50|30|und|1|1|Proceso Tirar Operación|SOLDADURA|SOL.1.1.1|CSTLPRECIO|0|0|0|0|0||||1|
22000111148|2|22006027|LAMINA PLANA 4X8 ESPESOR 1.20MM|MP|Active||10|10|kg|.14025055|.14025055|Proceso Tirar Operación|CORTYPUNZ|CYP.1.1.1|CSTLPRECIO|0|0|0|0|0||||1|
22000111148|1|22007761|TORNILLO CABEZA EXTRAPLANA 8 X  9/16 ZINCADO|MP|Active||60|30|und|5|5|Proceso Tirar Operación|MP_WIP|EN.1.1.1|CSTLPRECIO|0|0|0|0|0||||1|
22000111148|1|22001520|ESCUADRA 25X25 HVA125-25|MP|Active||70|30|und|2|2|Proceso Tirar Operación|MP_WIP|EN.1.1.1|CSTLPRECIO|0|0|0|0|0||||1|
22000111148|1|22000168|TORNILLO ANCLAJE NYLON 3/16 X 1.1/4 REF: NR-3114|MP|Active||80|30|und|2|2|Proceso Tirar Operación|MP_WIP|EN.1.1.1|CSTLPRECIO|0|0|0|0|0||||1|
22000111148|1|22000185|REMACHE POP 4-3|MP|Active||90|30|und|2|2|Proceso Tirar Operación|MP_WIP|EN.1.1.1|CSTLPRECIO|0|0|0|0|0||||1|
22000111148|1|22014226|STICKER TROQUELADO VERDE POLO A TIERRA ETIQUETA DE SEGURIDAD|ME|Active||100|30|und|2|2|Proceso Tirar Operación|MP_WIP|EN.1.1.1|CSTLPRECIO|0|0|0|0|0||||1|
22000111148|1|22005645|TORNILLO ESTUFA CABEZA REDONDA PHILLIPS 3/4 X 1/4 ZINCADO|MP|Active||110|30|und|2|2|Proceso Tirar Operación|MP_WIP|EN.1.1.1|CSTLPRECIO|0|0|0|0|0||||1|
22000111148|1|22012502|ARANDELA S/M DIAM. 5/16 ZINC NEGRO|MP|Active||120|30|und|2|2|Proceso Tirar Operación|MP_WIP|EN.1.1.1|CSTLPRECIO|0|0|0|0|0||||1|
22000111148|1|22008555|GENERICO PINTURA EN POLVO MUEBLES|MP|Active||130|30|kg|.3389714|.3389714|Proceso Tirar Operación|MP_WIP|PI.1.1.1|CSTLPRECIO|0|0|0|0|0||||1|
22000111148|1|22001411|EMPAQUE COLUMNA X 16 UNIDADES|ME|Active||140|10|und|1|1|Proceso Tirar Operación|MP_WIP|EN.1.1.1|CSTLPRECIO|0|0|0|0|0||||1|
22000111172|0|22000111172|SUPERFICIE INTEGRACION FORMICA IZQUIERDA 60X30X3CM LINK LKSU020160||Active|||und|1|1|||...|CSTLPRECIO|0|0|0|0|0|||||
22000111172|1|25074809|CANTEADO-SUPERFICIE INTEGRACION FORMICA IZQUIERDA 60X30X3CM LINK LKSU020160|AI|Active||10|10|und|1|1|Proceso Tirar Operación|CANTEADO|CNT.1.1.1|CSTLPRECIO|0|0|0|0|0||||1|
22000111172|2|25074808|PRENSADO-SUPERFICIE INTEGRACION FORMICA IZQUIERDA 60X30X3CM LINK LKSU020160|AI|Active||10|10|und|1|1|Proceso Tirar Operación|PRENSADO|PRE.1.1.1|CSTLPRECIO|0|0|0|0|0||||1|
22000111172|3|22015818|UNICOR POLAR SIN BALANCE DE 1830X2440MM ESPESOR 30MM|MP|Active||10|10|und|.049662295|.049662295|Proceso Tirar Operación|CARPINT|AGL.1.1.1|CSTLPRECIO|0|0|0|0|0||||1|
22000111172|3|22008689|GENERICO FORMICA 1220MM X 2440MM F8|MP|Active||20|10|und|.07|.07|Proceso Tirar Operación|CARPINT|FOR.1.1.1|CSTLPRECIO|0|0|0|0|0||||1|
22000111172|2|22008524|GENERICO CANTO DE 35MM ESPESOR 2MM|MP|Active||20|10|m|1.95|1.95|Proceso Tirar Operación|CARPINT|CTA.1.1.1|CSTLPRECIO|0|0|0|0|0||||1|
22000115184|0|22000115184|MESA DANCER CON TOMAS CIRCULAR DIAM. 120CM H-74CM TEK SOCIAL TKSME030000||Active|||und|1|1|||...|CSTLPRECIO|0|0|0|0|0|||||
22000115184|1|22000111344|COSTADO PINTADO H-74CM MESA DANCER TEK SOCIAL TKSME011000|AI|Active||10|10|und|4|4|Proceso Tirar Operación|PROD_TERM|10.1.1.1|CSTLPRECIO|0|0|0|0|0||||1|
22000115184|2|25072434|ARMADA-ESTRUCTURA COSTADO H-74CM MESA DANCER TEK SOCIAL TKSME011010|AI|Active||10|10|und|1|1|Proceso Tirar Operación|SOLDADURA|SOL.1.1.1|CSTLPRECIO|0|0|0|0|0||||1|
22000115184|3|25072435|PARTE-CUERPO COSTADO H-74CM MESA DANCER TEK SOCIAL TKSME011011|AI|Active||10|10|und|1|1|Proceso Tirar Operación|DOBLADORAS|DOB.1.1.1|CSTLPRECIO|0|0|0|0|0||||1|
22000115184|4|22008721|LAMINA PLANA ACEITADA Y DECAPADA 4X8 ESPESOR 4MM A-36|MP|Active||10|10|kg|2.38218|2.38218|Proceso Tirar Operación|CORTYPUNZ|CYP.1.1.1|CSTLPRECIO|0|0|0|0|0||||1|
22000115184|3|25072436|PARTE-REFUERZO CENTRAL COSTADO H-74CM MESA DANCER TEK SOCIAL TKSME011012|AI|Active||20|10|und|1|1|Proceso Tirar Operación|DOBLADORAS|DOB.1.1.1|CSTLPRECIO|0|0|0|0|0||||1|
22000115184|4|22008721|LAMINA PLANA ACEITADA Y DECAPADA 4X8 ESPESOR 4MM A-36|MP|Active||10|10|kg|2.12106|2.12106|Proceso Tirar Operación|CORTYPUNZ|CYP.1.1.1|CSTLPRECIO|0|0|0|0|0||||1|
22000115184|3|25072437|PARTE-PLATINA NIVELADOR COSTADO H-74CM MESA DANCER TEK SOCIAL TKSME011013|AI|Active||30|10|und|1|1|Proceso Tirar Operación|DOBLADORAS|DOB.1.1.1|CSTLPRECIO|0|0|0|0|0||||1|
22000115184|4|22008722|LAMINA PLANA CR 4X8 ESPESOR 1.90MM|MP|Active||10|10|kg|.01721|.01721|Proceso Tirar Operación|CORTYPUNZ|CYP.1.1.1|CSTLPRECIO|0|0|0|0|0||||1|
22000115184|3|22000150|TUERCA  HEXAGONAL 5/16 ZINCADA|MP|Active||40|10|und|1|1|Proceso Tirar Operación|SOLDADURA|MPS.1.1.1|CSTLPRECIO|0|0|0|0|0||||1|
22000115184|2|25072438|PARTE-TAPA DECORATIVA SUPERIOR COSTADO H-74CM MESA DANCER TEK SOCIAL TKSME011020|AI|Active||20|10|und|1|1|Proceso Tirar Operación|DOBLADORAS|DOB.1.1.1|CSTLPRECIO|0|0|0|0|0||||1|
22000115184|3|22006061|LAMINA PLANA 4X8 ESPESOR 0.75MM|MP|Active||10|10|kg|.17361|.17361|Proceso Tirar Operación|CORTYPUNZ|CYP.1.1.1|CSTLPRECIO|0|0|0|0|0||||1|
22000115184|2|25072439|PARTE-TAPA DECORATIVA INFERIOR COSTADO H-74CM MESA DANCER TEK SOCIAL TKSME011030|AI|Active||30|10|und|1|1|Proceso Tirar Operación|DOBLADORAS|DOB.1.1.1|CSTLPRECIO|0|0|0|0|0||||1|
22000115184|3|22006061|LAMINA PLANA 4X8 ESPESOR 0.75MM|MP|Active||10|10|kg|.70368|.70368|Proceso Tirar Operación|CORTYPUNZ|CYP.1.1.1|CSTLPRECIO|0|0|0|0|0||||1|
22000115184|2|22006282|NIVELADOR DE ROSCA 5/16 X 1 PULG Y BASE 7/8 MPR080225|MP|Active||40|10|und|1|1|Proceso Tirar Operación|MP_WIP|EN.1.1.1|CSTLPRECIO|0|0|0|0|0||||1|
22000115184|2|22000197|TORNILLO CABEZA EXTRAPLANA 8 X 3/4 REF: S6075 ZINCADO|MP|Active||60|10|und|3|3|Proceso Tirar Operación|MP_WIP|EN.1.1.1|CSTLPRECIO|0|0|0|0|0||||1|
22000115184|2|22008555|GENERICO PINTURA EN POLVO MUEBLES|MP|Active||70|10|kg|.0320249|.0320249|Proceso Tirar Operación|MP_WIP|PI.1.1.1|CSTLPRECIO|0|0|0|0|0||||1|
22000115184|2|22016286|GENERICO PINTURA EN POLVO MUEBLES LADO B|MP|Active||75|10|kg|.0350471|.0350471|Proceso Tirar Operación|MP_WIP|PI.1.1.1|CSTLPRECIO|0|0|0|0|0||||1|
22000115184|2|22001402|EMPAQUE REPISA METALICA 2 UNIDADES|ME|Active||80|10|und|.25|.25|Proceso Tirar Operación|MP_WIP|EN.1.1.1|CSTLPRECIO|0|0|0|0|0||||1|
22000115184|1|22000111345|VIGA REFUERZO 120CM MESA DANCER TEK SOCIAL TKSME012000|AI|Active||20|10|und|1|1|Proceso Tirar Operación|PROD_TERM|10.1.1.1|CSTLPRECIO|0|0|0|0|0||||1|
22000115184|2|25072440|ARMADA-VIGA REFUERZO 120CM MESA DANCER TEK SOCIAL TKSME012010|AI|Active||10|10|und|1|1|Proceso Tirar Operación|SOLDADURA|SOL.1.1.1|CSTLPRECIO|0|0|0|0|0||||1|
22000115184|3|25072441|PARTE-PERFIL CUERPO VIGA REFUERZO 120CM MESA DANCER TEK SOCIAL TKSME012011|AI|Active||10|10|und|1|1|Proceso Tirar Operación|TRONZSILLA|TRS.1.1.1|CSTLPRECIO|0|0|0|0|0||||1|
22000115184|4|22004800|TUBO RECTANGULAR CR DE 30MM X 50MM 6000MM CALIBRE 14|MP|Active||10|10|und|.05555555555555555555555555555556|.05555555555555555555555555555556|Proceso Tirar Operación|TRONZSILLA|MTS.1.1.1|CSTLPRECIO|0|0|0|0|0||||1|
22000115184|3|25072442|PARTE-TERMINAL VIGA REFUERZO MESA DANCER TEK SOCIAL TKSME012012|AI|Active||20|10|und|2|2|Proceso Tirar Operación|DOBLADORAS|DOB.1.1.1|CSTLPRECIO|0|0|0|0|0||||1|
22000115184|4|22008721|LAMINA PLANA ACEITADA Y DECAPADA 4X8 ESPESOR 4MM A-36|MP|Active||10|10|kg|.88027|.88027|Proceso Tirar Operación|CORTYPUNZ|CYP.1.1.1|CSTLPRECIO|0|0|0|0|0||||1|
22000115184|2|22010189|TUERCA DE SEGURIDAD DE  5/16|MP|Active||20|10|und|16|16|Proceso Tirar Operación|MP_WIP|EN.1.1.1|CSTLPRECIO|0|0|0|0|0||||1|
22000115184|2|22000261|TORNILLO CABEZA HEXAGONAL 5/16 X 3/4 ZINCADO|MP|Active||30|10|und|16|16|Proceso Tirar Operación|MP_WIP|EN.1.1.1|CSTLPRECIO|0|0|0|0|0||||1|
22000115184|2|22012502|ARANDELA S/M DIAM. 5/16 ZINC NEGRO|MP|Active||40|10|und|16|16|Proceso Tirar Operación|MP_WIP|EN.1.1.1|CSTLPRECIO|0|0|0|0|0||||1|
22000115184|2|22007761|TORNILLO CABEZA EXTRAPLANA 8 X  9/16 ZINCADO|MP|Active||50|10|und|6|6|Proceso Tirar Operación|MP_WIP|EN.1.1.1|CSTLPRECIO|0|0|0|0|0||||1|
22000115184|2|22008555|GENERICO PINTURA EN POLVO MUEBLES|MP|Active||60|10|kg|.0352874|.0352874|Proceso Tirar Operación|MP_WIP|PI.1.1.1|CSTLPRECIO|0|0|0|0|0||||1|
22000115184|1|22000111563|FALDON SEMI CIRCULAR MESA DANCER DIAM 120CM TEK SOCIAL TKSME031000|AI|Active||30|10|und|2|2|Proceso Tirar Operación|PROD_TERM|10.1.1.1|CSTLPRECIO|0|0|0|0|0||||1|
22000115184|2|25072645|ARMADA-FALDON SEMI CIRCULAR MESA DANCER DIAM 120CM TEK SOCIAL TKSME031010|AI|Active||10|10|und|1|1|Proceso Tirar Operación|SOLDADURA|SOL.1.1.1|CSTLPRECIO|0|0|0|0|0||||1|
22000115184|3|25072646|PARTE-CORAZA FALDON SEMI CIRCULAR MESA DANCER DIAM 120CM TEK SOCIAL TKSME031011|AI|Active||10|10|und|1|1|Proceso Tirar Operación|DOBLADORAS|DOB.1.1.1|CSTLPRECIO|0|0|0|0|0||||1|
22000115184|4|22006037|LAMINA PLANA 4X8 ESPESOR 0.9MM|MP|Active||10|10|kg|2.19127|2.19127|Proceso Tirar Operación|CORTYPUNZ|CYP.1.1.1|CSTLPRECIO|0|0|0|0|0||||1|
22000115184|3|25072452|PARTE-COSTILLA FALDON CURVO MESA DANCER TEK SOCIAL TKSME013012|AI|Active||20|10|und|11|11|Proceso Tirar Operación|DOBLADORAS|DOB.1.1.1|CSTLPRECIO|0|0|0|0|0||||1|
22000115184|4|22006037|LAMINA PLANA 4X8 ESPESOR 0.9MM|MP|Active||10|10|kg|.04774|.04774|Proceso Tirar Operación|CORTYPUNZ|CYP.1.1.1|CSTLPRECIO|0|0|0|0|0||||1|
22000115184|3|25072647|PARTE-TAPA FALDON SEMI CIRCULAR MESA DANCER DIAM 120CM TEK SOCIAL TKSME031012|AI|Active||30|10|und|1|1|Proceso Tirar Operación|DOBLADORAS|DOB.1.1.1|CSTLPRECIO|0|0|0|0|0||||1|
22000115184|4|22006037|LAMINA PLANA 4X8 ESPESOR 0.9MM|MP|Active||10|10|kg|1.88|1.88|Proceso Tirar Operación|CORTYPUNZ|CYP.1.1.1|CSTLPRECIO|0|0|0|0|0||||1|
22000115184|2|22007761|TORNILLO CABEZA EXTRAPLANA 8 X  9/16 ZINCADO|MP|Active||20|10|und|6|6|Proceso Tirar Operación|MP_WIP|EN.1.1.1|CSTLPRECIO|0|0|0|0|0||||1|
22000115184|2|22008555|GENERICO PINTURA EN POLVO MUEBLES|MP|Active||30|10|kg|.0857143|.0857143|Proceso Tirar Operación|MP_WIP|PI.1.1.1|CSTLPRECIO|0|0|0|0|0||||1|
22000115184|2|22001401|EMPAQUE REPISA 38 X 38 DESARMADA 2 UNIDADES|ME|Active||40|10|und|.5|.5|Proceso Tirar Operación|MP_WIP|EN.1.1.1|CSTLPRECIO|0|0|0|0|0||||1|
22000115184|1|22000111564|RIOSTRA 52CM MESA DANCER DIAM 120CM TEK SOCIAL TKSME032000|AI|Active||40|10|und|2|2|Proceso Tirar Operación|PROD_TERM|10.1.1.1|CSTLPRECIO|0|0|0|0|0||||1|
22000115184|2|25072648|ARMADA-RIOSTRA 52CM MESA DANCER DIAM 120CM TEK SOCIAL TKSME032010|AI|Active||10|10|und|1|1|Proceso Tirar Operación|SOLDADURA|SOL.1.1.1|CSTLPRECIO|0|0|0|0|0||||1|
22000115184|3|25072649|PARTE-PERFIL CUERPO RIOSTRA 52CM MESA DANCER DIAM 120CM TEK SOCIAL TKSME032011|AI|Active||10|10|und|1|1|Proceso Tirar Operación|DOBLADORAS|DOB.1.1.1|CSTLPRECIO|0|0|0|0|0||||1|
22000115184|4|22008721|LAMINA PLANA ACEITADA Y DECAPADA 4X8 ESPESOR 4MM A-36|MP|Active||10|10|kg|2.52394|2.52394|Proceso Tirar Operación|CORTYPUNZ|CYP.1.1.1|CSTLPRECIO|0|0|0|0|0||||1|
22000115184|3|25072462|PARTE-REFUERZO OMEGA RIOSTRA MESA DANCER TEK SOCIAL TKSME015012|AI|Active||20|10|und|1|1|Proceso Tirar Operación|DOBLADORAS|DOB.1.1.1|CSTLPRECIO|0|0|0|0|0||||1|
22000115184|4|22008931|LAMINA PLANA CR 4X8  ESPESOR 3.0MM (DECAPADA Y ACEITADA)|MP|Active||10|10|kg|.20152|.20152|Proceso Tirar Operación|CORTYPUNZ|CYP.1.1.1|CSTLPRECIO|0|0|0|0|0||||1|
22000115184|2|22007761|TORNILLO CABEZA EXTRAPLANA 8 X  9/16 ZINCADO|MP|Active||20|10|und|6|6|Proceso Tirar Operación|MP_WIP|EN.1.1.1|CSTLPRECIO|0|0|0|0|0||||1|
22000115184|2|22010189|TUERCA DE SEGURIDAD DE  5/16|MP|Active||30|10|und|2|2|Proceso Tirar Operación|MP_WIP|EN.1.1.1|CSTLPRECIO|0|0|0|0|0||||1|
22000115184|2|22012502|ARANDELA S/M DIAM. 5/16 ZINC NEGRO|MP|Active||40|10|und|2|2|Proceso Tirar Operación|MP_WIP|EN.1.1.1|CSTLPRECIO|0|0|0|0|0||||1|
22000115184|2|22002420|TORNILLO HEX G-2 RO 5/16 x 2 R/TOTAL  ZINCADO|MP|Active||50|10|und|2|2|Proceso Tirar Operación|MP_WIP|EN.1.1.1|CSTLPRECIO|0|0|0|0|0||||1|
22000115184|2|22008555|GENERICO PINTURA EN POLVO MUEBLES|MP|Active||60|10|kg|.03068|.03068|Proceso Tirar Operación|MP_WIP|PI.1.1.1|CSTLPRECIO|0|0|0|0|0||||1|
22000115184|2|22001411|EMPAQUE COLUMNA X 16 UNIDADES|ME|Active||70|10|und|.25|.25|Proceso Tirar Operación|MP_WIP|EN.1.1.1|CSTLPRECIO|0|0|0|0|0||||1|
22000115184|1|22000111565|SUPERFICIE CIRCULAR 120CM FORMICA CON PERFORACION REDONDA MESA DANCER TEK SOCIAL TKSME030010|AI|Active||50|10|und|1|1|Proceso Tirar Operación|PROD_TERM|10.1.1.1|CSTLPRECIO|0|0|0|0|0||||1|
22000115184|2|25072657|CANTEADO-SUPERFICIE CIRCULAR 120CM FORMICA MESA DANCER TEK SOCIAL TKSME030010|AI|Active||10|10|und|1|1|Proceso Tirar Operación|CANTEADO|CNT.1.1.1|CSTLPRECIO|0|0|0|0|0||||1|
22000115184|3|25072656|PRENSADO-SUPERFICIE CIRCULAR 120CM FORMICA MESA DANCER TEK SOCIAL TKSME030010|AI|Active||10|10|und|1|1|Proceso Tirar Operación|PRENSADO|PRE.1.1.1|CSTLPRECIO|0|0|0|0|0||||1|
22000115184|4|22021188|UNICOR POLAR SIN BALANCE DE 1830X2440MM ESPESOR 18MM|MP|Active||10|10|und|.413852459|.413852459|Proceso Tirar Operación|CARPINT|AGL.1.1.1|CSTLPRECIO|0|0|0|0|0||||1|
22000115184|4|22008689|GENERICO FORMICA 1220MM X 2440MM F8|MP|Active||20|10|und|.5|.5|Proceso Tirar Operación|CARPINT|FOR.1.1.1|CSTLPRECIO|0|0|0|0|0||||1|
22000115184|3|22008522|GENERICO CANTO PLANO DE 22MM ESPESOR 2MM|MP|Active||20|10|m|5.208|5.208|Proceso Tirar Operación|CARPINT|CTA.1.1.1|CSTLPRECIO|0|0|0|0|0||||1|
22000115184|1|22000111566|BANDEJA EMBEBIDA MESA DANCER DIAM 120CM TEK SOCIAL TKSME033000|AI|Active||60|10|und|1|1|Proceso Tirar Operación|PROD_TERM|10.1.1.1|CSTLPRECIO|0|0|0|0|0||||1|
22000115184|2|25072650|ARMADA-BANDEJA EMBEBIDA MESA DANCER DIAM 120CM TEK SOCIAL TKSME033001|AI|Active||10|10|und|1|1|Proceso Tirar Operación|SOLDADURA|SOL.1.1.1|CSTLPRECIO|0|0|0|0|0||||1|
22000115184|3|25072651|PARTE-BISEL SUPERIOR BANDEJA EMBEBIDA MESA DANCER DIAM 120CM TEK SOCIAL TKSME033010|AI|Active||10|10|und|1|1|Proceso Tirar Operación|DOBLADORAS|DOB.1.1.1|CSTLPRECIO|0|0|0|0|0||||1|
22000115184|4|22008722|LAMINA PLANA CR 4X8 ESPESOR 1.90MM|MP|Active||10|10|kg|1.96842|1.96842|Proceso Tirar Operación|CORTYPUNZ|CYP.1.1.1|CSTLPRECIO|0|0|0|0|0||||1|
22000115184|3|25072652|PARTE-CUERPO BANDEJA EMBEBIDA MESA DANCER DIAM 120CM TEK SOCIAL TKSME033020|AI|Active||20|10|und|1|1|Proceso Tirar Operación|DOBLADORAS|DOB.1.1.1|CSTLPRECIO|0|0|0|0|0||||1|
22000115184|4|22006037|LAMINA PLANA 4X8 ESPESOR 0.9MM|MP|Active||10|10|kg|.28656|.28656|Proceso Tirar Operación|CORTYPUNZ|CYP.1.1.1|CSTLPRECIO|0|0|0|0|0||||1|
22000115184|3|25072654|PARTE-TAPA CURVA BANDEJA EMBEBIDA MESA DANCER DIAM 120CM TEK SOCIAL TKSME033040|AI|Active||40|10|und|1|1|Proceso Tirar Operación|DOBLADORAS|DOB.1.1.1|CSTLPRECIO|0|0|0|0|0||||1|
22000115184|4|22006037|LAMINA PLANA 4X8 ESPESOR 0.9MM|MP|Active||10|10|kg|.16933|.16933|Proceso Tirar Operación|CORTYPUNZ|CYP.1.1.1|CSTLPRECIO|0|0|0|0|0||||1|
22000115184|3|25072655|PARTE-CORAZA BANDEJA EMBEBIDA MESA DANCER DIAM 120CM TEK SOCIAL TKSME033050|AI|Active||50|10|und|1|1|Proceso Tirar Operación|DOBLADORAS|DOB.1.1.1|CSTLPRECIO|0|0|0|0|0||||1|
22000115184|4|22006037|LAMINA PLANA 4X8 ESPESOR 0.9MM|MP|Active||10|10|kg|.54896|.54896|Proceso Tirar Operación|CORTYPUNZ|CYP.1.1.1|CSTLPRECIO|0|0|0|0|0||||1|
22000115184|3|25072466|PARTE-REFUERZO CENTRAL BANDEJA EMBEBIDA MESA DANCER TEK SOCIAL TKSME021040|AI|Active||60|10|und|1|1|Proceso Tirar Operación|DOBLADORAS|DOB.1.1.1|CSTLPRECIO|0|0|0|0|0||||1|
22000115184|4|22008722|LAMINA PLANA CR 4X8 ESPESOR 1.90MM|MP|Active||10|10|kg|.27379|.27379|Proceso Tirar Operación|CORTYPUNZ|CYP.1.1.1|CSTLPRECIO|0|0|0|0|0||||1|
22000115184|3|25072469|PARTE-FLANCHE CUERPO BANDEJA EMBEBIDA MESA DANCER TEK SOCIAL TKSME021070|AI|Active||70|10|und|1|1|Proceso Tirar Operación|DOBLADORAS|DOB.1.1.1|CSTLPRECIO|0|0|0|0|0||||1|
22000115184|4|22008721|LAMINA PLANA ACEITADA Y DECAPADA 4X8 ESPESOR 4MM A-36|MP|Active||10|10|kg|.33501|.33501|Proceso Tirar Operación|CORTYPUNZ|CYP.1.1.1|CSTLPRECIO|0|0|0|0|0||||1|
22000115184|3|22019270|PIN ELECTROSOLDADO M4 X 12|MP|Active||80|10|und|2|2|Proceso Tirar Operación|SOLDADURA|MPS.1.1.1|CSTLPRECIO|0|0|0|0|0||||1|
22000115184|2|22019272|TUERCA ZINCADA M4 (MILIMETRICAS DE 4MM)|MP|Active||20|10|und|2|2|Proceso Tirar Operación|MP_WIP|EN.1.1.1|CSTLPRECIO|0|0|0|0|0||||1|
22000115184|2|22020619|SOPORTE 3 MÓDULOS CON TOMA CORRIENTE DUPLEX 2P+T COLOR BLANCO BITICINO LIVING - LIGHT|MP|Active||30|10|und|1|1|Proceso Tirar Operación|MP_WIP|EN.1.1.1|CSTLPRECIO|0|0|0|0|0||||1|
22000115184|2|22000159|TORNILLO AUTOPERFORANTE CABEZA EXTRAPLANA 8 X 1/2 REF:234 ZINCADO NEGRO|MP|Active||40|10|und|4|4|Proceso Tirar Operación|MP_WIP|EN.1.1.1|CSTLPRECIO|0|0|0|0|0||||1|
22000115184|2|22008555|GENERICO PINTURA EN POLVO MUEBLES|MP|Active||50|10|kg|.0511143|.0511143|Proceso Tirar Operación|MP_WIP|PI.1.1.1|CSTLPRECIO|0|0|0|0|0||||1|
22000115184|2|22001401|EMPAQUE REPISA 38 X 38 DESARMADA 2 UNIDADES|ME|Active||60|10|und|.5|.5|Proceso Tirar Operación|MP_WIP|EN.1.1.1|CSTLPRECIO|0|0|0|0|0||||1|
22000115184|1|22000111836|TAPA INFERIOR MESA DANCER CIRCULAR TEK SOCIAL TKSME034000|AI|Active||70|10|und|1|1|Proceso Tirar Operación|PROD_TERM|10.1.1.1|CSTLPRECIO|0|0|0|0|0||||1|
22000115184|2|25072940|PARTE-CUERPO TAPA INFERIOR MESA DANCER CIRCULAR TEK SOCIAL TKSME034010|AI|Active||10|10|und|1|1|Proceso Tirar Operación|DOBLADORAS|DOB.1.1.1|CSTLPRECIO|0|0|0|0|0||||1|
22000115184|3|22006037|LAMINA PLANA 4X8 ESPESOR 0.9MM|MP|Active||10|10|kg|.62409|.62409|Proceso Tirar Operación|CORTYPUNZ|CYP.1.1.1|CSTLPRECIO|0|0|0|0|0||||1|
22000115184|2|22007761|TORNILLO CABEZA EXTRAPLANA 8 X  9/16 ZINCADO|MP|Active||20|10|und|3|3|Proceso Tirar Operación|MP_WIP|EN.1.1.1|CSTLPRECIO|0|0|0|0|0||||1|
22000115184|2|22000159|TORNILLO AUTOPERFORANTE CABEZA EXTRAPLANA 8 X 1/2 REF:234 ZINCADO NEGRO|MP|Active||30|10|und|3|3|Proceso Tirar Operación|MP_WIP|EN.1.1.1|CSTLPRECIO|0|0|0|0|0||||1|
22000115184|2|22008555|GENERICO PINTURA EN POLVO MUEBLES|MP|Active||40|10|kg|.0207051|.0207051|Proceso Tirar Operación|MP_WIP|PI.1.1.1|CSTLPRECIO|0|0|0|0|0||||1|
22000115184|2|22001412|EMPAQUE SUPERFICIE 30 X 2 UNIDADES|ME|Active||50|10|und|.25|.25|Proceso Tirar Operación|MP_WIP|EN.1.1.1|CSTLPRECIO|0|0|0|0|0||||1|
22000116391|0|22000116391|MODULO PP VIDEO CONFERENCIA METALICO PINTADO 150X186X10CM ECOPETROL CLES0401464||Active|||und|1|1|||...|CSTLPRECIO|0|0|0|0|0|||||
22000116391|1|25085534|ARMADA-MARCO CENTRAL MODULO VIDEO CONFERENCIA ECOPETROL CLES0401465|AI|Active||10|10|und|1|1|Proceso Tirar Operación|SOLDADURA|SOL.1.1.1|CSTLPRECIO|0|0|0|0|0||||1|
22000116391|2|25085535|PARTE-PARAL MARCO CENTRAL MODULO VIDEO CONFERENCIA ECOPETROL CLES0401466|AI|Active||10|10|und|2|2|Proceso Tirar Operación|DOBLADORAS|DOB.1.1.1|CSTLPRECIO|0|0|0|0|0||||1|
22000116391|3|22006027|LAMINA PLANA 4X8 ESPESOR 1.20MM|MP|Active||10|10|kg|3.2|3.2|Proceso Tirar Operación|CORTYPUNZ|CYP.1.1.1|CSTLPRECIO|0|0|0|0|0||||1|
22000116391|2|25085536|PARTE-TRAVESAÑO TOMA MARCO CENTRAL MODULO VIDEO CONFERENCIA ECOPETROL CLES0401467|AI|Active||20|10|und|1|1|Proceso Tirar Operación|DOBLADORAS|DOB.1.1.1|CSTLPRECIO|0|0|0|0|0||||1|
22000116391|3|22006027|LAMINA PLANA 4X8 ESPESOR 1.20MM|MP|Active||10|10|kg|.6|.6|Proceso Tirar Operación|CORTYPUNZ|CYP.1.1.1|CSTLPRECIO|0|0|0|0|0||||1|
22000116391|2|25085537|PARTE-SOPORTE MONITOR MARCO CENTRAL MODULO VIDEO CONFERENCIA ECOPETROL CLES0401468|AI|Active||30|10|und|1|1|Proceso Tirar Operación|DOBLADORAS|DOB.1.1.1|CSTLPRECIO|0|0|0|0|0||||1|
22000116391|3|22008931|LAMINA PLANA CR 4X8  ESPESOR 3.0MM (DECAPADA Y ACEITADA)|MP|Active||10|10|kg|11.4|11.4|Proceso Tirar Operación|CORTYPUNZ|CYP.1.1.1|CSTLPRECIO|0|0|0|0|0||||1|
22000116391|2|25023332|PARTE-TRAVESAÑO SUPERIOR 60CM MARCO PANEL CRITTERIUM CRMA011021|AI|Active||40|10|und|1|1|Proceso Tirar Operación|TRONZSILLA|TRS.1.1.1|CSTLPRECIO|0|0|0|0|0||||1|
22000116391|3|22000914|TUBO RECTANGULAR  DE 20MM X 40MM 6000MM CALIBRE 20|MP|Active||10|10|und|.08333|.08333|Proceso Tirar Operación|TRONZSILLA|MTS.1.1.1|CSTLPRECIO|0|0|0|0|0||||1|
22000116391|2|25023346|PARTE-PLATINA FIJACION KIT TRAVESAÑO SUPERIOR MARCO PANEL CRITTERIUM 8 CRMA011022|AI|Active||50|10|und|2|2|Proceso Tirar Operación|DOBLADORAS|DOB.1.1.1|CSTLPRECIO|0|0|0|0|0||||1|
22000116391|3|22008722|LAMINA PLANA CR 4X8 ESPESOR 1.90MM|MP|Active||10|10|kg|.035062638|.035062638|Proceso Tirar Operación|CORTYPUNZ|CYP.1.1.1|CSTLPRECIO|0|0|0|0|0||||1|
22000116391|2|25064286|PARTE-TRAVESAÑO INFERIOR 60 CUERPO MODULO VIDEO CONFERENCIA CLAK CLPN041015|AI|Active||60|10|und|1|1|Proceso Tirar Operación|TRONZSILLA|TRS.1.1.1|CSTLPRECIO|0|0|0|0|0||||1|
22000116391|3|22000916|TUBO RECTANGULAR  DE 1/2 X 1 6000MM CALIBRE 20|MP|Active||10|10|und|.11667|.11667|Proceso Tirar Operación|TRONZSILLA|MTS.1.1.1|CSTLPRECIO|0|0|0|0|0||||1|
22000116391|2|25060975|PARTE-BANDEJA INTERMEDIA ZOCALO MARCO PANEL 60CM MULTIPLE CRITTERIUM CRMA011050|AI|Active||70|10|und|1|1|Proceso Tirar Operación|DOBLADORAS|DOB.1.1.1|CSTLPRECIO|0|0|0|0|0||||1|
22000116391|3|22006027|LAMINA PLANA 4X8 ESPESOR 1.20MM|MP|Active||10|10|kg|.55766345|.55766345|Proceso Tirar Operación|CORTYPUNZ|CYP.1.1.1|CSTLPRECIO|0|0|0|0|0||||1|
22000116391|2|25060983|PARTE-BANDEJA SELLA PISO ZOCALO MARCO PANEL 60CM MULTIPLE CRITTERIUM CRMA011060|AI|Active||80|10|und|1|1|Proceso Tirar Operación|DOBLADORAS|DOB.1.1.1|CSTLPRECIO|0|0|0|0|0||||1|
22000116391|3|22006027|LAMINA PLANA 4X8 ESPESOR 1.20MM|MP|Active||10|10|kg|.55766345|.55766345|Proceso Tirar Operación|CORTYPUNZ|CYP.1.1.1|CSTLPRECIO|0|0|0|0|0||||1|
22000116391|2|25044791|PARTE-SOPORTE TRAVESAÑO INFERIOR KIT TRAVESAÑO INFERIOR CLAK CLPN041014|AI|Active||90|10|und|2|2|Proceso Tirar Operación|DOBLADORAS|DOB.1.1.1|CSTLPRECIO|0|0|0|0|0||||1|
22000116391|3|22008722|LAMINA PLANA CR 4X8 ESPESOR 1.90MM|MP|Active||10|10|kg|.09887|.09887|Proceso Tirar Operación|CORTYPUNZ|CYP.1.1.1|CSTLPRECIO|0|0|0|0|0||||1|
22000116391|2|25060964|PARTE-PIVOTE NIVELADOR MARCO PANEL CRITTERIUM CRMA011040|AI|Active||100|10|und|2|2|Proceso Tirar Operación|TRONZSILLA|TRS.1.1.1|CSTLPRECIO|0|0|0|0|0||||1|
22000116391|3|22000916|TUBO RECTANGULAR  DE 1/2 X 1 6000MM CALIBRE 20|MP|Active||10|10|und|.01944|.01944|Proceso Tirar Operación|TRONZSILLA|MTS.1.1.1|CSTLPRECIO|0|0|0|0|0||||1|
22000116391|2|25045517|PARTE-PLATINA SOPORTE MARCO CENTRAL CLAK CLPN042011|AI|Active||110|10|und|1|1|Proceso Tirar Operación|DOBLADORAS|DOB.1.1.1|CSTLPRECIO|0|0|0|0|0||||1|
22000116391|3|22008931|LAMINA PLANA CR 4X8  ESPESOR 3.0MM (DECAPADA Y ACEITADA)|MP|Active||10|10|kg|4.587|4.587|Proceso Tirar Operación|CORTYPUNZ|CYP.1.1.1|CSTLPRECIO|0|0|0|0|0||||1|
22000116391|1|25085538|ARMADA-MARCO LATERAL  MODULO VIDEO CONFERENCIA ECOPETROL CLES0401469|AI|Active||20|10|und|2|2|Proceso Tirar Operación|SOLDADURA|SOL.1.1.1|CSTLPRECIO|0|0|0|0|0||||1|
22000116391|2|25085535|PARTE-PARAL MARCO CENTRAL MODULO VIDEO CONFERENCIA ECOPETROL CLES0401466|AI|Active||10|10|und|2|2|Proceso Tirar Operación|DOBLADORAS|DOB.1.1.1|CSTLPRECIO|0|0|0|0|0||||1|
22000116391|3|22006027|LAMINA PLANA 4X8 ESPESOR 1.20MM|MP|Active||10|10|kg|3.2|3.2|Proceso Tirar Operación|CORTYPUNZ|CYP.1.1.1|CSTLPRECIO|0|0|0|0|0||||1|
22000116391|2|25085539|PARTE-TRAVESAÑO INFERIOR MARCO LATERAL  MODULO VIDEO CONFERENCIA ECOPETROL CLES0401470|AI|Active||20|10|und|1|1|Proceso Tirar Operación|TRONZSILLA|TRS.1.1.1|CSTLPRECIO|0|0|0|0|0||||1|
22000116391|3|22000916|TUBO RECTANGULAR  DE 1/2 X 1 6000MM CALIBRE 20|MP|Active||10|10|und|.07|.07|Proceso Tirar Operación|TRONZSILLA|MTS.1.1.1|CSTLPRECIO|0|0|0|0|0||||1|
22000116391|2|25085540|PARTE-TRAVESAÑO TOMA MARCO LATERAL  MODULO VIDEO CONFERENCIA ECOPETROL CLES0401471|AI|Active||30|10|und|1|1|Proceso Tirar Operación|DOBLADORAS|DOB.1.1.1|CSTLPRECIO|0|0|0|0|0||||1|
22000116391|3|22006027|LAMINA PLANA 4X8 ESPESOR 1.20MM|MP|Active||10|10|kg|.4|.4|Proceso Tirar Operación|CORTYPUNZ|CYP.1.1.1|CSTLPRECIO|0|0|0|0|0||||1|
22000116391|2|25023331|PARTE-TRAVESAÑO SUPERIOR 45CM MARCO PANEL CRITTERIUM CRMA011021|AI|Active||40|10|und|1|1|Proceso Tirar Operación|TRONZSILLA|TRS.1.1.1|CSTLPRECIO|0|0|0|0|0||||1|
22000116391|3|22000914|TUBO RECTANGULAR  DE 20MM X 40MM 6000MM CALIBRE 20|MP|Active||10|10|und|.0607573|.0607573|Proceso Tirar Operación|TRONZSILLA|MTS.1.1.1|CSTLPRECIO|0|0|0|0|0||||1|
22000116391|2|25023346|PARTE-PLATINA FIJACION KIT TRAVESAÑO SUPERIOR MARCO PANEL CRITTERIUM 8 CRMA011022|AI|Active||50|10|und|2|2|Proceso Tirar Operación|DOBLADORAS|DOB.1.1.1|CSTLPRECIO|0|0|0|0|0||||1|
22000116391|3|22008722|LAMINA PLANA CR 4X8 ESPESOR 1.90MM|MP|Active||10|10|kg|.035062638|.035062638|Proceso Tirar Operación|CORTYPUNZ|CYP.1.1.1|CSTLPRECIO|0|0|0|0|0||||1|
22000116391|2|25060974|PARTE-BANDEJA INTERMEDIA ZOCALO MARCO PANEL 45CM MULTIPLE CRITTERIUM CRMA011050|AI|Active||60|10|und|1|1|Proceso Tirar Operación|DOBLADORAS|DOB.1.1.1|CSTLPRECIO|0|0|0|0|0||||1|
22000116391|3|22006027|LAMINA PLANA 4X8 ESPESOR 1.20MM|MP|Active||10|10|kg|.41116692|.41116692|Proceso Tirar Operación|CORTYPUNZ|CYP.1.1.1|CSTLPRECIO|0|0|0|0|0||||1|
22000116391|2|25060982|PARTE-BANDEJA SELLA PISO ZOCALO MARCO PANEL 45CM MULTIPLE CRITTERIUM CRMA011060|AI|Active||70|10|und|1|1|Proceso Tirar Operación|DOBLADORAS|DOB.1.1.1|CSTLPRECIO|0|0|0|0|0||||1|
22000116391|3|22006027|LAMINA PLANA 4X8 ESPESOR 1.20MM|MP|Active||10|10|kg|.41116692|.41116692|Proceso Tirar Operación|CORTYPUNZ|CYP.1.1.1|CSTLPRECIO|0|0|0|0|0||||1|
22000116391|2|25044791|PARTE-SOPORTE TRAVESAÑO INFERIOR KIT TRAVESAÑO INFERIOR CLAK CLPN041014|AI|Active||80|10|und|2|2|Proceso Tirar Operación|DOBLADORAS|DOB.1.1.1|CSTLPRECIO|0|0|0|0|0||||1|
22000116391|3|22008722|LAMINA PLANA CR 4X8 ESPESOR 1.90MM|MP|Active||10|10|kg|.09887|.09887|Proceso Tirar Operación|CORTYPUNZ|CYP.1.1.1|CSTLPRECIO|0|0|0|0|0||||1|
22000116391|2|25060964|PARTE-PIVOTE NIVELADOR MARCO PANEL CRITTERIUM CRMA011040|AI|Active||90|10|und|2|2|Proceso Tirar Operación|TRONZSILLA|TRS.1.1.1|CSTLPRECIO|0|0|0|0|0||||1|
22000116391|3|22000916|TUBO RECTANGULAR  DE 1/2 X 1 6000MM CALIBRE 20|MP|Active||10|10|und|.01944|.01944|Proceso Tirar Operación|TRONZSILLA|MTS.1.1.1|CSTLPRECIO|0|0|0|0|0||||1|
22000116391|1|25085541|PARTE-CUERPO TAPA ZOCALO  MODULO VIDEO CONFERENCIA ECOPETROL CLES0401473|AI|Active||30|10|und|2|2|Proceso Tirar Operación|DOBLADORAS|DOB.1.1.1|CSTLPRECIO|0|0|0|0|0||||1|
22000116391|2|22006061|LAMINA PLANA 4X8 ESPESOR 0.75MM|MP|Active||10|10|kg|2.2|2.2|Proceso Tirar Operación|CORTYPUNZ|CYP.1.1.1|CSTLPRECIO|0|0|0|0|0||||1|
22000116391|1|22000656|PIN INSEPARABLE SIS8 MPR050056|MP|Active||40|10|und|10|10|Proceso Tirar Operación|MP_WIP|EN.1.1.1|CSTLPRECIO|0|0|0|0|0||||1|
22000116391|1|25085019|ARMADA-CUERPO BISEL SUPERIOR PANEL MODULO CONFERENCIA CLES0401376|AI|Active||50|10|und|1|1|Proceso Tirar Operación|SOLDADURA|SOL.1.1.1|CSTLPRECIO|0|0|0|0|0||||1|
22000116391|2|25085020|PARTE-PERFIL CUERPO BISEL SUPERIOR PANEL MODULO CONFERENCIA CLES0401377|AI|Active||10|10|und|1|1|Proceso Tirar Operación|DOBLADORAS|DOB.1.1.1|CSTLPRECIO|0|0|0|0|0||||1|
22000116391|3|22006037|LAMINA PLANA 4X8 ESPESOR 0.9MM|MP|Active||10|10|kg|1.26|1.26|Proceso Tirar Operación|CORTYPUNZ|CYP.1.1.1|CSTLPRECIO|0|0|0|0|0||||1|
22000116391|2|25047039|PARTE-SOPORTE PIN CUERPO BISEL MODULO VIDEOCONFERENCIA CLAK CLES040062|AI|Active||20|10|und|2|2|Proceso Tirar Operación|DOBLADORAS|DOB.1.1.1|CSTLPRECIO|0|0|0|0|0||||1|
22000116391|3|22006027|LAMINA PLANA 4X8 ESPESOR 1.20MM|MP|Active||10|10|kg|.05183|.05183|Proceso Tirar Operación|CORTYPUNZ|CYP.1.1.1|CSTLPRECIO|0|0|0|0|0||||1|
22000116391|1|25085021|ARMADA-CUERPO CINTA TERMINAL PANEL MODULO CONFERENCIA CLES0401379|AI|Active||60|10|und|2|2|Proceso Tirar Operación|SOLDADURA|SOL.1.1.1|CSTLPRECIO|0|0|0|0|0||||1|
22000116391|2|25047040|PARTE-CUERPO SOPORTE CINTA TERMINAL MODULO VIDEOCONFERENCIA CLAK CLES040064|AI|Active||10|10|und|2|2|Proceso Tirar Operación|DOBLADORAS|DOB.1.1.1|CSTLPRECIO|0|0|0|0|0||||1|
22000116391|3|22006061|LAMINA PLANA 4X8 ESPESOR 0.75MM|MP|Active||10|10|kg|.02474|.02474|Proceso Tirar Operación|CORTYPUNZ|CYP.1.1.1|CSTLPRECIO|0|0|0|0|0||||1|
22000116391|2|22002215|TORNILLO CABEZA HEXAGONAL 5/16 X 1 ZINCADO|MP|Active||20|10|und|2|2|Proceso Tirar Operación|SOLDADURA|MPS.1.1.1|CSTLPRECIO|0|0|0|0|0||||1|
22000116391|2|25085022|PARTE-COMPLEMENTO CUERPO CINTA TERMINAL PANEL MODULO CONFERENCIA CLES0401380|AI|Active||30|10|und|1|1|Proceso Tirar Operación|DOBLADORAS|DOB.1.1.1|CSTLPRECIO|0|0|0|0|0||||1|
22000116391|3|22006037|LAMINA PLANA 4X8 ESPESOR 0.9MM|MP|Active||10|10|kg|1.7|1.7|Proceso Tirar Operación|CORTYPUNZ|CYP.1.1.1|CSTLPRECIO|0|0|0|0|0||||1|
22000116391|2|25047044|PARTE-SOPORTE PUNTERA MODULO VIDEOCONFERENCIA CLAK CLES040067|AI|Active||40|10|und|1|1|Proceso Tirar Operación|DOBLADORAS|DOB.1.1.1|CSTLPRECIO|0|0|0|0|0||||1|
22000116391|3|22006037|LAMINA PLANA 4X8 ESPESOR 0.9MM|MP|Active||10|10|kg|.03178|.03178|Proceso Tirar Operación|CORTYPUNZ|CYP.1.1.1|CSTLPRECIO|0|0|0|0|0||||1|
22000116391|1|25044801|PARTE-SOPORTE TUERCA CINTA TERMINAL PANEL CONFERENCIA CLAK CLPN044020|AI|Active||70|10|und|4|4|Proceso Tirar Operación|DOBLADORAS|DOB.1.1.1|CSTLPRECIO|0|0|0|0|0||||1|
22000116391|2|22008722|LAMINA PLANA CR 4X8 ESPESOR 1.90MM|MP|Active||10|10|kg|.027565|.027565|Proceso Tirar Operación|CORTYPUNZ|CYP.1.1.1|CSTLPRECIO|0|0|0|0|0||||1|
22000116391|1|25047036|PARTE-GANCHO ENGANCHE EN X DERECHO MODULO VIDEOCONFERENCIA CLAK CLES040059|AI|Active||80|10|und|1|1|Proceso Tirar Operación|DOBLADORAS|DOB.1.1.1|CSTLPRECIO|0|0|0|0|0||||1|
22000116391|2|22008722|LAMINA PLANA CR 4X8 ESPESOR 1.90MM|MP|Active||10|10|kg|.12975|.12975|Proceso Tirar Operación|CORTYPUNZ|CYP.1.1.1|CSTLPRECIO|0|0|0|0|0||||1|
22000116391|1|25047043|PARTE-GANCHO ENGANCHE EN X IZQUIERDO MODULO VIDEOCONFERENCIA CLAK CLES040059|AI|Active||90|10|und|1|1|Proceso Tirar Operación|DOBLADORAS|DOB.1.1.1|CSTLPRECIO|0|0|0|0|0||||1|
22000116391|2|22008722|LAMINA PLANA CR 4X8 ESPESOR 1.90MM|MP|Active||10|10|kg|.12975|.12975|Proceso Tirar Operación|CORTYPUNZ|CYP.1.1.1|CSTLPRECIO|0|0|0|0|0||||1|
22000116391|1|22000197|TORNILLO CABEZA EXTRAPLANA 8 X 3/4 REF: S6075 ZINCADO|MP|Active||100|10|und|2|2|Proceso Tirar Operación|MP_WIP|EN.1.1.1|CSTLPRECIO|0|0|0|0|0||||1|
22000116391|1|22000664|SEGURO PARA ENGANCHE MPR050033|MP|Active||110|10|und|2|2|Proceso Tirar Operación|MP_WIP|EN.1.1.1|CSTLPRECIO|0|0|0|0|0||||1|
22000116391|1|22000321|NIVELADOR DE 5/16 X 2 1/2 MPR080074|MP|Active||120|10|und|6|6|Proceso Tirar Operación|MP_WIP|EN.1.1.1|CSTLPRECIO|0|0|0|0|0||||1|
22000116391|1|22015000|TUERCA REMACHABLE 5/16 SEMI HEXAGONAL CABEZA BAJA REF:3002056|MP|Active||130|10|und|6|6|Proceso Tirar Operación|MP_WIP|EN.1.1.1|CSTLPRECIO|0|0|0|0|0||||1|
22000116391|1|22000261|TORNILLO CABEZA HEXAGONAL 5/16 X 3/4 ZINCADO|MP|Active||140|10|und|6|6|Proceso Tirar Operación|MP_WIP|EN.1.1.1|CSTLPRECIO|0|0|0|0|0||||1|
22000116391|1|22000277|ARANDELA 5/16 LISA ZINCADA|MP|Active||150|10|und|6|6|Proceso Tirar Operación|MP_WIP|EN.1.1.1|CSTLPRECIO|0|0|0|0|0||||1|
22000116391|1|22000150|TUERCA  HEXAGONAL 5/16 ZINCADA|MP|Active||160|10|und|10|10|Proceso Tirar Operación|MP_WIP|EN.1.1.1|CSTLPRECIO|0|0|0|0|0||||1|
22000116391|1|22008555|GENERICO PINTURA EN POLVO MUEBLES|MP|Active||170|10|kg|1.5|1.5|Proceso Tirar Operación|MP_WIP|PI.1.1.1|CSTLPRECIO|0|0|0|0|0||||1|
22000116391|1|22001411|EMPAQUE COLUMNA X 16 UNIDADES|ME|Active||200|10|und|1|1|Proceso Tirar Operación|MP_WIP|EN.1.1.1|CSTLPRECIO|0|0|0|0|0||||1|
22000116393|0|22000116393|BALDOSA PP FRONTAL INFERIOR FORMICA 150X60X1.2CM MODULO VIDEO CONFERENCIA ECOPETROL CLES0401474||Active|||und|1|1|||...|CSTLPRECIO|0|0|0|0|0|||||
22000116393|1|25085542|PARTE-CUERPO BALDOSA FRONTAL INFERIOR ECOPETROL CLES0401475|AI|Active||10|10|und|1|1|Proceso Tirar Operación|CARPINT|EMS.1.1.1|CSTLPRECIO|0|0|0|0|0||||1|
22000116393|2|22009021|AGLOMERADO CRUDO DE 1830X2440MM ESPESOR 12MM|MP|Active||10|10|und|.290778689|.290778689|Proceso Tirar Operación|CARPINT|AGL.1.1.1|CSTLPRECIO|0|0|0|0|0||||1|
22000116393|2|22007604|FORMICA BACKER BLANCO REF: 2112 1220MM X 3060MM F6|MP|Active||20|10|und|.25|.25|Proceso Tirar Operación|CARPINT|FOR.1.1.1|CSTLPRECIO|0|0|0|0|0||||1|
22000116393|2|22008689|GENERICO FORMICA 1220MM X 2440MM F8|MP|Active||30|10|und|.5|.5|Proceso Tirar Operación|CARPINT|FOR.1.1.1|CSTLPRECIO|0|0|0|0|0||||1|
22000116393|2|22008522|GENERICO CANTO PLANO DE 22MM ESPESOR 2MM|MP|Active||40|10|m|4.6|4.6|Proceso Tirar Operación|CARPINT|CTA.1.1.1|CSTLPRECIO|0|0|0|0|0||||1|
22000116393|1|25047041|PARTE-SOPORTE PIN INFERIOR CLAK CLES040065|AI|Active||20|10|und|4|4|Proceso Tirar Operación|DOBLADORAS|DOB.1.1.1|CSTLPRECIO|0|0|0|0|0||||1|
22000116393|2|22006037|LAMINA PLANA 4X8 ESPESOR 0.9MM|MP|Active||10|10|kg|.16793|.16793|Proceso Tirar Operación|CORTYPUNZ|CYP.1.1.1|CSTLPRECIO|0|0|0|0|0||||1|
22000116393|1|22000212|TORNILLO AUTOROSCANTE 6 3/8 ZINCADO|MP|Active||40|10|und|24|24|Proceso Tirar Operación|CARPINT|MPC.1.1.1|CSTLPRECIO|0|0|0|0|0||||1|
22000116393|1|22008555|GENERICO PINTURA EN POLVO MUEBLES|MP|Active||50|10|kg|.25|.25|Proceso Tirar Operación|MP_WIP|PI.1.1.1|CSTLPRECIO|0|0|0|0|0||||1|
22000116393|1|22001411|EMPAQUE COLUMNA X 16 UNIDADES|ME|Active||70|10|und|.25|.25|Proceso Tirar Operación|CARPINT|MPC.1.1.1|CSTLPRECIO|0|0|0|0|0||||1|
22000116393|1|22000656|PIN INSEPARABLE SIS8 MPR050056|MP|Active||80|10|und|8|8|Proceso Tirar Operación|MP_WIP|EN.1.1.1|CSTLPRECIO|0|0|0|0|0||||1|
22000116394|0|22000116394|BALDOSA PP SUPERIOR FORMICA 150X110X1.2CM MODULO VIDEO CONFERENCIA ECOPETROL CLES0401476||Active|||und|1|1|||...|CSTLPRECIO|0|0|0|0|0|||||
22000116394|1|25085543|PARTE-CUERPO BALDOSA SUPERIOR ECOPETROL CLES0401477|AI|Active||10|10|und|1|1|Proceso Tirar Operación|CARPINT|EMS.1.1.1|CSTLPRECIO|0|0|0|0|0||||1|
22000116394|2|22009021|AGLOMERADO CRUDO DE 1830X2440MM ESPESOR 12MM|MP|Active||10|10|und|.465245902|.465245902|Proceso Tirar Operación|CARPINT|AGL.1.1.1|CSTLPRECIO|0|0|0|0|0||||1|
22000116394|2|22007604|FORMICA BACKER BLANCO REF: 2112 1220MM X 3060MM F6|MP|Active||20|10|und|.5|.5|Proceso Tirar Operación|CARPINT|FOR.1.1.1|CSTLPRECIO|0|0|0|0|0||||1|
22000116394|2|22008689|GENERICO FORMICA 1220MM X 2440MM F8|MP|Active||30|10|und|1|1|Proceso Tirar Operación|CARPINT|FOR.1.1.1|CSTLPRECIO|0|0|0|0|0||||1|
22000116394|2|22008522|GENERICO CANTO PLANO DE 22MM ESPESOR 2MM|MP|Active||40|10|m|5.7|5.7|Proceso Tirar Operación|CARPINT|CTA.1.1.1|CSTLPRECIO|0|0|0|0|0||||1|
22000116394|1|25047042|PARTE-SOPORTE PIN SUPERIOR CLAK CLES040066|AI|Active||20|10|und|4|4|Proceso Tirar Operación|DOBLADORAS|DOB.1.1.1|CSTLPRECIO|0|0|0|0|0||||1|
22000116394|2|22006037|LAMINA PLANA 4X8 ESPESOR 0.9MM|MP|Active||10|10|kg|.22391|.22391|Proceso Tirar Operación|CORTYPUNZ|CYP.1.1.1|CSTLPRECIO|0|0|0|0|0||||1|
22000116394|1|22000212|TORNILLO AUTOROSCANTE 6 3/8 ZINCADO|MP|Active||40|10|und|24|24|Proceso Tirar Operación|CARPINT|MPC.1.1.1|CSTLPRECIO|0|0|0|0|0||||1|
22000116394|1|22008555|GENERICO PINTURA EN POLVO MUEBLES|MP|Active||50|10|kg|.25|.25|Proceso Tirar Operación|MP_WIP|PI.1.1.1|CSTLPRECIO|0|0|0|0|0||||1|
22000116394|1|22001411|EMPAQUE COLUMNA X 16 UNIDADES|ME|Active||70|10|und|.25|.25|Proceso Tirar Operación|CARPINT|MPC.1.1.1|CSTLPRECIO|0|0|0|0|0||||1|
22000116394|1|22000656|PIN INSEPARABLE SIS8 MPR050056|MP|Active||80|10|und|12|12|Proceso Tirar Operación|MP_WIP|EN.1.1.1|CSTLPRECIO|0|0|0|0|0||||1|
22000116395|0|22000116395|BALDOSA PP INFERIOR TRASERA FORMICA 150X60X1.2CM MODULO VIDEO CONFERENCIA ECOPETROL CLES0401478||Active|||und|1|1|||...|CSTLPRECIO|0|0|0|0|0|||||
22000116395|1|25085544|PARTE-CUERPO BALDOSA INFERIOR TRASERA ECOPETROL CLES0401479|AI|Active||10|10|und|1|1|Proceso Tirar Operación|CARPINT|EMS.1.1.1|CSTLPRECIO|0|0|0|0|0||||1|
22000116395|2|22009021|AGLOMERADO CRUDO DE 1830X2440MM ESPESOR 12MM|MP|Active||10|10|und|.290778689|.290778689|Proceso Tirar Operación|CARPINT|AGL.1.1.1|CSTLPRECIO|0|0|0|0|0||||1|
22000116395|2|22007604|FORMICA BACKER BLANCO REF: 2112 1220MM X 3060MM F6|MP|Active||20|10|und|.25|.25|Proceso Tirar Operación|CARPINT|FOR.1.1.1|CSTLPRECIO|0|0|0|0|0||||1|
22000116395|2|22008689|GENERICO FORMICA 1220MM X 2440MM F8|MP|Active||30|10|und|.5|.5|Proceso Tirar Operación|CARPINT|FOR.1.1.1|CSTLPRECIO|0|0|0|0|0||||1|
22000116395|2|22008522|GENERICO CANTO PLANO DE 22MM ESPESOR 2MM|MP|Active||40|10|m|4.6|4.6|Proceso Tirar Operación|CARPINT|CTA.1.1.1|CSTLPRECIO|0|0|0|0|0||||1|
22000116395|1|25047041|PARTE-SOPORTE PIN INFERIOR CLAK CLES040065|AI|Active||20|10|und|4|4|Proceso Tirar Operación|DOBLADORAS|DOB.1.1.1|CSTLPRECIO|0|0|0|0|0||||1|
22000116395|2|22006037|LAMINA PLANA 4X8 ESPESOR 0.9MM|MP|Active||10|10|kg|.16793|.16793|Proceso Tirar Operación|CORTYPUNZ|CYP.1.1.1|CSTLPRECIO|0|0|0|0|0||||1|
22000116395|1|22000212|TORNILLO AUTOROSCANTE 6 3/8 ZINCADO|MP|Active||40|10|und|24|24|Proceso Tirar Operación|CARPINT|MPC.1.1.1|CSTLPRECIO|0|0|0|0|0||||1|
22000116395|1|22008555|GENERICO PINTURA EN POLVO MUEBLES|MP|Active||50|10|kg|.25|.25|Proceso Tirar Operación|MP_WIP|PI.1.1.1|CSTLPRECIO|0|0|0|0|0||||1|
22000116395|1|22001411|EMPAQUE COLUMNA X 16 UNIDADES|ME|Active||70|10|und|.25|.25|Proceso Tirar Operación|CARPINT|MPC.1.1.1|CSTLPRECIO|0|0|0|0|0||||1|
22000116395|1|22000656|PIN INSEPARABLE SIS8 MPR050056|MP|Active||80|10|und|8|8|Proceso Tirar Operación|MP_WIP|EN.1.1.1|CSTLPRECIO|0|0|0|0|0||||1|
22000118261|0|22000118261|BASE PP 4 APOYOS METALICA PINTADA 71X71CM UBER LKES2407397|AI|Active|||und|1|1|||...|CSTLPRECIO|0|0|0|0|0|||||
22000118261|1|25090618|ARMADA-CUERPO BASE PP 4 APOYOS METALICA PINTADA 71X71CM UBER LKES2407398|AI|Active||10|10|und|1|1|Proceso Tirar Operación|SOLDADURA|SOL.1.1.1|CSTLPRECIO|0|0|0|0|0||||1|
22000118261|2|25090619|PARTE-PLATINA SOPORTE BASE PP 4 APOYOS METALICA PINTADA 71X71CM UBER LKES2407399|AI|Active||10|10|und|1|1|Proceso Tirar Operación|DOBLADORAS|DOB.1.1.1|CSTLPRECIO|0|0|0|0|0||||1|
22000118261|3|22008721|LAMINA PLANA ACEITADA Y DECAPADA 4X8 ESPESOR 4MM A-36|MP|Active||10|10|kg|4.63716|4.63716|Proceso Tirar Operación|CORTYPUNZ|CYP.1.1.1|CSTLPRECIO|0|0|0|0|0||||1|
22000118261|2|25053096|PARTE-PATA BASE 4 APOYOS PP1002987|AI|Active||20|10|und|4|4|Proceso Tirar Operación|DOBLADORAS|DOB.1.1.1|CSTLPRECIO|0|0|0|0|0||||1|
22000118261|3|22008722|LAMINA PLANA CR 4X8 ESPESOR 1.90MM|MP|Active||10|10|kg|1.18|1.18|Proceso Tirar Operación|CORTYPUNZ|CYP.1.1.1|CSTLPRECIO|0|0|0|0|0||||1|
22000118261|2|25064521|PARTE-COLUMNA BASE CUERPO BASE 4 APOYOS METALICA PINTADA  71X71CM VALLE DEL LILI LKES2402613|AI|Active||30|10|und|1|1|Proceso Tirar Operación|TRONZSILLA|TRS.1.1.1|CSTLPRECIO|0|0|0|0|0||||1|
22000118261|3|22005835|TUBO REDONDO  DIAM. 2 1/2 6000MM CALIBRE 18|MP|Active||10|10|und|.11667|.11667|Proceso Tirar Operación|TRONZSILLA|MTS.1.1.1|CSTLPRECIO|0|0|0|0|0||||1|
22000118261|1|22015000|TUERCA REMACHABLE 5/16 SEMI HEXAGONAL CABEZA BAJA REF:3002056|MP|Active||20|10|und|4|4|Proceso Tirar Operación|MP_WIP|EN.1.1.1|CSTLPRECIO|0|0|0|0|0||||1|
22000118261|1|22000197|TORNILLO CABEZA EXTRAPLANA 8 X 3/4 REF: S6075 ZINCADO|MP|Active||30|10|und|12|12|Proceso Tirar Operación|MP_WIP|EN.1.1.1|CSTLPRECIO|0|0|0|0|0||||1|
22000118261|1|25101062|PARTE-CORTE ESPIGO NIVELADOR BASE 40 5/16X1 1/2  NEGRO MPR090289 LKES0101225|AI|Active||40|10|und|4|4|Proceso Tirar Operación|TORNO|TRL.1.1.1|CSTLPRECIO|0|0|0|0|0||||1|
22000118261|2|22000553|NIVELADOR BASE 40 5/16X1 1/2  NEGRO MPR090289|MP|Active||10|10|und|1|1|Proceso Tirar Operación|TORNO|MTR.1.1.1|CSTLPRECIO|0|0|0|0|0||||1|
22000118261|1|22008555|GENERICO PINTURA EN POLVO MUEBLES|MP|Active||50|10|kg|.3|.3|Proceso Tirar Operación|MP_WIP|PI.1.1.1|CSTLPRECIO|0|0|0|0|0||||1|
22000123714|0|22000123714|ESTRUCTURA MESA FACETEADA CUELLO ANCHO H=50CM DIAMETRO 50CM PINTURA HORNEABLE KUO-GO KUME210000||Active|||und|1|1|||...|CSTLPRECIO|0|0|0|0|0|||||
22000123714|1|25097908|ARMADA-CUERPO CUELLO ANCHO H=50CM ESTRUCTURA MESA FACETEADA  KUO-GO KUME211000|AI|Active||10|10|und|1|1|Proceso Tirar Operación|SOLDADURA|SOL.1.1.1|CSTLPRECIO|0|0|0|0|0||||1|
22000123714|2|25097894|PARTE-PLATINA BASE 50CM CUERPO ESTRUCTURA MESA FACETEADA  KUO-GO KUME201010|AI|Active||10|10|und|1|1|Proceso Tirar Operación|DOBLADORAS|DOB.1.1.1|CSTLPRECIO|0|0|0|0|0||||1|
22000123714|3|22008721|LAMINA PLANA ACEITADA Y DECAPADA 4X8 ESPESOR 4MM A-36|MP|Active||10|10|kg|9.17|9.17|Proceso Tirar Operación|CORTYPUNZ|CYP.1.1.1|CSTLPRECIO|0|0|0|0|0||||1|
22000123714|2|25097902|PARTE-PLATINA SUPERIOR DIAMETRO 50CM CUELLO ANCHO CUERPO ESTRUCTURA MESA FACETEADA  KUO-GO KUME201020|AI|Active||20|10|und|1|1|Proceso Tirar Operación|DOBLADORAS|DOB.1.1.1|CSTLPRECIO|0|0|0|0|0||||1|
22000123714|3|22008721|LAMINA PLANA ACEITADA Y DECAPADA 4X8 ESPESOR 4MM A-36|MP|Active||10|10|kg|5.18|5.18|Proceso Tirar Operación|CORTYPUNZ|CYP.1.1.1|CSTLPRECIO|0|0|0|0|0||||1|
22000123714|2|25097931|PARTE-TAPA CUELLO ANCHO 50CM CUERPO ESTRUCTURA MESA FACETEADA  KUO-GO KUME211010|AI|Active||30|10|und|3|3|Proceso Tirar Operación|DOBLADORAS|DOB.1.1.1|CSTLPRECIO|0|0|0|0|0||||1|
22000123714|3|22006037|LAMINA PLANA 4X8 ESPESOR 0.9MM|MP|Active||10|10|kg|2.4|2.4|Proceso Tirar Operación|CORTYPUNZ|CYP.1.1.1|CSTLPRECIO|0|0|0|0|0||||1|
22000123714|1|22024072|LAMINA TERMOPOLAR 20MM 1200 X 2000MM|MP|Active||15|10|und|.38|.38|Proceso Tirar Operación|CARPINT|MPC.1.1.1|CSTLPRECIO|0|0|0|0|0||||1|
22000123714|1|22021937|NIVELADOR DE ROSCA 5/16 X 1 1/2 PULG Y BASE 7/8 MPR080235|MP|Active||20|10|und|6|6|Proceso Tirar Operación|MP_WIP|EN.1.1.1|CSTLPRECIO|0|0|0|0|0||||1|
22000123714|1|22015000|TUERCA REMACHABLE 5/16 SEMI HEXAGONAL CABEZA BAJA REF:3002056|MP|Active||30|10|und|6|6|Proceso Tirar Operación|MP_WIP|EN.1.1.1|CSTLPRECIO|0|0|0|0|0||||1|
22000123714|1|22000197|TORNILLO CABEZA EXTRAPLANA 8 X 3/4 REF: S6075 ZINCADO|MP|Active||40|10|und|6|6|Proceso Tirar Operación|MP_WIP|EN.1.1.1|CSTLPRECIO|0|0|0|0|0||||1|
22000123714|1|22008555|GENERICO PINTURA EN POLVO MUEBLES|MP|Active||50|10|kg|.5|.5|Proceso Tirar Operación|MP_WIP|PI.1.1.1|CSTLPRECIO|0|0|0|0|0||||1|
22000123856|0|22000123856|SUPERFICIE CIRCULAR DIAMETRO 90CM FORMICA 1.8CM KUO KUSU210000|AI|Active|||und|1|1|||...|CSTLPRECIO|0|0|0|0|0|||||
22000123856|1|25097567|CANTEADO-SUPERFICIE CIRCULAR DIAMETRO 90CM FORMICA 1.8CM KUO-GO KUSU210000|AI|Active||10|10|und|1|1|Proceso Tirar Operación|CANTEADO|CNT.1.1.1|CSTLPRECIO|0|0|0|0|0||||1|
22000123856|2|25097482|PRENSADO-SUPERFICIE CIRCULAR DIAMETRO 90CM FORMICA 1.8CM KUO-GO KUSU210000|AI|Active||10|10|und|1|1|Proceso Tirar Operación|PRENSADO|PRE.1.1.1|CSTLPRECIO|0|0|0|0|0||||1|
22000123856|3|22021188|UNICOR POLAR SIN BALANCE DE 1830X2440MM ESPESOR 18MM|MP|Active||10|10|und|.331081967|.331081967|Proceso Tirar Operación|CARPINT|AGL.1.1.1|CSTLPRECIO|0|0|0|0|0||||1|
22000123856|3|22008689|GENERICO FORMICA 1220MM X 2440MM F8|MP|Active||20|10|und|.5|.5|Proceso Tirar Operación|CARPINT|FOR.1.1.1|CSTLPRECIO|0|0|0|0|0||||1|
22000123856|2|22008522|GENERICO CANTO PLANO DE 22MM ESPESOR 2MM|MP|Active||20|10|m|3.9|3.9|Proceso Tirar Operación|CARPINT|CTA.1.1.1|CSTLPRECIO|0|0|0|0|0||||1|
22000127142|0|22000127142|COSTADO TERMINAL METALICO PINTADO POLTRONA TEK SOCIAL (MILA V2) TKSSO080000|AI|Active|||und|1|1|||...|CSTLPRECIO|0|0|0|0|0|||||
22000127142|1|25102095|ARMADA-CUERPO COSTADO BASE POLTRONA TEK SOCIAL TKSSO081000|AI|Active||10|10|und|1|1|Proceso Tirar Operación|SOLDADURA|SOL.1.1.1|CSTLPRECIO|0|0|0|0|0||||1|
22000127142|2|25102096|PARTE-TUBO TRAVESAÑO COSTADO SENCILLO BASE POLTRONA TEK SOCIAL TKSSO081010|AI|Active||10|10|und|1|1|Proceso Tirar Operación|TRONZSILLA|TRS.1.1.1|CSTLPRECIO|0|0|0|0|0||||1|
22000127142|3|22024492|TUBO CR RECTANGULAR CRUDO 20X40MM LARGO 6000MM CALIBRE 16 REF:00179-PR|MP|Active||10|10|und|.08|.08|Proceso Tirar Operación|TRONZSILLA|MTS.1.1.1|CSTLPRECIO|0|0|0|0|0||||1|
22000127142|2|25102097|PARTE-C INTERNA COSTADO BASE POLTRONA TEK SOCIAL TKSSO081020|AI|Active||20|10|und|2|2|Proceso Tirar Operación|DOBLADORAS|DOB.1.1.1|CSTLPRECIO|0|0|0|0|0||||1|
22000127142|3|22008932|LAMINA PLANA CR 4X8  ESPESOR 1.50MM|MP|Active||10|10|kg|.15|.15|Proceso Tirar Operación|CORTYPUNZ|CYP.1.1.1|CSTLPRECIO|0|0|0|0|0||||1|
22000127142|2|25102099|PARTE-PARAL CURVO COSTADO BASE POLTRONA TEK SOCIAL TKSSO082010|AI|Active||40|10|und|2|2|Proceso Tirar Operación|DOBLADORAS|DOB.1.1.1|CSTLPRECIO|0|0|0|0|0||||1|
22000127142|3|22008932|LAMINA PLANA CR 4X8  ESPESOR 1.50MM|MP|Active||10|10|kg|.78|.78|Proceso Tirar Operación|CORTYPUNZ|CYP.1.1.1|CSTLPRECIO|0|0|0|0|0||||1|
22000127142|2|25102100|PARTE-SOPORTE NIVELADOR COSTADO BASE POLTRONA TEK SOCIAL TKSSO082011|AI|Active||50|10|und|2|2|Proceso Tirar Operación|DOBLADORAS|DOB.1.1.1|CSTLPRECIO|0|0|0|0|0||||1|
22000127142|3|22008932|LAMINA PLANA CR 4X8  ESPESOR 1.50MM|MP|Active||10|10|kg|.05|.05|Proceso Tirar Operación|CORTYPUNZ|CYP.1.1.1|CSTLPRECIO|0|0|0|0|0||||1|
22000127142|2|25113071|PARTE-REFUERZO DERECHO BASE POLTRONA TKSSO081050|AI|Active||60|10|und|1|1|Proceso Tirar Operación|DOBLADORAS|DOB.1.1.1|CSTLPRECIO|0|0|0|0|0||||1|
22000127142|3|22008932|LAMINA PLANA CR 4X8  ESPESOR 1.50MM|MP|Active||10|10|kg|.11|.11|Proceso Tirar Operación|CORTYPUNZ|CYP.1.1.1|CSTLPRECIO|0|0|0|0|0||||1|
22000127142|2|25113072|PARTE-REFUERZO IZQUIERDO BASE POLTRONA TKSSO081050|AI|Active||70|10|und|1|1|Proceso Tirar Operación|DOBLADORAS|DOB.1.1.1|CSTLPRECIO|0|0|0|0|0||||1|
22000127142|3|22008932|LAMINA PLANA CR 4X8  ESPESOR 1.50MM|MP|Active||10|10|kg|.11|.11|Proceso Tirar Operación|CORTYPUNZ|CYP.1.1.1|CSTLPRECIO|0|0|0|0|0||||1|
22000127142|1|22006282|NIVELADOR DE ROSCA 5/16 X 1 PULG Y BASE 7/8 MPR080225|MP|Active||30|10|und|2|2|Proceso Tirar Operación|MP_WIP|EN.1.1.1|CSTLPRECIO|0|0|0|0|0||||1|
22000127142|1|22015000|TUERCA REMACHABLE 5/16 SEMI HEXAGONAL CABEZA BAJA REF:3002056|MP|Active||50|10|und|2|2|Proceso Tirar Operación|MP_WIP|EN.1.1.1|CSTLPRECIO|0|0|0|0|0||||1|
22000127142|1|22008555|GENERICO PINTURA EN POLVO MUEBLES|MP|Active||60|10|kg|.18|.18|Proceso Tirar Operación|MP_WIP|PI.1.1.1|CSTLPRECIO|0|0|0|0|0||||1|
22000127144|0|22000127144|VIGA REFUERZO 2 PUESTOS PINTADA POLTRONA TEK SOCIAL (MILA V2) TKSSO090000|AI|Active|||und|1|1|||...|CSTLPRECIO|0|0|0|0|0|||||
22000127144|1|25102102|PARTE CUERPO VIGA REFUERZO 2 PUESTOS POLTRONA TEK SOCIAL TKSSO090000|AI|Active||10|10|und|1|1|Proceso Tirar Operación|TRONZSILLA|TRS.1.1.1|CSTLPRECIO|0|0|0|0|0||||1|
22000127144|2|22024492|TUBO CR RECTANGULAR CRUDO 20X40MM LARGO 6000MM CALIBRE 16 REF:00179-PR|MP|Active||10|10|und|.17|.17|Proceso Tirar Operación|TRONZSILLA|MTS.1.1.1|CSTLPRECIO|0|0|0|0|0||||1|
22000127144|1|22007938|TUERCA REMACHABLE 1/4 HEXAGONAL ZINCADA|MP|Active||20|10|und|4|4|Proceso Tirar Operación|MP_WIP|EN.1.1.1|CSTLPRECIO|0|0|0|0|0||||1|
22000127144|1|22008430|TORNILLO CABEZA ALLEN 1/4 X 3/4 ZINCADO|MP|Active||30|10|und|4|4|Proceso Tirar Operación|MP_WIP|EN.1.1.1|CSTLPRECIO|0|0|0|0|0||||1|
22000127144|1|22008555|GENERICO PINTURA EN POLVO MUEBLES|MP|Active||40|10|kg|.05|.05|Proceso Tirar Operación|MP_WIP|PI.1.1.1|CSTLPRECIO|0|0|0|0|0||||1|
22000127935|0|22000127935|ASIENTO ESTRUCTURA MADERA TAPIZADO EN TELA GAMA 1 POLTRONA TEK SOCIAL (MILA V2) TKSSI130000|AI|Active|||und|1|1|||...|CSTLPRECIO|0|0|0|0|0|||||
22000127935|1|25102105|ARMADA-ESTRUCTURA ASIENTO MADERA POLTRONA TEK SOCIAL TKSSI131000|AI|Active||10|10|und|1|1|Proceso Tirar Operación|CARPINT|SPS.1.1.1|CSTLPRECIO|0|0|0|0|0||||1|
22000127935|2|25102106|PARTE-LATERAL ESTRUCTURA ASIENTO MADERA POLTRONA TEK SOCIAL TKSSI131010|AI|Active||10|10|und|2|2|Proceso Tirar Operación|CARPINT|EMS.1.1.1|CSTLPRECIO|0|0|0|0|0||||1|
22000127935|3|22016194|AGLOMERADO CRUDO DE 1830MM X 2440MM X 18MM|MP|Active||10|10|und|.023262295|.023262295|Proceso Tirar Operación|CARPINT|AGL.1.1.1|CSTLPRECIO|0|0|0|0|0||||1|
22000127935|2|25102335|PARTE-TRAVESAÑO ESTRUCTURA ASIENTO MADERA POLTRONA TEK SOCIAL TKSSI131020|AI|Active||20|10|und|4|4|Proceso Tirar Operación|CARPINT|EMS.1.1.1|CSTLPRECIO|0|0|0|0|0||||1|
22000127935|3|22014756|TIRA 2.90 x 10 x 3 cm MADERA INMUNIZADA PARA HUACALES DE EXPORTACION CON SELLO I.C.A|MP|Active||10|10|und|.1|.1|Proceso Tirar Operación|CARPINT|MPC.1.1.1|CSTLPRECIO|0|0|0|0|0||||1|
22000127935|2|25102108|PARTE-REFUERZO TRASERO ESTRUCTURA ASIENTO MADERA POLTRONA TEK SOCIAL TKSSI131030|AI|Active||30|10|und|1|1|Proceso Tirar Operación|CARPINT|EMS.1.1.1|CSTLPRECIO|0|0|0|0|0||||1|
22000127935|3|22016194|AGLOMERADO CRUDO DE 1830MM X 2440MM X 18MM|MP|Active||10|10|und|.011631148|.011631148|Proceso Tirar Operación|CARPINT|AGL.1.1.1|CSTLPRECIO|0|0|0|0|0||||1|
22000127935|2|25102109|ARMADA-PLATINA SEGURO ESTRUCTURA ASIENTO MADERA POLTRONA TEK SOCIAL TKSSI131040|AI|Active||40|10|und|2|2|Proceso Tirar Operación|SOLDADURA|SOL.1.1.1|CSTLPRECIO|0|0|0|0|0||||1|
22000127935|3|25102363|PARTE-CUERPO PLATINA AMARRE ESTRUCTURA ASIENTO MADERA POLTRONA TEK SOCIAL TKSSI131041|AI|Active||10|10|und|1|1|Proceso Tirar Operación|DOBLADORAS|DOB.1.1.1|CSTLPRECIO|0|0|0|0|0||||1|
22000127935|4|22008319|LAMINA PLANA HR 4X8  ESPESOR 2.5MM|MP|Active||10|10|kg|.79|.79|Proceso Tirar Operación|CORTYPUNZ|CYP.1.1.1|CSTLPRECIO|0|0|0|0|0||||1|
22000127935|3|22000150|TUERCA  HEXAGONAL 5/16 ZINCADA|MP|Active||20|10|und|4|4|Proceso Tirar Operación|SOLDADURA|MPS.1.1.1|CSTLPRECIO|0|0|0|0|0||||1|
22000127935|2|22020481|CINCHA ELASTICA|MP|Active||50|10|m|6|6|Proceso Tirar Operación|CARPINT|SIL.1.1.1|CSTLPRECIO|0|0|0|0|0||||1|
22000127935|2|22007921|TORNILLO DRYWALL NO.10 X 2-1/2 ZINCADO NEGRO|MP|Active||60|10|und|20|20|Proceso Tirar Operación|CARPINT|MPC.1.1.1|CSTLPRECIO|0|0|0|0|0||||1|
22000127935|2|22024496|TUERCA UÑA 5/16|MP|Active||70|10|und|4|4|Proceso Tirar Operación|CARPINT|MPC.1.1.1|CSTLPRECIO|0|0|0|0|0||||1|
22000127935|2|22000197|TORNILLO CABEZA EXTRAPLANA 8 X 3/4 REF: S6075 ZINCADO|MP|Active||75|10|und|8|8|Proceso Tirar Operación|MP_WIP|EN.1.1.1|CSTLPRECIO|0|0|0|0|0||||1|
22000127935|2|22005831|TORNILLO CABEZA AVELLANADA DRYWALL 6 X 1 NEGRO|MP|Active||80|10|und|16|16|Proceso Tirar Operación|MP_WIP|EN.1.1.1|CSTLPRECIO|0|0|0|0|0||||1|
22000127935|1|22021283|ASIENTO MILA EN PU 10045 TKSSI012020|MP|Active||20|10|und|1|1|Proceso Tirar Operación|CARPINT|SIL.1.1.1|CSTLPRECIO|0|0|0|0|0||||1|
22000127935|1|22021826|GENERICO TELA GAMA 1|MP|Active||30|10|m|1.25|1.25|Proceso Tirar Operación|CARPINT|TEL.1.1.1|CSTLPRECIO|0|0|0|0|0||||1|
22000127935|1|22021067|ESPUMA DE 1200X2000X10 MM DENSIDAD 40|MP|Active||40|10|und|.08|.08|Proceso Tirar Operación|CARPINT|SIL.1.1.1|CSTLPRECIO|0|0|0|0|0||||1|
22000127935|1|25102334|PARTE-SOPORTE ESPALDAR ASIENTO MADERA POLTRONA TEK SOCIAL TKSSI130040|AI|Active||50|10|und|1|1|Proceso Tirar Operación|SOLDADURA|SOL.1.1.1|CSTLPRECIO|0|0|0|0|0||||1|
22000127935|2|22008993|LAMINA PLANA GALVANIZADA 4X8 ESPESOR 2.0MM|MP|Active||10|10|kg|2.82|2.82|Proceso Tirar Operación|CORTYPUNZ|CYP.1.1.1|CSTLPRECIO|0|0|0|0|0||||1|
22000127935|1|25102125|PARTE-PLATINA UNION POLTRONA TEK SOCIAL TKSAC060000|AI|Active||60|10|und|2|2|Proceso Tirar Operación|DOBLADORAS|DOB.1.1.1|CSTLPRECIO|0|0|0|0|0||||1|
22000127935|2|22008319|LAMINA PLANA HR 4X8  ESPESOR 2.5MM|MP|Active||10|10|kg|.08|.08|Proceso Tirar Operación|CORTYPUNZ|CYP.1.1.1|CSTLPRECIO|0|0|0|0|0||||1|
22000127935|1|22000155|TORNILLO 6X1.5/8 CAB AVELL. AW6158 GIMLET W  REF.400|MP|Active||70|10|und|8|8|Proceso Tirar Operación|CARPINT|MPC.1.1.1|CSTLPRECIO|0|0|0|0|0||||1|
22000127935|1|25102110|PARTE-PLATINA UNION ESTRUCTURA POLTRONA TEK SOCIAL TKSSI131051|AI|Active||80|10|und|2|2|Proceso Tirar Operación|SOLDADURA|SOL.1.1.1|CSTLPRECIO|0|0|0|0|0||||1|
22000127935|2|22008319|LAMINA PLANA HR 4X8  ESPESOR 2.5MM|MP|Active||10|10|kg|.68|.68|Proceso Tirar Operación|CORTYPUNZ|CYP.1.1.1|CSTLPRECIO|0|0|0|0|0||||1|
22000127935|1|22002215|TORNILLO CABEZA HEXAGONAL 5/16 X 1 ZINCADO|MP|Active||90|10|und|4|4|Proceso Tirar Operación|MP_WIP|EN.1.1.1|CSTLPRECIO|0|0|0|0|0||||1|
22000127935|1|22006384|KAMBRAL NEGRA ANCHO DE 1.60M REF 49629|MP|Active||100|10|m|.2|.2|Proceso Tirar Operación|CARPINT|TEL.1.1.1|CSTLPRECIO|0|0|0|0|0||||1|
22000127935|1|22006946|TORNILLO DRYWALL 8 X 3/4 NEGRO|MP|Active||110|10|und|12|12|Proceso Tirar Operación|CARPINT|MPC.1.1.1|CSTLPRECIO|0|0|0|0|0||||1|
22000127935|1|22008555|GENERICO PINTURA EN POLVO MUEBLES|MP|Active||120|10|kg|.1|.1|Proceso Tirar Operación|MP_WIP|PI.1.1.1|CSTLPRECIO|0|0|0|0|0||||1|
22000127935|1|22025252|CAJA BASE POLTRONA MILA 62.5X60X25CM CLAVE 540|MP|Active||130|10|und|1|1|Proceso Tirar Operación|CARPINT|SIL.1.1.1|CSTLPRECIO|0|0|0|0|0||||1|
22000127936|0|22000127936|ESPALDAR ESTRUCTURA MADERA TAPIZADO EN TELA GAMA 1 POLTRONA TEK SOCIAL (MILA V2) TKSSI160000|AI|Active|||und|1|1|||...|CSTLPRECIO|0|0|0|0|0|||||
22000127936|1|25102113|ARMADA-ESTRUCTURA ESPALDAR MADERA POLTRONA TEK SOCIAL TKSSI161000|AI|Active||10|10|und|1|1|Proceso Tirar Operación|CARPINT|SPS.1.1.1|CSTLPRECIO|0|0|0|0|0||||1|
22000127936|2|25102114|PARTE-LATERAL ESTRUCTURA ESPALDAR MADERA POLTRONA TEK SOCIAL TKSSI161010|AI|Active||10|10|und|2|2|Proceso Tirar Operación|CARPINT|EMS.1.1.1|CSTLPRECIO|0|0|0|0|0||||1|
22000127936|3|22016194|AGLOMERADO CRUDO DE 1830MM X 2440MM X 18MM|MP|Active||10|10|und|.023262295|.023262295|Proceso Tirar Operación|CARPINT|AGL.1.1.1|CSTLPRECIO|0|0|0|0|0||||1|
22000127936|2|22024496|TUERCA UÑA 5/16|MP|Active||20|10|und|2|2|Proceso Tirar Operación|CARPINT|MPC.1.1.1|CSTLPRECIO|0|0|0|0|0||||1|
22000127936|2|22000197|TORNILLO CABEZA EXTRAPLANA 8 X 3/4 REF: S6075 ZINCADO|MP|Active||25|10|und|4|4|Proceso Tirar Operación|MP_WIP|EN.1.1.1|CSTLPRECIO|0|0|0|0|0||||1|
22000127936|2|25102335|PARTE-TRAVESAÑO ESTRUCTURA ASIENTO MADERA POLTRONA TEK SOCIAL TKSSI131020|AI|Active||30|10|und|4|4|Proceso Tirar Operación|CARPINT|EMS.1.1.1|CSTLPRECIO|0|0|0|0|0||||1|
22000127936|3|22014756|TIRA 2.90 x 10 x 3 cm MADERA INMUNIZADA PARA HUACALES DE EXPORTACION CON SELLO I.C.A|MP|Active||10|10|und|.1|.1|Proceso Tirar Operación|CARPINT|MPC.1.1.1|CSTLPRECIO|0|0|0|0|0||||1|
22000127936|2|22007921|TORNILLO DRYWALL NO.10 X 2-1/2 ZINCADO NEGRO|MP|Active||50|10|und|20|20|Proceso Tirar Operación|MP_WIP|EN.1.1.1|CSTLPRECIO|0|0|0|0|0||||1|
22000127936|2|22020481|CINCHA ELASTICA|MP|Active||60|10|m|6|6|Proceso Tirar Operación|CARPINT|MPC.1.1.1|CSTLPRECIO|0|0|0|0|0||||1|
22000127936|1|25102337|ARMADA-SOPORTE ASIENTO ESPALDAR ESTRUCTURA MADERA TAPIZADO EN TELA POLTRONA TEK SOCIAL TKSSI160030|AI|Active||15|10|und|1|1|Proceso Tirar Operación|SOLDADURA|SOL.1.1.1|CSTLPRECIO|0|0|0|0|0||||1|
22000127936|2|25102330|PARTE-CUERPO SOPORTE ASIENTO ESPALDAR ESTRUCTURA MADERA TAPIZADO EN TELA POLTRONA TEK SOCIAL TKSSI160030|AI|Active||10|10|und|1|1|Proceso Tirar Operación|DOBLADORAS|DOB.1.1.1|CSTLPRECIO|0|0|0|0|0||||1|
22000127936|3|22008993|LAMINA PLANA GALVANIZADA 4X8 ESPESOR 2.0MM|MP|Active||10|10|kg|3.1|3.1|Proceso Tirar Operación|CORTYPUNZ|CYP.1.1.1|CSTLPRECIO|0|0|0|0|0||||1|
22000127936|2|22002215|TORNILLO CABEZA HEXAGONAL 5/16 X 1 ZINCADO|MP|Active||20|10|und|8|8|Proceso Tirar Operación|SOLDADURA|MPS.1.1.1|CSTLPRECIO|0|0|0|0|0||||1|
22000127936|1|25102331|PARTE-TAPA POSTERIOR BAJA ESPALDAR ESTRUCTURA MADERA TAPIZADO EN TELA POLTRONA TEK SOCIAL TKSSI160020|AI|Active||16|10|und|1|1|Proceso Tirar Operación|CARPINT|EMS.1.1.1|CSTLPRECIO|0|0|0|0|0||||1|
22000127936|2|22020352|MADEFLEX LISO DE 1220X2440MM ESPESOR 2MM|MP|Active||10|10|und|.03|.03|Proceso Tirar Operación|CARPINT|AGL.1.1.1|CSTLPRECIO|0|0|0|0|0||||1|
22000127936|1|25102332|PARTE-TAPA POSTERIOR ALTA ESPALDAR ESTRUCTURA MADERA TAPIZADO EN TELA POLTRONA TEK SOCIAL TKSSI160020|AI|Active||17|10|und|1|1|Proceso Tirar Operación|CARPINT|EMS.1.1.1|CSTLPRECIO|0|0|0|0|0||||1|
22000127936|2|22020352|MADEFLEX LISO DE 1220X2440MM ESPESOR 2MM|MP|Active||10|10|und|.08|.08|Proceso Tirar Operación|CARPINT|AGL.1.1.1|CSTLPRECIO|0|0|0|0|0||||1|
22000127936|1|22021826|GENERICO TELA GAMA 1|MP|Active||20|10|m|1.1|1.1|Proceso Tirar Operación|CARPINT|TEL.1.1.1|CSTLPRECIO|0|0|0|0|0||||1|
22000127936|1|22021067|ESPUMA DE 1200X2000X10 MM DENSIDAD 40|MP|Active||30|10|und|.06|.06|Proceso Tirar Operación|CARPINT|SIL.1.1.1|CSTLPRECIO|0|0|0|0|0||||1|
22000127936|1|22021284|ESPALDAR MILA EN PU 10045 TKSSI011030|MP|Active||40|10|und|1|1|Proceso Tirar Operación|CARPINT|SIL.1.1.1|CSTLPRECIO|0|0|0|0|0||||1|
22000127936|1|22006946|TORNILLO DRYWALL 8 X 3/4 NEGRO|MP|Active||50|10|und|12|12|Proceso Tirar Operación|CARPINT|MPC.1.1.1|CSTLPRECIO|0|0|0|0|0||||1|
22000127936|1|22008981|GUAZA DE PRESION DIAMETRO 5/16 ZINCADA|MP|Active||60|10|und|8|8|Proceso Tirar Operación|CARPINT|MPC.1.1.1|CSTLPRECIO|0|0|0|0|0||||1|
22000127936|1|22000150|TUERCA  HEXAGONAL 5/16 ZINCADA|MP|Active||70|10|und|8|8|Proceso Tirar Operación|CARPINT|MPC.1.1.1|CSTLPRECIO|0|0|0|0|0||||1|
22000127936|1|22025253|CAJA ESPALDAR POLTRONA MILA 60X53X22.5CM CLAVE 540|MP|Active||80|10|und|1|1|Proceso Tirar Operación|CARPINT|MPC.1.1.1|CSTLPRECIO|0|0|0|0|0||||1|
22000127936|1|22008555|GENERICO PINTURA EN POLVO MUEBLES|MP|Active||90|10|kg|.1|.1|Proceso Tirar Operación|MP_WIP|PI.1.1.1|CSTLPRECIO|0|0|0|0|0||||1|
22000127937|0|22000127937|APOYA BRAZOS TAPIZADO EN TELA GAMA 1 POLTRONA TEK SOCIAL (MILA V2) TKSSI140000|AI|Active|||und|1|1|||...|CSTLPRECIO|0|0|0|0|0|||||
22000127937|1|25102129|ARMADA-ESTRUCTURA APOYA BRAZOS POLTRONA TEK SOCIAL TKSSI141010|AI|Active||10|10|und|1|1|Proceso Tirar Operación|CARPINT|SPS.1.1.1|CSTLPRECIO|0|0|0|0|0||||1|
22000127937|2|25102130|PARTE-TAPA FRONTAL ESTRUCTURA APOYA BRAZOS POLTRONA TEK SOCIAL TKSSI141011|AI|Active||10|10|und|2|2|Proceso Tirar Operación|CARPINT|SPS.1.1.1|CSTLPRECIO|0|0|0|0|0||||1|
22000127937|3|22020352|MADEFLEX LISO DE 1220X2440MM ESPESOR 2MM|MP|Active||10|10|und|.12|.12|Proceso Tirar Operación|CARPINT|AGL.1.1.1|CSTLPRECIO|0|0|0|0|0||||1|
22000127937|2|25102131|PARTE-TAPA SUPERIOR ESTRUCTURA APOYA BRAZOS POLTRONA TEK SOCIAL TKSSI141012|AI|Active||20|10|und|1|1|Proceso Tirar Operación|CARPINT|SPS.1.1.1|CSTLPRECIO|0|0|0|0|0||||1|
22000127937|3|22008692|AGLOMERADO CRUDO DE 1830X2440MM ESPESOR 15MM|MP|Active||10|10|und|.023262295|.023262295|Proceso Tirar Operación|CARPINT|AGL.1.1.1|CSTLPRECIO|0|0|0|0|0||||1|
22000127937|2|25102132|PARTE-TAPA FRONTAL ESTRUCTURA APOYA BRAZOS POLTRONA TEK SOCIAL TKSSI141013|AI|Active||30|10|und|1|1|Proceso Tirar Operación|CARPINT|SPS.1.1.1|CSTLPRECIO|0|0|0|0|0||||1|
22000127937|3|22008692|AGLOMERADO CRUDO DE 1830X2440MM ESPESOR 15MM|MP|Active||10|10|und|.006978689|.006978689|Proceso Tirar Operación|CARPINT|AGL.1.1.1|CSTLPRECIO|0|0|0|0|0||||1|
22000127937|2|25102133|PARTE-TAPA POSTERIOR ESTRUCTURA APOYA BRAZOS POLTRONA TEK SOCIAL TKSSI141014|AI|Active||40|10|und|1|1|Proceso Tirar Operación|CARPINT|SPS.1.1.1|CSTLPRECIO|0|0|0|0|0||||1|
22000127937|3|22008692|AGLOMERADO CRUDO DE 1830X2440MM ESPESOR 15MM|MP|Active||10|10|und|.004652459|.004652459|Proceso Tirar Operación|CARPINT|AGL.1.1.1|CSTLPRECIO|0|0|0|0|0||||1|
22000127937|2|25102134|PARTE-TAPA DIAGONAL ESTRUCTURA APOYA BRAZOS POLTRONA TEK SOCIAL TKSSI141015|AI|Active||50|10|und|1|1|Proceso Tirar Operación|CARPINT|SPS.1.1.1|CSTLPRECIO|0|0|0|0|0||||1|
22000127937|3|22008692|AGLOMERADO CRUDO DE 1830X2440MM ESPESOR 15MM|MP|Active||10|10|und|.003489344|.003489344|Proceso Tirar Operación|CARPINT|AGL.1.1.1|CSTLPRECIO|0|0|0|0|0||||1|
22000127937|2|25102135|PARTE-SOPORTE TUERCA ESTRUCTURA APOYA BRAZOS POLTRONA TEK SOCIAL TKSSI141016|AI|Active||60|10|und|2|2|Proceso Tirar Operación|CARPINT|SPS.1.1.1|CSTLPRECIO|0|0|0|0|0||||1|
22000127937|3|22008692|AGLOMERADO CRUDO DE 1830X2440MM ESPESOR 15MM|MP|Active||10|10|und|.00232623|.00232623|Proceso Tirar Operación|CARPINT|AGL.1.1.1|CSTLPRECIO|0|0|0|0|0||||1|
22000127937|2|25102136|PARTE-TABIQUE ESTRUCTURA APOYA BRAZOS POLTRONA TEK SOCIAL TKSSI141017|AI|Active||70|10|und|2|2|Proceso Tirar Operación|CARPINT|SPS.1.1.1|CSTLPRECIO|0|0|0|0|0||||1|
22000127937|3|22008692|AGLOMERADO CRUDO DE 1830X2440MM ESPESOR 15MM|MP|Active||10|10|und|.008141803|.008141803|Proceso Tirar Operación|CARPINT|AGL.1.1.1|CSTLPRECIO|0|0|0|0|0||||1|
22000127937|2|25114321|PARTE-ESCUADRA UNION DERECHA ESTRUCTURA APOYA BRAZOS POLTRONA TEK SOCIAL TKSSI141024|AI|Active||80|10|und|1|1|Proceso Tirar Operación|DOBLADORAS|DOB.1.1.1|CSTLPRECIO|0|0|0|0|0||||1|
22000127937|3|22008932|LAMINA PLANA CR 4X8  ESPESOR 1.50MM|MP|Active||10|10|kg|.11|.11|Proceso Tirar Operación|CORTYPUNZ|CYP.1.1.1|CSTLPRECIO|0|0|0|0|0||||1|
22000127937|2|25114316|PARTE-ESCUADRA UNION IZQUIERDA ESTRUCTURA APOYA BRAZOS POLTRONA TEK SOCIAL TKSSI141024|AI|Active||85|10|und|1|1|Proceso Tirar Operación|DOBLADORAS|DOB.1.1.1|CSTLPRECIO|0|0|0|0|0||||1|
22000127937|3|22008932|LAMINA PLANA CR 4X8  ESPESOR 1.50MM|MP|Active||10|10|kg|.11|.11|Proceso Tirar Operación|CORTYPUNZ|CYP.1.1.1|CSTLPRECIO|0|0|0|0|0||||1|
22000127937|2|25102138|PARTE-CURVA ESTRUCTURA APOYA BRAZOS POLTRONA TEK SOCIAL TKSSI141019|AI|Active||90|10|und|1|1|Proceso Tirar Operación|DOBLADORAS|DOB.1.1.1|CSTLPRECIO|0|0|0|0|0||||1|
22000127937|3|22006061|LAMINA PLANA 4X8 ESPESOR 0.75MM|MP|Active||10|10|kg|.08|.08|Proceso Tirar Operación|CORTYPUNZ|CYP.1.1.1|CSTLPRECIO|0|0|0|0|0||||1|
22000127937|2|25102338|PARTE-REFUERZO CENTRAL ESTRUCTURA APOYA BRAZOS POLTRONA TEK SOCIAL TKSSI141020|AI|Active||100|10|und|1|1|Proceso Tirar Operación|CARPINT|SPS.1.1.1|CSTLPRECIO|0|0|0|0|0||||1|
22000127937|3|22008692|AGLOMERADO CRUDO DE 1830X2440MM ESPESOR 15MM|MP|Active||10|10|und|.011631148|.011631148|Proceso Tirar Operación|CARPINT|AGL.1.1.1|CSTLPRECIO|0|0|0|0|0||||1|
22000127937|2|25105795|PARTE-ESCUADRA UNION PERFORADA ESTRUCTURA APOYA BRAZOS POLTRONA TEK SOCIAL TKSSI141021|AI|Active||110|10|und|2|2|Proceso Tirar Operación|DOBLADORAS|DOB.1.1.1|CSTLPRECIO|0|0|0|0|0||||1|
22000127937|3|22008932|LAMINA PLANA CR 4X8  ESPESOR 1.50MM|MP|Active||10|10|kg|.46|.46|Proceso Tirar Operación|CORTYPUNZ|CYP.1.1.1|CSTLPRECIO|0|0|0|0|0||||1|
22000127937|2|25105965|PARTE-TAPA POSTERIOR SUPERIOR ESTRUCTURA APOYA BRAZOS POLTRONA TEK SOCIAL TKSSI141022|AI|Active||120|10|und|1|1|Proceso Tirar Operación|CARPINT|SPS.1.1.1|CSTLPRECIO|0|0|0|0|0||||1|
22000127937|3|22020352|MADEFLEX LISO DE 1220X2440MM ESPESOR 2MM|MP|Active||10|10|und|.01|.01|Proceso Tirar Operación|CARPINT|AGL.1.1.1|CSTLPRECIO|0|0|0|0|0||||1|
22000127937|2|25105966|PARTE-TAPA POSTERIOR INFERIOR ESTRUCTURA APOYA BRAZOS POLTRONA TEK SOCIAL TKSSI141023|AI|Active||130|10|und|1|1|Proceso Tirar Operación|CARPINT|SPS.1.1.1|CSTLPRECIO|0|0|0|0|0||||1|
22000127937|3|22020352|MADEFLEX LISO DE 1220X2440MM ESPESOR 2MM|MP|Active||10|10|und|.01|.01|Proceso Tirar Operación|CARPINT|AGL.1.1.1|CSTLPRECIO|0|0|0|0|0||||1|
22000127937|2|22000155|TORNILLO 6X1.5/8 CAB AVELL. AW6158 GIMLET W  REF.400|MP|Active||140|10|und|36|36|Proceso Tirar Operación|MP_WIP|EN.1.1.1|CSTLPRECIO|0|0|0|0|0||||1|
22000127937|2|22007761|TORNILLO CABEZA EXTRAPLANA 8 X  9/16 ZINCADO|MP|Active||150|10|und|20|20|Proceso Tirar Operación|MP_WIP|EN.1.1.1|CSTLPRECIO|0|0|0|0|0||||1|
22000127937|1|22021826|GENERICO TELA GAMA 1|MP|Active||20|10|m|.9|.9|Proceso Tirar Operación|CARPINT|TEL.1.1.1|CSTLPRECIO|0|0|0|0|0||||1|
22000127937|1|22021067|ESPUMA DE 1200X2000X10 MM DENSIDAD 40|MP|Active||30|10|und|.5|.5|Proceso Tirar Operación|CARPINT|SIL.1.1.1|CSTLPRECIO|0|0|0|0|0||||1|
22000127937|1|22000277|ARANDELA 5/16 LISA ZINCADA|MP|Active||50|10|und|5|5|Proceso Tirar Operación|CARPINT|MPC.1.1.1|CSTLPRECIO|0|0|0|0|0||||1|
22000127937|1|22002420|TORNILLO HEX G-2 RO 5/16 x 2 R/TOTAL  ZINCADO|MP|Active||60|10|und|3|3|Proceso Tirar Operación|CARPINT|MPC.1.1.1|CSTLPRECIO|0|0|0|0|0||||1|
22000127937|1|22008555|GENERICO PINTURA EN POLVO MUEBLES|MP|Active||80|10|kg|.1|.1|Proceso Tirar Operación|MP_WIP|PI.1.1.1|CSTLPRECIO|0|0|0|0|0||||1|
22000128546|0|22000128546|CUERPO INDIVIDUAL METALICO LOCKER CAL 22 220X50X50CM ALMACENAMIENTO ALM3020000|AI|Active|||und|1|1|||...|CSTLPRECIO|0|0|0|0|0|||||
22000128546|1|25102807|ARMADA-CUERPO 220X50X50CM CORAZA INDIVIDUAL LOCKER METALICO ALMACENAMIENTO  ALM3020001|AI|Active||10|10|und|1|1|Proceso Tirar Operación|SOLDADURA|SOL.1.1.1|CSTLPRECIO|0|0|0|0|0||||1|
22000128546|2|25102808|PARTE-TAPA CUERPO 50X50CM CORAZA  LOCKER METALICO ALAMACENAMIENTO ALM3020002|AI|Active||10|10|und|1|1|Proceso Tirar Operación|DOBLADORAS|DOB.1.1.1|CSTLPRECIO|0|0|0|0|0||||1|
22000128546|3|22006061|LAMINA PLANA 4X8 ESPESOR 0.75MM|MP|Active||10|10|kg|2.73|2.73|Proceso Tirar Operación|CORTYPUNZ|CYP.1.1.1|CSTLPRECIO|0|0|0|0|0||||1|
22000128546|2|25102811|PARTE-BASE CUERPO 50X50CM CORAZA LOCKER METALICO ALMACENAMIENTO ALM3020003|AI|Active||20|10|und|1|1|Proceso Tirar Operación|DOBLADORAS|DOB.1.1.1|CSTLPRECIO|0|0|0|0|0||||1|
22000128546|3|22006061|LAMINA PLANA 4X8 ESPESOR 0.75MM|MP|Active||10|10|kg|2.71|2.71|Proceso Tirar Operación|CORTYPUNZ|CYP.1.1.1|CSTLPRECIO|0|0|0|0|0||||1|
22000128546|2|25102816|PARTE-ESPALDA 220X50X50CM INDIVIDUAL LOCKER METALICO ALMACENAMIENTO ALM3020005|AI|Active||40|10|und|1|1|Proceso Tirar Operación|DOBLADORAS|DOB.1.1.1|CSTLPRECIO|0|0|0|0|0||||1|
22000128546|3|22006061|LAMINA PLANA 4X8 ESPESOR 0.75MM|MP|Active||10|10|kg|7.693877693|7.693877693|Proceso Tirar Operación|CORTYPUNZ|CYP.1.1.1|CSTLPRECIO|0|0|0|0|0||||1|
22000128546|2|25102822|PARTE-COSTADO CERRADURA 220X50CM CORAZA LOCKER METALICO ALMACENAMIENTO ALM3021002|AI|Active||50|10|und|1|1|Proceso Tirar Operación|DOBLADORAS|DOB.1.1.1|CSTLPRECIO|0|0|0|0|0||||1|
22000128546|3|22006061|LAMINA PLANA 4X8 ESPESOR 0.75MM|MP|Active||10|10|kg|10.29299662|10.29299662|Proceso Tirar Operación|CORTYPUNZ|CYP.1.1.1|CSTLPRECIO|0|0|0|0|0||||1|
22000128546|2|25104180|PARTE-COSTADO BISAGRA 220X50CM LOCKER METALICO ALMACENAMIENTO ALM3021005|AI|Active||60|10|und|1|1|Proceso Tirar Operación|DOBLADORAS|DOB.1.1.1|CSTLPRECIO|0|0|0|0|0||||1|
22000128546|3|22006061|LAMINA PLANA 4X8 ESPESOR 0.75MM|MP|Active||10|10|kg|10.29299662|10.29299662|Proceso Tirar Operación|CORTYPUNZ|CYP.1.1.1|CSTLPRECIO|0|0|0|0|0||||1|
22000128546|2|25023486|PARTE-SOPORTE NIVELADOR CORAZA ARCHIVADOR ZEN ALM1151050|AI|Active||70|10|und|4|4|Proceso Tirar Operación|DOBLADORAS|DOB.1.1.1|CSTLPRECIO|0|0|0|0|0||||1|
22000128546|3|22008722|LAMINA PLANA CR 4X8 ESPESOR 1.90MM|MP|Active||10|10|kg|.04|.04|Proceso Tirar Operación|CORTYPUNZ|CYP.1.1.1|CSTLPRECIO|0|0|0|0|0||||1|
22000128546|1|22020324|NIVELADOR ANTIDESLIZANTE R40 5/16X1 COLOR NEGRO|MP|Active||20|10|und|4|4|Proceso Tirar Operación|MP_WIP|EN.1.1.1|CSTLPRECIO|0|0|0|0|0||||1|
22000128546|1|22015000|TUERCA REMACHABLE 5/16 SEMI HEXAGONAL CABEZA BAJA REF:3002056|MP|Active||30|10|und|4|4|Proceso Tirar Operación|MP_WIP|EN.1.1.1|CSTLPRECIO|0|0|0|0|0||||1|
22000128546|1|22008555|GENERICO PINTURA EN POLVO MUEBLES|MP|Active||90|10|kg|1.8|1.8|Proceso Tirar Operación|MP_WIP|PI.1.1.1|CSTLPRECIO|0|0|0|0|0||||1|
22000128546|1|22025249|EMPAQUE TAPA PEDESTAL 528X418X70 CLAVE 450|MP|Active||100|10|und|2|2|Proceso Tirar Operación|MP_WIP|EN.1.1.1|CSTLPRECIO|0|0|0|0|0||||1|
22000128549|0|22000128549|CUERPO DOBLE METALICO LOCKER CAL 22 220X80X50CM ALMACENAMIENTO ALM3021000|AI|Active|||und|1|1|||...|CSTLPRECIO|0|0|0|0|0|||||
22000128549|1|25102819|ARMADA-CUERPO 220X80X50CM CORAZA DOBLE LOCKER METALICO ALMACENAMIENTO ALM3021001|AI|Active||10|10|und|1|1|Proceso Tirar Operación|SOLDADURA|SOL.1.1.1|CSTLPRECIO|0|0|0|0|0||||1|
22000128549|2|25102822|PARTE-COSTADO CERRADURA 220X50CM CORAZA LOCKER METALICO ALMACENAMIENTO ALM3021002|AI|Active||10|10|und|1|1|Proceso Tirar Operación|DOBLADORAS|DOB.1.1.1|CSTLPRECIO|0|0|0|0|0||||1|
22000128549|3|22006061|LAMINA PLANA 4X8 ESPESOR 0.75MM|MP|Active||10|10|kg|10.29299662|10.29299662|Proceso Tirar Operación|CORTYPUNZ|CYP.1.1.1|CSTLPRECIO|0|0|0|0|0||||1|
22000128549|2|25102825|PARTE-ESPALDA 220X80CM CORAZA LOCKER DOBLE MEALICO ALMACENAMIENTO ALM3021003|AI|Active||20|10|und|1|1|Proceso Tirar Operación|DOBLADORAS|DOB.1.1.1|CSTLPRECIO|0|0|0|0|0||||1|
22000128549|3|22006061|LAMINA PLANA 4X8 ESPESOR 0.75MM|MP|Active||10|10|kg|12.4|12.4|Proceso Tirar Operación|CORTYPUNZ|CYP.1.1.1|CSTLPRECIO|0|0|0|0|0||||1|
22000128549|2|25102828|PARTE-DIVISOR 220X50CM CORAZA LOCKER DOBLE METALICO ALMACENAMIENTO ALM3021004|AI|Active||30|10|und|1|1|Proceso Tirar Operación|DOBLADORAS|DOB.1.1.1|CSTLPRECIO|0|0|0|0|0||||1|
22000128549|3|22006061|LAMINA PLANA 4X8 ESPESOR 0.75MM|MP|Active||10|10|kg|10.90933214|10.90933214|Proceso Tirar Operación|CORTYPUNZ|CYP.1.1.1|CSTLPRECIO|0|0|0|0|0||||1|
22000128549|2|25102809|PARTE-TAPA DOBLE CUERPO 80X50CM CORAZA LOCKER METALICO ALMACENAMIENTO ALM3021006|AI|Active||40|10|und|1|1|Proceso Tirar Operación|DOBLADORAS|DOB.1.1.1|CSTLPRECIO|0|0|0|0|0||||1|
22000128549|3|22006061|LAMINA PLANA 4X8 ESPESOR 0.75MM|MP|Active||10|10|kg|4.05|4.05|Proceso Tirar Operación|CORTYPUNZ|CYP.1.1.1|CSTLPRECIO|0|0|0|0|0||||1|
22000128549|2|25102812|PARTE-BASE CUERPO DOBLE 80X50CM CORAZA LOCKER METALICO ALMACENAMIENTO ALM3021007|AI|Active||50|10|und|1|1|Proceso Tirar Operación|DOBLADORAS|DOB.1.1.1|CSTLPRECIO|0|0|0|0|0||||1|
22000128549|3|22006061|LAMINA PLANA 4X8 ESPESOR 0.75MM|MP|Active||10|10|kg|4.03|4.03|Proceso Tirar Operación|CORTYPUNZ|CYP.1.1.1|CSTLPRECIO|0|0|0|0|0||||1|
22000128549|2|25023486|PARTE-SOPORTE NIVELADOR CORAZA ARCHIVADOR ZEN ALM1151050|AI|Active||60|10|und|4|4|Proceso Tirar Operación|DOBLADORAS|DOB.1.1.1|CSTLPRECIO|0|0|0|0|0||||1|
22000128549|3|22008722|LAMINA PLANA CR 4X8 ESPESOR 1.90MM|MP|Active||10|10|kg|.04|.04|Proceso Tirar Operación|CORTYPUNZ|CYP.1.1.1|CSTLPRECIO|0|0|0|0|0||||1|
22000128549|2|25104180|PARTE-COSTADO BISAGRA 220X50CM LOCKER METALICO ALMACENAMIENTO ALM3021005|AI|Active||70|10|und|1|1|Proceso Tirar Operación|DOBLADORAS|DOB.1.1.1|CSTLPRECIO|0|0|0|0|0||||1|
22000128549|3|22006061|LAMINA PLANA 4X8 ESPESOR 0.75MM|MP|Active||10|10|kg|10.29299662|10.29299662|Proceso Tirar Operación|CORTYPUNZ|CYP.1.1.1|CSTLPRECIO|0|0|0|0|0||||1|
22000128549|1|22020324|NIVELADOR ANTIDESLIZANTE R40 5/16X1 COLOR NEGRO|MP|Active||20|10|und|4|4|Proceso Tirar Operación|MP_WIP|EN.1.1.1|CSTLPRECIO|0|0|0|0|0||||1|
22000128549|1|22015000|TUERCA REMACHABLE 5/16 SEMI HEXAGONAL CABEZA BAJA REF:3002056|MP|Active||30|10|und|4|4|Proceso Tirar Operación|MP_WIP|EN.1.1.1|CSTLPRECIO|0|0|0|0|0||||1|
22000128549|1|22008555|GENERICO PINTURA EN POLVO MUEBLES|MP|Active||90|10|kg|3|3|Proceso Tirar Operación|MP_WIP|PI.1.1.1|CSTLPRECIO|0|0|0|0|0||||1|
22000128549|1|22025250|EMPAQUE TAPA ARCHIVADOR 90CM CLAVE 620|MP|Active||100|10|und|2|2|Proceso Tirar Operación|MP_WIP|EN.1.1.1|CSTLPRECIO|0|0|0|0|0||||1|
22000128566|0|22000128566|KIT 4 NAVES METALICA 3 ENTREPAÑOS LOCKER CAL 22 220X50X50CM ALMACENAMIENTO ALM3032000|AI|Active|||und|1|1|||...|CSTLPRECIO|0|0|0|0|0|||||
22000128566|1|25102857|PARTE-CUERPO 220X50CM 4 NAVES METALICA LOCKER METALICO ALM3024001|AI|Active||10|10|und|4|4|Proceso Tirar Operación|DOBLADORAS|DOB.1.1.1|CSTLPRECIO|0|0|0|0|0||||1|
22000128566|2|22006061|LAMINA PLANA 4X8 ESPESOR 0.75MM|MP|Active||10|10|kg|2.93|2.93|Proceso Tirar Operación|CORTYPUNZ|CYP.1.1.1|CSTLPRECIO|0|0|0|0|0||||1|
22000128566|1|25102885|PARTE-ENTREPAÑO LOCKER METALICO ALM3025001|AI|Active||20|10|und|3|3|Proceso Tirar Operación|DOBLADORAS|DOB.1.1.1|CSTLPRECIO|0|0|0|0|0||||1|
22000128566|2|22006061|LAMINA PLANA 4X8 ESPESOR 0.75MM|MP|Active||10|10|kg|2.21|2.21|Proceso Tirar Operación|CORTYPUNZ|CYP.1.1.1|CSTLPRECIO|0|0|0|0|0||||1|
22000128566|1|22000212|TORNILLO AUTOROSCANTE 6 3/8 ZINCADO|MP|Active||25|10|und|12|12|Proceso Tirar Operación|MP_WIP|EN.1.1.1|CSTLPRECIO|0|0|0|0|0||||1|
22000128566|1|22009711|BISAGRA MEPLA TIPO PARCHE REF:SSP FUNCION 18|MP|Active||30|10|jg|8|8|Proceso Tirar Operación|MP_WIP|EN.1.1.1|CSTLPRECIO|0|0|0|0|0||||1|
22000128566|1|22000159|TORNILLO AUTOPERFORANTE CABEZA EXTRAPLANA 8 X 1/2 REF:234 ZINCADO NEGRO|MP|Active||40|10|und|32|32|Proceso Tirar Operación|MP_WIP|EN.1.1.1|CSTLPRECIO|0|0|0|0|0||||1|
22000128566|1|22000297|AMORTGUAD POLIU CRISTAL 8.5MM X 2.2MM X 24 UNDS|MP|Active||50|10|und|8|8|Proceso Tirar Operación|MP_WIP|EN.1.1.1|CSTLPRECIO|0|0|0|0|0||||1|
22000128566|1|22008555|GENERICO PINTURA EN POLVO MUEBLES|MP|Active||60|10|kg|.55|.55|Proceso Tirar Operación|MP_WIP|PI.1.1.1|CSTLPRECIO|0|0|0|0|0||||1|
22000128566|1|22016286|GENERICO PINTURA EN POLVO MUEBLES LADO B|MP|Active||70|10|kg|.36|.36|Proceso Tirar Operación|MP_WIP|PI.1.1.1|CSTLPRECIO|0|0|0|0|0||||1|
22000128631|0|22000128631|ZOCALO INDIVIDUAL METALICO LOCKER 10X50X50CM ALMACENAMIENTO ALM3037000||Active|||und|1|1|||...|CSTLPRECIO|0|0|0|0|0|||||
22000128631|1|25102881|ARMADA-CUERPO 10X50X50CM ZOCALO METALICO ALM3037001|AI|Active||10|10|und|1|1|Proceso Tirar Operación|SOLDADURA|SOL.1.1.1|CSTLPRECIO|0|0|0|0|0||||1|
22000128631|2|25102882|PARTE-LAMINA CUERPO 10X50X50CM ZOCALO  METALICO ALM3037002|AI|Active||10|10|und|1|1|Proceso Tirar Operación|DOBLADORAS|DOB.1.1.1|CSTLPRECIO|0|0|0|0|0||||1|
22000128631|3|22006061|LAMINA PLANA 4X8 ESPESOR 0.75MM|MP|Active||10|10|kg|1.9|1.9|Proceso Tirar Operación|CORTYPUNZ|CYP.1.1.1|CSTLPRECIO|0|0|0|0|0||||1|
22000128631|2|25023486|PARTE-SOPORTE NIVELADOR CORAZA ARCHIVADOR ZEN ALM1151050|AI|Active||20|10|und|8|8|Proceso Tirar Operación|DOBLADORAS|DOB.1.1.1|CSTLPRECIO|0|0|0|0|0||||1|
22000128631|3|22008722|LAMINA PLANA CR 4X8 ESPESOR 1.90MM|MP|Active||10|10|kg|.04|.04|Proceso Tirar Operación|CORTYPUNZ|CYP.1.1.1|CSTLPRECIO|0|0|0|0|0||||1|
22000128631|1|22011275|TUERCA REMACHABLE DE 5/16 HEXAGONAL BOLLHOFF|MP|Active||20|10|und|4|4|Proceso Tirar Operación|MP_WIP|EN.1.1.1|CSTLPRECIO|0|0|0|0|0||||1|
22000128631|1|22002215|TORNILLO CABEZA HEXAGONAL 5/16 X 1 ZINCADO|MP|Active||40|10|und|4|4|Proceso Tirar Operación|MP_WIP|EN.1.1.1|CSTLPRECIO|0|0|0|0|0||||1|
22000128631|1|22008555|GENERICO PINTURA EN POLVO MUEBLES|MP|Active||50|10|kg|.25|.25|Proceso Tirar Operación|MP_WIP|PI.1.1.1|CSTLPRECIO|0|0|0|0|0||||1|
22000128632|0|22000128632|ZOCALO DOBLE METALICO LOCKER 10X80X50CM ALMACENAMIENTO ALM3040000||Active|||und|1|1|||...|CSTLPRECIO|0|0|0|0|0|||||
22000128632|1|25102884|ARMADA-CUERPO 10X80X50CM ZOCALO LOCKER METALICO ALM3040001|AI|Active||10|10|und|1|1|Proceso Tirar Operación|SOLDADURA|SOL.1.1.1|CSTLPRECIO|0|0|0|0|0||||1|
22000128632|2|25102887|PARTE-LAMINA CUERPO 10X80X50CM ZOCALO LOCKER METALICO ALM3040002|AI|Active||10|10|und|1|1|Proceso Tirar Operación|DOBLADORAS|DOB.1.1.1|CSTLPRECIO|0|0|0|0|0||||1|
22000128632|3|22006061|LAMINA PLANA 4X8 ESPESOR 0.75MM|MP|Active||10|10|kg|1.9|1.9|Proceso Tirar Operación|CORTYPUNZ|CYP.1.1.1|CSTLPRECIO|0|0|0|0|0||||1|
22000128632|2|25023486|PARTE-SOPORTE NIVELADOR CORAZA ARCHIVADOR ZEN ALM1151050|AI|Active||20|10|und|8|8|Proceso Tirar Operación|DOBLADORAS|DOB.1.1.1|CSTLPRECIO|0|0|0|0|0||||1|
22000128632|3|22008722|LAMINA PLANA CR 4X8 ESPESOR 1.90MM|MP|Active||10|10|kg|.04|.04|Proceso Tirar Operación|CORTYPUNZ|CYP.1.1.1|CSTLPRECIO|0|0|0|0|0||||1|
22000128632|2|25105788|PARTE-LAMINA CUERPO 80CM ZOCALO LOCKER METALICO ALM3040003|AI|Active||30|10|und|1|1|Proceso Tirar Operación|DOBLADORAS|DOB.1.1.1|CSTLPRECIO|0|0|0|0|0||||1|
22000128632|3|22006061|LAMINA PLANA 4X8 ESPESOR 0.75MM|MP|Active||10|10|kg|.89|.89|Proceso Tirar Operación|CORTYPUNZ|CYP.1.1.1|CSTLPRECIO|0|0|0|0|0||||1|
22000128632|1|22002215|TORNILLO CABEZA HEXAGONAL 5/16 X 1 ZINCADO|MP|Active||20|10|und|4|4|Proceso Tirar Operación|MP_WIP|EN.1.1.1|CSTLPRECIO|0|0|0|0|0||||1|
22000128632|1|22015000|TUERCA REMACHABLE 5/16 SEMI HEXAGONAL CABEZA BAJA REF:3002056|MP|Active||30|10|und|4|4|Proceso Tirar Operación|MP_WIP|EN.1.1.1|CSTLPRECIO|0|0|0|0|0||||1|
22000128632|1|22008555|GENERICO PINTURA EN POLVO MUEBLES|MP|Active||40|10|kg|.4|.4|Proceso Tirar Operación|MP_WIP|PI.1.1.1|CSTLPRECIO|0|0|0|0|0||||1|
22000128634|0|22000128634|KIT MANIJA EMBEBIDA NAVE METALICA LOCKER ALMACENAMIENTO ALM3039000|AI|Active|||und|1|1|||...|CSTLPRECIO|0|0|0|0|0|||||
22000128634|1|25108652|ARMADA-MANIJA EMBEBIDA ALM3039001|AI|Active||10|10|und|1|1|Proceso Tirar Operación|SOLDADURA|SOL.1.1.1|CSTLPRECIO|0|0|0|0|0||||1|
22000128634|2|25046674|PARTE-BISEL MANIJA EMBEBIDA LOCKERS ALM2732021|AI|Active||10|10|und|1|1|Proceso Tirar Operación|DOBLADORAS|DOB.1.1.1|CSTLPRECIO|0|0|0|0|0||||1|
22000128634|3|22008722|LAMINA PLANA CR 4X8 ESPESOR 1.90MM|MP|Active||10|10|kg|.14129|.14129|Proceso Tirar Operación|CORTYPUNZ|CYP.1.1.1|CSTLPRECIO|0|0|0|0|0||||1|
22000128634|2|25047700|PARTE-CUERPO MANIJA EMBEBIDA LOCKERS ALM2841021|AI|Active||20|10|und|1|1|Proceso Tirar Operación|DOBLADORAS|DOB.1.1.1|CSTLPRECIO|0|0|0|0|0||||1|
22000128634|3|22006061|LAMINA PLANA 4X8 ESPESOR 0.75MM|MP|Active||10|10|kg|.06885|.06885|Proceso Tirar Operación|CORTYPUNZ|CYP.1.1.1|CSTLPRECIO|0|0|0|0|0||||1|
22000128634|1|22014799|REMACHE AVELLANADO 5-4 NATURAL|MP|Active||20|10|und|2|2|Proceso Tirar Operación|MP_WIP|EN.1.1.1|CSTLPRECIO|0|0|0|0|0||||1|
22000128634|1|22008555|GENERICO PINTURA EN POLVO MUEBLES|MP|Active||40|10|kg|.1|.1|Proceso Tirar Operación|MP_WIP|PI.1.1.1|CSTLPRECIO|0|0|0|0|0||||1|
22000128771|0|22000128771|PORTA-CANDADO LOCKER ALMACENAMIENTO ALM3038000|AI|Active|||und|1|1|||...|CSTLPRECIO|0|0|0|0|0|||||
22000128771|1|25102886|PARTE-PORTACANDADO LOCKER METALICO ALM3038001|AI|Active||10|10|und|1|1|Proceso Tirar Operación|DOBLADORAS|DOB.1.1.1|CSTLPRECIO|0|0|0|0|0||||1|
22000128771|2|22008932|LAMINA PLANA CR 4X8  ESPESOR 1.50MM|MP|Active||10|10|kg|.12|.12|Proceso Tirar Operación|CORTYPUNZ|CYP.1.1.1|CSTLPRECIO|0|0|0|0|0||||1|
22000128771|2|22008555|GENERICO PINTURA EN POLVO MUEBLES|MP|Active||20|10|kg|.025|.025|Proceso Tirar Operación|MP_WIP|PI.1.1.1|CSTLPRECIO|0|0|0|0|0||||1|
22000128771|1|22000212|TORNILLO AUTOROSCANTE 6 3/8 ZINCADO|MP|Active||20|10|und|2|2|Proceso Tirar Operación|MP_WIP|EN.1.1.1|CSTLPRECIO|0|0|0|0|0||||1|
22000129947|0|22000129947|MUEBLE PARA MATERA 120X50XH100CM FORMICA Y SUPERCOR ALMACENAMIENTO ALM3144000||Active|||und|1|1|||...|CSTLPRECIO|0|0|0|0|0|||||
22000129947|1|25107276|PARTE-ENTREPAÑO 120X50CM MUEBLE PARA MATERA ALMACENAMIENTO ALM3144005|AI|Active||10|10|und|1|1|Proceso Tirar Operación|CARPINT|CSC.1.1.1|CSTLPRECIO|0|0|0|0|0||||1|
22000129947|2|22015764|GENERICO SUPERCOR RH 18MM 1830MM X 2440MM|MP|Active||10|10|und|.17|.17|Proceso Tirar Operación|CARPINT|AGL.1.1.1|CSTLPRECIO|0|0|0|0|0||||1|
22000129947|2|22008522|GENERICO CANTO PLANO DE 22MM ESPESOR 2MM|MP|Active||20|10|m|3.61|3.61|Proceso Tirar Operación|CARPINT|CTA.1.1.1|CSTLPRECIO|0|0|0|0|0||||1|
22000129947|1|25103446|PARTE-TAPA FRONTAL 120XH-100CM MUEBLE PARA MATERA ALMACENAMIENTO ALM3144002|AI|Active||20|10|und|2|2|Proceso Tirar Operación|CARPINT|CSC.1.1.1|CSTLPRECIO|0|0|0|0|0||||1|
22000129947|2|22007284|AGLOMERADO RH CRUDO DE 1530X2440MM ESPESOR 18MM|MP|Active||10|10|und|.41|.41|Proceso Tirar Operación|CARPINT|AGL.1.1.1|CSTLPRECIO|0|0|0|0|0||||1|
22000129947|2|22008689|GENERICO FORMICA 1220MM X 2440MM F8|MP|Active||20|10|und|.5|.5|Proceso Tirar Operación|CARPINT|FOR.1.1.1|CSTLPRECIO|0|0|0|0|0||||1|
22000129947|2|22007604|FORMICA BACKER BLANCO REF: 2112 1220MM X 3060MM F6|MP|Active||30|10|und|.33|.33|Proceso Tirar Operación|CARPINT|FOR.1.1.1|CSTLPRECIO|0|0|0|0|0||||1|
22000129947|2|22008522|GENERICO CANTO PLANO DE 22MM ESPESOR 2MM|MP|Active||40|10|m|4.56|4.56|Proceso Tirar Operación|CARPINT|CTA.1.1.1|CSTLPRECIO|0|0|0|0|0||||1|
22000129947|1|25103450|PARTE-ESCUADRA MUEBLE PARA MATERA ALMACENAMIENTO ALM3144006|AI|Active||30|10|und|4|4|Proceso Tirar Operación|DOBLADORAS|DOB.1.1.1|CSTLPRECIO|0|0|0|0|0||||1|
22000129947|2|22008721|LAMINA PLANA ACEITADA Y DECAPADA 4X8 ESPESOR 4MM A-36|MP|Active||10|10|kg|1.07|1.07|Proceso Tirar Operación|CORTYPUNZ|CYP.1.1.1|CSTLPRECIO|0|0|0|0|0||||1|
22000129947|1|25107280|PARTE-COSTADO 50X100CM MUEBLE PARA MATERA ALMACENAMIENTO ALM3144003|AI|Active||40|10|und|2|2|Proceso Tirar Operación|CARPINT|CSC.1.1.1|CSTLPRECIO|0|0|0|0|0||||1|
22000129947|2|22007284|AGLOMERADO RH CRUDO DE 1530X2440MM ESPESOR 18MM|MP|Active||10|10|und|.13|.13|Proceso Tirar Operación|CARPINT|AGL.1.1.1|CSTLPRECIO|0|0|0|0|0||||1|
22000129947|2|22008689|GENERICO FORMICA 1220MM X 2440MM F8|MP|Active||20|10|und|.25|.25|Proceso Tirar Operación|CARPINT|FOR.1.1.1|CSTLPRECIO|0|0|0|0|0||||1|
22000129947|2|22007604|FORMICA BACKER BLANCO REF: 2112 1220MM X 3060MM F6|MP|Active||30|10|und|.17|.17|Proceso Tirar Operación|CARPINT|FOR.1.1.1|CSTLPRECIO|0|0|0|0|0||||1|
22000129947|2|22008522|GENERICO CANTO PLANO DE 22MM ESPESOR 2MM|MP|Active||40|10|m|3.04|3.04|Proceso Tirar Operación|CARPINT|CTA.1.1.1|CSTLPRECIO|0|0|0|0|0||||1|
22000129947|1|25107281|PARTE-BASE 120X50CM MUEBLE PARA MATERA ALMACENAMIENTO ALM3144004|AI|Active||50|10|und|1|1|Proceso Tirar Operación|CARPINT|CSC.1.1.1|CSTLPRECIO|0|0|0|0|0||||1|
22000129947|2|22015764|GENERICO SUPERCOR RH 18MM 1830MM X 2440MM|MP|Active||10|10|und|.17|.17|Proceso Tirar Operación|CARPINT|AGL.1.1.1|CSTLPRECIO|0|0|0|0|0||||1|
22000129947|2|22008522|GENERICO CANTO PLANO DE 22MM ESPESOR 2MM|MP|Active||20|10|m|3.52|3.52|Proceso Tirar Operación|CARPINT|CTA.1.1.1|CSTLPRECIO|0|0|0|0|0||||1|
22000129947|1|22012909|CAM 3000 015X11.9MM|MP|Active||60|10|und|34|34|Proceso Tirar Operación|MP_WIP|EN.1.1.1|CSTLPRECIO|0|0|0|0|0||||1|
22000129947|1|22012910|COMBI DOWEL 34MM#2 PHILLIPS|MP|Active||70|10|und|34|34|Proceso Tirar Operación|MP_WIP|EN.1.1.1|CSTLPRECIO|0|0|0|0|0||||1|
22000129947|1|22006555|GENERICO TAPA MINIFIX|MP|Active||80|10|und|34|34|Proceso Tirar Operación|MP_WIP|EN.1.1.1|CSTLPRECIO|0|0|0|0|0||||1|
22000129947|1|22000197|TORNILLO CABEZA EXTRAPLANA 8 X 3/4 REF: S6075 ZINCADO|MP|Active||90|10|und|52|52|Proceso Tirar Operación|MP_WIP|EN.1.1.1|CSTLPRECIO|0|0|0|0|0||||1|
22000129947|1|25076619|ARMADA-CUERPO BASE NIVELADOR ALMACENAMIENTO ALM3144013|AI|Active||100|10|und|4|4|Proceso Tirar Operación|SOLDADURA|SOL.1.1.1|CSTLPRECIO|0|0|0|0|0||||1|
22000129947|2|25076620|PARTE-TUBO CUERPO BASE NIVELADOR ALMACENAMIENTO ALM3144014|AI|Active||10|10|und|1|1|Proceso Tirar Operación|TRONZSILLA|TRS.1.1.1|CSTLPRECIO|0|0|0|0|0||||1|
22000129947|3|22006426|TUBO REDONDO DE 1.9 PULGADA 6000MM CALIBRE 16|MP|Active||10|10|und|.01567|.01567|Proceso Tirar Operación|TRONZSILLA|MTS.1.1.1|CSTLPRECIO|0|0|0|0|0||||1|
22000129947|2|25076621|PARTE-PLATINA CUERPO BASE NIVELADOR ALMACENAMIENTO ALM3144015|AI|Active||20|10|und|1|1|Proceso Tirar Operación|DOBLADORAS|DOB.1.1.1|CSTLPRECIO|0|0|0|0|0||||1|
22000129947|3|22006037|LAMINA PLANA 4X8 ESPESOR 0.9MM|MP|Active||10|10|kg|.03639|.03639|Proceso Tirar Operación|CORTYPUNZ|CYP.1.1.1|CSTLPRECIO|0|0|0|0|0||||1|
22000129947|1|22000320|NIVELADOR 5/16 X 1 1/2 MPR080075|MP|Active||110|10|und|4|4|Proceso Tirar Operación|MP_WIP|EN.1.1.1|CSTLPRECIO|0|0|0|0|0||||1|
22000129947|1|22007761|TORNILLO CABEZA EXTRAPLANA 8 X  9/16 ZINCADO|MP|Active||120|10|und|16|16|Proceso Tirar Operación|MP_WIP|EN.1.1.1|CSTLPRECIO|0|0|0|0|0||||1|
22000129947|1|22012380|TAPON PLASTICO INTERNO 1 1/4 MPR050111|MP|Active||130|10|jg|4|4|Proceso Tirar Operación|MP_WIP|EN.1.1.1|CSTLPRECIO|0|0|0|0|0||||1|
22000129947|1|22000150|TUERCA  HEXAGONAL 5/16 ZINCADA|MP|Active||140|10|und|4|4|Proceso Tirar Operación|MP_WIP|EN.1.1.1|CSTLPRECIO|0|0|0|0|0||||1|
22000129947|1|25103451|PARTE-FRENTE ZOCALO 120CM MUEBLE PARA MATERA ALMACENAMIENTO ALM3144009|AI|Active||150|10|und|2|2|Proceso Tirar Operación|CARPINT|CSC.1.1.1|CSTLPRECIO|0|0|0|0|0||||1|
22000129947|2|22007284|AGLOMERADO RH CRUDO DE 1530X2440MM ESPESOR 18MM|MP|Active||10|10|und|.04|.04|Proceso Tirar Operación|CARPINT|AGL.1.1.1|CSTLPRECIO|0|0|0|0|0||||1|
22000129947|2|22008689|GENERICO FORMICA 1220MM X 2440MM F8|MP|Active||20|10|und|.05|.05|Proceso Tirar Operación|CARPINT|FOR.1.1.1|CSTLPRECIO|0|0|0|0|0||||1|
22000129947|2|22007604|FORMICA BACKER BLANCO REF: 2112 1220MM X 3060MM F6|MP|Active||30|10|und|.03|.03|Proceso Tirar Operación|CARPINT|FOR.1.1.1|CSTLPRECIO|0|0|0|0|0||||1|
22000129947|2|22008522|GENERICO CANTO PLANO DE 22MM ESPESOR 2MM|MP|Active||40|10|m|2.76|2.76|Proceso Tirar Operación|CARPINT|CTA.1.1.1|CSTLPRECIO|0|0|0|0|0||||1|
22000129947|1|25107285|PARTE-LATERAL ZOCALO 50CM MUEBLE PARA MATERA ALMACENAMIENTO ALM3144010|AI|Active||160|10|und|2|2|Proceso Tirar Operación|CARPINT|CSC.1.1.1|CSTLPRECIO|0|0|0|0|0||||1|
22000129947|2|22007284|AGLOMERADO RH CRUDO DE 1530X2440MM ESPESOR 18MM|MP|Active||10|10|und|.02|.02|Proceso Tirar Operación|CARPINT|AGL.1.1.1|CSTLPRECIO|0|0|0|0|0||||1|
22000129947|2|22008689|GENERICO FORMICA 1220MM X 2440MM F8|MP|Active||20|10|und|.02|.02|Proceso Tirar Operación|CARPINT|FOR.1.1.1|CSTLPRECIO|0|0|0|0|0||||1|
22000129947|2|22007604|FORMICA BACKER BLANCO REF: 2112 1220MM X 3060MM F6|MP|Active||30|10|und|.01|.01|Proceso Tirar Operación|CARPINT|FOR.1.1.1|CSTLPRECIO|0|0|0|0|0||||1|
22000129947|2|22008522|GENERICO CANTO PLANO DE 22MM ESPESOR 2MM|MP|Active||40|10|m|1.21|1.21|Proceso Tirar Operación|CARPINT|CTA.1.1.1|CSTLPRECIO|0|0|0|0|0||||1|
22000129947|1|22001520|ESCUADRA 25X25 HVA125-25|MP|Active||170|10|und|14|14|Proceso Tirar Operación|MP_WIP|EN.1.1.1|CSTLPRECIO|0|0|0|0|0||||1|
22000129947|1|25107286|PARTE-CUBIERTA LAMINA 120X50CM MUEBLE PARA MATERA ALMACENAMIENTO ALM3144011|AI|Active||180|10|und|1|1|Proceso Tirar Operación|SOLDADURA|SOL.1.1.1|CSTLPRECIO|0|0|0|0|0||||1|
22000129947|2|22004764|LAMINA PLANA GALVANIZADA 4 X 8 ESPESOR 0.90MM|MP|Active||10|10|kg|7.99|7.99|Proceso Tirar Operación|CORTYPUNZ|CYP.1.1.1|CSTLPRECIO|0|0|0|0|0||||1|
22000129947|1|22008555|GENERICO PINTURA EN POLVO MUEBLES|MP|Active||190|10|kg|1|1|Proceso Tirar Operación|MP_WIP|PI.1.1.1|CSTLPRECIO|0|0|0|0|0||||1|
22000130190|0|22000130190|VIGA DE 240CM MESA DE REUNIONES LINK LKAC825000|AI|Active|||und|1|1|||...|CSTLPRECIO|0|0|0|0|0|||||
22000130190|1|25107698|PARTE-CUERPO VIGA DE 240CM MESA DE REUNIONES LINK LKAC825000|AI|Active||10|10|und|1|1|Proceso Tirar Operación|TRONZSILLA|TRS.1.1.1|CSTLPRECIO|0|0|0|0|0||||1|
22000130190|2|22007680|TUBO CUADRADO ESTRUCTURAL 2PULGADAS 6000MM CALIBRE 16 LAMINA ACEITADA Y DECAPADA|MP|Active||10|10|und|.3333|.3333|Proceso Tirar Operación|TRONZSILLA|MTS.1.1.1|CSTLPRECIO|0|0|0|0|0||||1|
22000130190|1|22008555|GENERICO PINTURA EN POLVO MUEBLES|MP|Active||30|10|kg|.11|.11|Proceso Tirar Operación|MP_WIP|PI.1.1.1|CSTLPRECIO|0|0|0|0|0||||1|
22000130210|0|22000130210|COSTADO TERMINAL DE 115CM MESA DE REUNIONES LINK LKSO625000|AI|Active|||und|1|1|||...|CSTLPRECIO|0|0|0|0|0|||||
22000130210|1|25107717|ARMADA-COSTADO TERMINAL DE 115CM LINK LKSO625001|AI|Active||10|10|und|1|1|Proceso Tirar Operación|SOLDADURA|SOL.1.1.1|CSTLPRECIO|0|0|0|0|0||||1|
22000130210|2|25024803|PARTE-PARAL CUERPO COSTADO (672.5MM) MESA DE JUNTAS LINK LKSO401030|AI|Active||10|10|und|2|2|Proceso Tirar Operación|TRONZSILLA|TRS.1.1.1|CSTLPRECIO|0|0|0|0|0||||1|
22000130210|3|22007680|TUBO CUADRADO ESTRUCTURAL 2PULGADAS 6000MM CALIBRE 16 LAMINA ACEITADA Y DECAPADA|MP|Active||10|10|und|.125|.125|Proceso Tirar Operación|TRONZSILLA|MTS.1.1.1|CSTLPRECIO|0|0|0|0|0||||1|
22000130210|2|25024808|PARTE-CUERPO TAPA CUERPO COSTADO MESA DE JUNTAS LINK LKSO401041|AI|Active||20|10|und|2|2|Proceso Tirar Operación|DOBLADORAS|DOB.1.1.1|CSTLPRECIO|0|0|0|0|0||||1|
22000130210|3|22006037|LAMINA PLANA 4X8 ESPESOR 0.9MM|MP|Active||10|10|kg|.021753043|.021753043|Proceso Tirar Operación|CORTYPUNZ|CYP.1.1.1|CSTLPRECIO|0|0|0|0|0||||1|
22000130210|2|25107723|PARTE-DIAGONAL CUERPO COSTADO TERMINAL LINK LKSO625003|AI|Active||30|10|und|2|2|Proceso Tirar Operación|TRONZSILLA|TRS.1.1.1|CSTLPRECIO|0|0|0|0|0||||1|
22000130210|3|22007680|TUBO CUADRADO ESTRUCTURAL 2PULGADAS 6000MM CALIBRE 16 LAMINA ACEITADA Y DECAPADA|MP|Active||10|10|und|.0625|.0625|Proceso Tirar Operación|TRONZSILLA|MTS.1.1.1|CSTLPRECIO|0|0|0|0|0||||1|
22000130210|2|25107736|PARTE-OMEGA CUERPO COSTADO TERMINAL LINK LKSO625004|AI|Active||40|10|und|2|2|Proceso Tirar Operación|DOBLADORAS|DOB.1.1.1|CSTLPRECIO|0|0|0|0|0||||1|
22000130210|3|22008722|LAMINA PLANA CR 4X8 ESPESOR 1.90MM|MP|Active||10|10|kg|.09|.09|Proceso Tirar Operación|CORTYPUNZ|CYP.1.1.1|CSTLPRECIO|0|0|0|0|0||||1|
22000130210|2|25107724|PARTE-SOPORTE CUERPO COSTADO TERMINAL LINK LKSO625005|AI|Active||50|10|und|2|2|Proceso Tirar Operación|DOBLADORAS|DOB.1.1.1|CSTLPRECIO|0|0|0|0|0||||1|
22000130210|3|22008722|LAMINA PLANA CR 4X8 ESPESOR 1.90MM|MP|Active||10|10|kg|.42|.42|Proceso Tirar Operación|CORTYPUNZ|CYP.1.1.1|CSTLPRECIO|0|0|0|0|0||||1|
22000130210|2|25107733|PARTE-ESCUADRA COSTADO INTERMEDIO LINK LKSO626010|AI|Active||60|10|und|1|1|Proceso Tirar Operación|DOBLADORAS|DOB.1.1.1|CSTLPRECIO|0|0|0|0|0||||1|
22000130210|3|22008722|LAMINA PLANA CR 4X8 ESPESOR 1.90MM|MP|Active||10|10|kg|.08|.08|Proceso Tirar Operación|CORTYPUNZ|CYP.1.1.1|CSTLPRECIO|0|0|0|0|0||||1|
22000130210|2|25107720|PARTE-TRAVESAÑO 115CM CUERPO COSTADO TERMINAL LINK LKSO625002|AI|Active||70|10|und|1|1|Proceso Tirar Operación|TRONZSILLA|TRS.1.1.1|CSTLPRECIO|0|0|0|0|0||||1|
22000130210|3|22007680|TUBO CUADRADO ESTRUCTURAL 2PULGADAS 6000MM CALIBRE 16 LAMINA ACEITADA Y DECAPADA|MP|Active||10|10|und|.1|.1|Proceso Tirar Operación|TRONZSILLA|MTS.1.1.1|CSTLPRECIO|0|0|0|0|0||||1|
22000130210|1|22013269|SOPORTE NIVELADOR TUBO CUADRADO MPR060070|MP|Active||20|10|jg|2|2|Proceso Tirar Operación|MP_WIP|EN.1.1.1|CSTLPRECIO|0|0|0|0|0||||1|
22000130210|1|22000150|TUERCA  HEXAGONAL 5/16 ZINCADA|MP|Active||30|10|und|2|2|Proceso Tirar Operación|MP_WIP|EN.1.1.1|CSTLPRECIO|0|0|0|0|0||||1|
22000130210|1|22000320|NIVELADOR 5/16 X 1 1/2 MPR080075|MP|Active||40|10|und|2|2|Proceso Tirar Operación|MP_WIP|EN.1.1.1|CSTLPRECIO|0|0|0|0|0||||1|
22000130210|1|22011275|TUERCA REMACHABLE DE 5/16 HEXAGONAL BOLLHOFF|MP|Active||50|10|und|4|4|Proceso Tirar Operación|MP_WIP|EN.1.1.1|CSTLPRECIO|0|0|0|0|0||||1|
22000130210|1|22000261|TORNILLO CABEZA HEXAGONAL 5/16 X 3/4 ZINCADO|MP|Active||60|10|und|4|4|Proceso Tirar Operación|MP_WIP|EN.1.1.1|CSTLPRECIO|0|0|0|0|0||||1|
22000130210|1|22000197|TORNILLO CABEZA EXTRAPLANA 8 X 3/4 REF: S6075 ZINCADO|MP|Active||70|10|und|6|6|Proceso Tirar Operación|MP_WIP|EN.1.1.1|CSTLPRECIO|0|0|0|0|0||||1|
22000130210|1|22008555|GENERICO PINTURA EN POLVO MUEBLES|MP|Active||80|10|kg|.21|.21|Proceso Tirar Operación|MP_WIP|PI.1.1.1|CSTLPRECIO|0|0|0|0|0||||1|
22000130324|0|22000130324|MATERA 24X150X50CM AGLOMERADO RH + FORMICA ALMACENAMIENTO ALM3176000|AI|Active|||und|1|1|||...|CSTLPRECIO|0|0|0|0|0|||||
22000130324|1|25105941|PARTE-BASE 150X50CM MATERA ALM3176001|AI|Active||10|10|und|1|1|Proceso Tirar Operación|CARPINT|CSC.1.1.1|CSTLPRECIO|0|0|0|0|0||||1|
22000130324|2|22007284|AGLOMERADO RH CRUDO DE 1530X2440MM ESPESOR 18MM|MP|Active||10|10|und|.25|.25|Proceso Tirar Operación|CARPINT|AGL.1.1.1|CSTLPRECIO|0|0|0|0|0||||1|
22000130324|2|22008689|GENERICO FORMICA 1220MM X 2440MM F8|MP|Active||20|10|und|.5|.5|Proceso Tirar Operación|CARPINT|FOR.1.1.1|CSTLPRECIO|0|0|0|0|0||||1|
22000130324|2|22007604|FORMICA BACKER BLANCO REF: 2112 1220MM X 3060MM F6|MP|Active||30|10|und|.25|.25|Proceso Tirar Operación|CARPINT|FOR.1.1.1|CSTLPRECIO|0|0|0|0|0||||1|
22000130324|2|22008522|GENERICO CANTO PLANO DE 22MM ESPESOR 2MM|MP|Active||40|10|m|4.34|4.34|Proceso Tirar Operación|CARPINT|CTA.1.1.1|CSTLPRECIO|0|0|0|0|0||||1|
22000130324|1|25105943|PARTE-FRONTAL 24X150CM MATERA ALM3176002|AI|Active||20|10|und|2|2|Proceso Tirar Operación|CARPINT|CSC.1.1.1|CSTLPRECIO|0|0|0|0|0||||1|
22000130324|2|22007284|AGLOMERADO RH CRUDO DE 1530X2440MM ESPESOR 18MM|MP|Active||10|10|und|.17|.17|Proceso Tirar Operación|CARPINT|AGL.1.1.1|CSTLPRECIO|0|0|0|0|0||||1|
22000130324|2|22008689|GENERICO FORMICA 1220MM X 2440MM F8|MP|Active||20|10|und|.5|.5|Proceso Tirar Operación|CARPINT|FOR.1.1.1|CSTLPRECIO|0|0|0|0|0||||1|
22000130324|2|22008522|GENERICO CANTO PLANO DE 22MM ESPESOR 2MM|MP|Active||30|10|m|3.73|3.73|Proceso Tirar Operación|CARPINT|CTA.1.1.1|CSTLPRECIO|0|0|0|0|0||||1|
22000130324|1|25096516|PARTE-LATERAL 24X50CM MATERA ALM3176003|AI|Active||30|10|und|3|3|Proceso Tirar Operación|CARPINT|CSC.1.1.1|CSTLPRECIO|0|0|0|0|0||||1|
22000130324|2|22007284|AGLOMERADO RH CRUDO DE 1530X2440MM ESPESOR 18MM|MP|Active||10|10|und|.04|.04|Proceso Tirar Operación|CARPINT|AGL.1.1.1|CSTLPRECIO|0|0|0|0|0||||1|
22000130324|2|22008689|GENERICO FORMICA 1220MM X 2440MM F8|MP|Active||20|10|und|.08|.08|Proceso Tirar Operación|CARPINT|FOR.1.1.1|CSTLPRECIO|0|0|0|0|0||||1|
22000130324|2|22008522|GENERICO CANTO PLANO DE 22MM ESPESOR 2MM|MP|Active||30|10|m|1.48|1.48|Proceso Tirar Operación|CARPINT|CTA.1.1.1|CSTLPRECIO|0|0|0|0|0||||1|
22000130324|1|22006555|GENERICO TAPA MINIFIX|MP|Active||40|10|und|20|20|Proceso Tirar Operación|MP_WIP|EN.1.1.1|CSTLPRECIO|0|0|0|0|0||||1|
22000130324|1|22012909|CAM 3000 015X11.9MM|MP|Active||50|10|und|20|20|Proceso Tirar Operación|MP_WIP|EN.1.1.1|CSTLPRECIO|0|0|0|0|0||||1|
22000130324|1|22012910|COMBI DOWEL 34MM#2 PHILLIPS|MP|Active||60|10|und|20|20|Proceso Tirar Operación|MP_WIP|EN.1.1.1|CSTLPRECIO|0|0|0|0|0||||1|
22000130980|0|22000130980|TAPA INFERIOR SENCILLA DE 240CM MESA DE REUNIONES LINK LKAC827000||Active|||und|1|1|||...|CSTLPRECIO|0|0|0|0|0|||||
22000130980|1|25108987|ARMADA-TAPA INFERIOR SENCILLA DE 240 MESA DE REUNIONES LINK LKAC827001|AI|Active||10|10|und|1|1|Proceso Tirar Operación|SOLDADURA|SOL.1.1.1|CSTLPRECIO|0|0|0|0|0||||1|
22000130980|2|25108988|PARTE-CUERPO TAPA INFERIOR SENCILLA DE 240 MESA DE REUNIONES LINK LKAC827002|AI|Active||10|10|und|1|1|Proceso Tirar Operación|DOBLADORAS|DOB.1.1.1|CSTLPRECIO|0|0|0|0|0||||1|
22000130980|3|22006061|LAMINA PLANA 4X8 ESPESOR 0.75MM|MP|Active||10|10|kg|7.1|7.1|Proceso Tirar Operación|CORTYPUNZ|CYP.1.1.1|CSTLPRECIO|0|0|0|0|0||||1|
22000130980|2|25107710|PARTE-SEPARADOR CUERPO TAPA INFERIOR DE 240 MESA DE REUNIONES LINK LKAC827003|AI|Active||20|10|und|2|2|Proceso Tirar Operación|DOBLADORAS|DOB.1.1.1|CSTLPRECIO|0|0|0|0|0||||1|
22000130980|3|22006061|LAMINA PLANA 4X8 ESPESOR 0.75MM|MP|Active||10|10|kg|.28|.28|Proceso Tirar Operación|CORTYPUNZ|CYP.1.1.1|CSTLPRECIO|0|0|0|0|0||||1|
22000130980|1|22007761|TORNILLO CABEZA EXTRAPLANA 8 X  9/16 ZINCADO|MP|Active||20|10|und|8|8|Proceso Tirar Operación|MP_WIP|EN.1.1.1|CSTLPRECIO|0|0|0|0|0||||1|
22000130980|1|22008555|GENERICO PINTURA EN POLVO MUEBLES|MP|Active||30|10|kg|.41|.41|Proceso Tirar Operación|MP_WIP|PI.1.1.1|CSTLPRECIO|0|0|0|0|0||||1|
22000130982|0|22000130982|TAPA TERMINAL SENCILLA MESA DE REUNIONES LINK LKAC829000|AI|Active|||und|1|1|||...|CSTLPRECIO|0|0|0|0|0|||||
22000130982|1|25108991|PARTE-CUERPO TAPA TERMINAL SENCILLA LINK LKAC829001|AI|Active||10|10|und|1|1|Proceso Tirar Operación|DOBLADORAS|DOB.1.1.1|CSTLPRECIO|0|0|0|0|0||||1|
22000130982|2|22006061|LAMINA PLANA 4X8 ESPESOR 0.75MM|MP|Active||10|10|kg|.73|.73|Proceso Tirar Operación|CORTYPUNZ|CYP.1.1.1|CSTLPRECIO|0|0|0|0|0||||1|
22000130982|1|22007761|TORNILLO CABEZA EXTRAPLANA 8 X  9/16 ZINCADO|MP|Active||20|10|und|4|4|Proceso Tirar Operación|MP_WIP|EN.1.1.1|CSTLPRECIO|0|0|0|0|0||||1|
22000130982|1|22008555|GENERICO PINTURA EN POLVO MUEBLES|MP|Active||30|10|kg|.04|.04|Proceso Tirar Operación|MP_WIP|PI.1.1.1|CSTLPRECIO|0|0|0|0|0||||1|
22000131228|0|22000131228|SOPORTE 4 TOMAS SENCILLO PINTADO LINK LKAC838000|AI|Active|||und|1|1|||...|CSTLPRECIO|0|0|0|0|0|||||
22000131228|1|25106799|PARTE-CUERPO SOPORTE 4 TOMAS SENCILLO LINK LKAC838001|AI|Active||10|10|und|1|1|Proceso Tirar Operación|DOBLADORAS|DOB.1.1.1|CSTLPRECIO|0|0|0|0|0||||1|
22000131228|2|22006037|LAMINA PLANA 4X8 ESPESOR 0.9MM|MP|Active||10|10|kg|2.18|2.18|Proceso Tirar Operación|CORTYPUNZ|CYP.1.1.1|CSTLPRECIO|0|0|0|0|0||||1|
22000131228|1|25087788|PARTE-SOPORTE TOMA DUCTO CABLEADO DOBLE TEK TKSO080040|AI|Active||20|10|und|1|1|Proceso Tirar Operación|DOBLADORAS|DOB.1.1.1|CSTLPRECIO|0|0|0|0|0||||1|
22000131228|2|22006037|LAMINA PLANA 4X8 ESPESOR 0.9MM|MP|Active||10|10|kg|.27|.27|Proceso Tirar Operación|CORTYPUNZ|CYP.1.1.1|CSTLPRECIO|0|0|0|0|0||||1|
22000131228|1|22000197|TORNILLO CABEZA EXTRAPLANA 8 X 3/4 REF: S6075 ZINCADO|MP|Active||30|10|und|4|4|Proceso Tirar Operación|MP_WIP|EN.1.1.1|CSTLPRECIO|0|0|0|0|0||||1|
22000131228|1|22008555|GENERICO PINTURA EN POLVO MUEBLES|MP|Active||40|10|kg|.2|.2|Proceso Tirar Operación|MP_WIP|PI.1.1.1|CSTLPRECIO|0|0|0|0|0||||1|
22000131315|0|22000131315|DUCTO BAJANTE SENCILLO SLIM LINK LKAC840000|AI|Active|||und|1|1|||...|CSTLPRECIO|0|0|0|0|0|||||
22000131315|1|25109574|ARMADA-DUCTO BAJANTE SENCILLO SLIM LKAC840001|AI|Active||10|10|und|2|2|Proceso Tirar Operación|SOLDADURA|SOL.1.1.1|CSTLPRECIO|0|0|0|0|0||||1|
22000131315|2|25109576|PARTE-CUERPO DUCTO BAJANTE SENCILLO SLIM LKAC840001|AI|Active||10|10|und|1|1|Proceso Tirar Operación|DOBLADORAS|DOB.1.1.1|CSTLPRECIO|0|0|0|0|0||||1|
22000131315|3|22006061|LAMINA PLANA 4X8 ESPESOR 0.75MM|MP|Active||10|10|kg|1.37|1.37|Proceso Tirar Operación|CORTYPUNZ|CYP.1.1.1|CSTLPRECIO|0|0|0|0|0||||1|
22000131315|2|25109578|PARTE-SEPARADOR DUCTO BAJANTE SLIM LKAC840003|AI|Active||20|10|und|1|1|Proceso Tirar Operación|DOBLADORAS|DOB.1.1.1|CSTLPRECIO|0|0|0|0|0||||1|
22000131315|3|22006061|LAMINA PLANA 4X8 ESPESOR 0.75MM|MP|Active||10|10|kg|.13|.13|Proceso Tirar Operación|CORTYPUNZ|CYP.1.1.1|CSTLPRECIO|0|0|0|0|0||||1|
22000131315|1|22000159|TORNILLO AUTOPERFORANTE CABEZA EXTRAPLANA 8 X 1/2 REF:234 ZINCADO NEGRO|MP|Active||20|10|und|8|8|Proceso Tirar Operación|MP_WIP|EN.1.1.1|CSTLPRECIO|0|0|0|0|0||||1|
22000131315|1|22000168|TORNILLO ANCLAJE NYLON 3/16 X 1.1/4 REF: NR-3114|MP|Active||30|10|und|2|2|Proceso Tirar Operación|MP_WIP|EN.1.1.1|CSTLPRECIO|0|0|0|0|0||||1|
22000131315|1|22008555|GENERICO PINTURA EN POLVO MUEBLES|MP|Active||40|10|kg|.15|.15|Proceso Tirar Operación|MP_WIP|PI.1.1.1|CSTLPRECIO|0|0|0|0|0||||1|
22122002359|0|22122002359|VERTEBRA PLASTICA GRIS CLARO|PTD|Active|||und|1|1|||...|CSTLPRECIO|0|0|0|0|0|||||
22189410488|0|22189410488|LAMINA Y COMPLEMENTO UNION SUPERFICIES ACCESORIO MULTIPLE MAC390000|AI|Active|||und|1|1|||...|CSTLPRECIO|0|0|0|0|0|||||
22189410488|1|25005244|PARTE-LAMINA UNION SUPERFICIES MULTIPLE MAC390020|AI|Active||10|10|und|1|1|Proceso Tirar Operación|DOBLADORAS|DOB.1.1.1|CSTLPRECIO|0|0|0|0|0||||1|
22189410488|2|22008722|LAMINA PLANA CR 4X8 ESPESOR 1.90MM|MP|Active||10|10|kg|.2432448|.2432448|Proceso Tirar Operación|CORTYPUNZ|CYP.1.1.1|CSTLPRECIO|0|0|0|0|0||||1|
22189410488|1|25005228|PARTE-COMPLEMENTO LAMINA UNION SUPERFICIES MULTIPLE MAC390010|AI|Active||20|10|und|1|1|Proceso Tirar Operación|DOBLADORAS|DOB.1.1.1|CSTLPRECIO|0|0|0|0|0||||1|
22189410488|2|22008319|LAMINA PLANA HR 4X8  ESPESOR 2.5MM|MP|Active||20|10|kg|.0283908|.0283908|Proceso Tirar Operación|CORTYPUNZ|CYP.1.1.1|CSTLPRECIO|0|0|0|0|0||||1|
22189410488|1|22000197|TORNILLO CABEZA EXTRAPLANA 8 X 3/4 REF: S6075 ZINCADO|MP|Active||30|10|und|8|8|Proceso Tirar Operación|MP_WIP|EN.1.1.1|CSTLPRECIO|0|0|0|0|0||||1|
22189410488|1|22024959|PINTURA GRIS PARDO MICROTEXTURIZADO M 4367022425 POLIESTER SIN TIG (HOMOLOGO NOPAL)|MP|Active||40|10|kg|.004208|.004208|Proceso Tirar Operación|MP_WIP|PI.1.1.1|CSTLPRECIO|0|0|0|0|0||||1|
22189410488|1|22001409|EMPAQUE BISELES X 8 UNIDADES|ME|Active||50|10|und|.02|.02|Proceso Tirar Operación|MP_WIP|EN.1.1.1|CSTLPRECIO|0|0|0|0|0||||1|
22191200753|0|22191200753|BAJANTE 300 BOCC MULTIPLE MAC080000||Active|||und|1|1|||...|CSTLPRECIO|0|0|0|0|0|||||
22191200753|1|22000661|PIN INSEPARABLE MPR050000|MP|Active||10|10|und|2|2|Proceso Tirar Operación|MP_WIP|EN.1.1.1|CSTLPRECIO|0|0|0|0|0||||1|
22191200753|1|22000185|REMACHE POP 4-3|MP|Active||20|10|und|18|18|Proceso Tirar Operación|MP_WIP|EN.1.1.1|CSTLPRECIO|0|0|0|0|0||||1|
22191200753|1|25008890|PARTE-ESCUADRA FIJACION MARCO PUERTA MMP070060|AI|Active||35|10|und|2|2|Proceso Tirar Operación|DOBLADORAS|DOB.1.1.1|CSTLPRECIO|0|0|0|0|0||||1|
22191200753|2|22006027|LAMINA PLANA 4X8 ESPESOR 1.20MM|MP|Active||20|10|kg|.018556227|.018556227|Proceso Tirar Operación|CORTYPUNZ|CYP.1.1.1|CSTLPRECIO|0|0|0|0|0||||1|
22191200753|1|22008548|GENERICO CINTA TERMINAL 3000MM MPL|MP|Active||40|10|und|4.2|4.2|Proceso Tirar Operación|MP_WIP|EN.1.1.1|CSTLPRECIO|0|0|0|0|0||||1|
22191200753|1|25003766|PARTE-PERFIL ALUMINIO OFI-033 DUCTO BAJANTE DE 300 (CORTE 2996.0MM) MAC080040|AI|Active||50|10|und|1|1|Proceso Tirar Operación|ALUMINIOS|ALU.1.1.1|CSTLPRECIO|0|0|0|0|0||||1|
22191200753|2|22000845|ALUMINIO OFI-033 DE 6000MM CRUDO MPR030049 REV 00|MP|Active||10|10|und|.535|.535|Proceso Tirar Operación|ALUMINIOS|MPA.1.1.1|CSTLPRECIO|0|0|0|0|0||||1|
22191200753|1|25003903|PARTE-U INTERNA COLUMNA DOBLE MAC460020|AI|Active||120|10|und|5|5|Proceso Tirar Operación|DOBLADORAS|DOB.1.1.1|CSTLPRECIO|0|0|0|0|0||||1|
22191200753|2|22006027|LAMINA PLANA 4X8 ESPESOR 1.20MM|MP|Active||10|10|kg|.050285785|.050285785|Proceso Tirar Operación|CORTYPUNZ|CYP.1.1.1|CSTLPRECIO|0|0|0|0|0||||1|
22191200753|1|22008555|GENERICO PINTURA EN POLVO MUEBLES|MP|Active||190|10|kg|.00130872|.00130872|Proceso Tirar Operación|MP_WIP|PI.1.1.1|CSTLPRECIO|0|0|0|0|0||||1|
22191300220|0|22191300220|ENGANCHE EN X DERECHO ACCESORIO MULTIPLE MSO130000|AI|Active|||und|1|1|||...|CSTLPRECIO|0|0|0|0|0|||||
22191300220|1|22000197|TORNILLO CABEZA EXTRAPLANA 8 X 3/4 REF: S6075 ZINCADO|MP|Active||15|10|und|1|1|Proceso Tirar Operación|MP_WIP|EN.1.1.1|CSTLPRECIO|0|0|0|0|0||||1|
22191300220|1|22000664|SEGURO PARA ENGANCHE MPR050033|MP|Active||20|10|und|1|1|Proceso Tirar Operación|MP_WIP|EN.1.1.1|CSTLPRECIO|0|0|0|0|0||||1|
22191300220|1|22008555|GENERICO PINTURA EN POLVO MUEBLES|MP|Active||30|10|kg|.002142459|.002142459|Proceso Tirar Operación|MP_WIP|PI.1.1.1|CSTLPRECIO|0|0|0|0|0||||1|
22191300220|1|25005242|PARTE-GANCHO ENGANCHE EN X DERECHO MULTIPLE MSO130010|AI|Active||50|10|und|1|1|Proceso Tirar Operación|DOBLADORAS|DOB.1.1.1|CSTLPRECIO|0|0|0|0|0||||1|
22191300220|2|22008722|LAMINA PLANA CR 4X8 ESPESOR 1.90MM|MP|Active||10|10|kg|.12906647|.12906647|Proceso Tirar Operación|CORTYPUNZ|CYP.1.1.1|CSTLPRECIO|0|0|0|0|0||||1|
22191300220|1|22001410|EMPAQUE COLUMNA X 8 UNIDADES|ME|Active||60|10|und|.1|.1|Proceso Tirar Operación|MP_WIP|EN.1.1.1|CSTLPRECIO|0|0|0|0|0||||1|
22191300221|0|22191300221|ENGANCHE EN X IZQUIERDO ACCESORIO MULTIPLE MSO130000|AI|Active|||und|1|1|||...|CSTLPRECIO|0|0|0|0|0|||||
22191300221|1|22000197|TORNILLO CABEZA EXTRAPLANA 8 X 3/4 REF: S6075 ZINCADO|MP|Active||15|10|und|1|1|Proceso Tirar Operación|MP_WIP|EN.1.1.1|CSTLPRECIO|0|0|0|0|0||||1|
22191300221|1|22000664|SEGURO PARA ENGANCHE MPR050033|MP|Active||20|10|und|1|1|Proceso Tirar Operación|MP_WIP|EN.1.1.1|CSTLPRECIO|0|0|0|0|0||||1|
22191300221|1|22008555|GENERICO PINTURA EN POLVO MUEBLES|MP|Active||30|10|kg|.002142459|.002142459|Proceso Tirar Operación|MP_WIP|PI.1.1.1|CSTLPRECIO|0|0|0|0|0||||1|
22191300221|1|25005243|PARTE-GANCHO ENGANCHE EN X IZQUEIRDO MULTIPLE MSO130010|AI|Active||50|10|und|1|1|Proceso Tirar Operación|DOBLADORAS|DOB.1.1.1|CSTLPRECIO|0|0|0|0|0||||1|
22191300221|2|22008722|LAMINA PLANA CR 4X8 ESPESOR 1.90MM|MP|Active||10|10|kg|.12906647|.12906647|Proceso Tirar Operación|CORTYPUNZ|CYP.1.1.1|CSTLPRECIO|0|0|0|0|0||||1|
22191300221|1|22001410|EMPAQUE COLUMNA X 8 UNIDADES|ME|Active||60|10|und|.1|.1|Proceso Tirar Operación|MP_WIP|EN.1.1.1|CSTLPRECIO|0|0|0|0|0||||1|
22191400317|0|22191400317|BALDOSA TELA GAMA 2 38X60X1.5CM LINK MULTIPLE-CRITTERIUM-FISSO MBA010000||Active|||und|1|1|||...|CSTLPRECIO|0|0|0|0|0|||||
22191400317|1|22008692|AGLOMERADO CRUDO DE 1830X2440MM ESPESOR 15MM|MP|Active||10|10|und|.053253694|.053253694|Proceso Tirar Operación|CARPINT|AGL.1.1.1|CSTLPRECIO|0|0|0|0|0||||1|
22191400317|1|22021827|GENERICO TELA GAMA 2|MP|Active||20|10|m|.2191068|.2191068|Proceso Tirar Operación|CARPINT|TEL.1.1.1|CSTLPRECIO|0|0|0|0|0||||1|
22191400317|1|22000663|TAMBOR DE PRESION BALDOSA MPL MPR050001|MP|Active||30|10|und|4|4|Proceso Tirar Operación|CARPINT|MPC.1.1.1|CSTLPRECIO|0|0|0|0|0||||1|
22191400317|1|22000656|PIN INSEPARABLE SIS8 MPR050056|MP|Active||40|10|und|4|4|Proceso Tirar Operación|CARPINT|MPC.1.1.1|CSTLPRECIO|0|0|0|0|0||||1|
22191400317|1|22006990|EMPAQUE CAJA BALDOSA TELA MPL - CRIT 38X60CM|ME|Active||60|10|und|.1|.1|Proceso Tirar Operación|CARPINT|MPC.1.1.1|CSTLPRECIO|0|0|0|0|0||||1|
22191400319|0|22191400319|BALDOSA TELA GAMA 2 38X90X1.5CM LINK MULTIPLE-CRITTERIUM-FISSO MBA010000||Active|||und|1|1|||...|CSTLPRECIO|0|0|0|0|0|||||
22191400319|1|22008692|AGLOMERADO CRUDO DE 1830X2440MM ESPESOR 15MM|MP|Active||10|10|und|.097631773|.097631773|Proceso Tirar Operación|CARPINT|AGL.1.1.1|CSTLPRECIO|0|0|0|0|0||||1|
22191400319|1|22021827|GENERICO TELA GAMA 2|MP|Active||20|10|m|.3231068|.3231068|Proceso Tirar Operación|CARPINT|TEL.1.1.1|CSTLPRECIO|0|0|0|0|0||||1|
22191400319|1|22000663|TAMBOR DE PRESION BALDOSA MPL MPR050001|MP|Active||30|10|und|4|4|Proceso Tirar Operación|CARPINT|MPC.1.1.1|CSTLPRECIO|0|0|0|0|0||||1|
22191400319|1|22000656|PIN INSEPARABLE SIS8 MPR050056|MP|Active||40|10|und|4|4|Proceso Tirar Operación|CARPINT|MPC.1.1.1|CSTLPRECIO|0|0|0|0|0||||1|
22191400320|0|22191400320|BALDOSA TELA GAMA 2 38X120X1.5CM LINK MULTIPLE-CRITTERIUM-FISSO MBA010000||Active|||und|1|1|||...|CSTLPRECIO|0|0|0|0|0|||||
22191400320|1|22008692|AGLOMERADO CRUDO DE 1830X2440MM ESPESOR 15MM|MP|Active||10|10|und|.115383004|.115383004|Proceso Tirar Operación|CARPINT|AGL.1.1.1|CSTLPRECIO|0|0|0|0|0||||1|
22191400320|1|22021827|GENERICO TELA GAMA 2|MP|Active||20|10|m|.4240777|.4240777|Proceso Tirar Operación|CARPINT|TEL.1.1.1|CSTLPRECIO|0|0|0|0|0||||1|
22191400320|1|22000663|TAMBOR DE PRESION BALDOSA MPL MPR050001|MP|Active||30|10|und|4|4|Proceso Tirar Operación|CARPINT|MPC.1.1.1|CSTLPRECIO|0|0|0|0|0||||1|
22191400320|1|22000656|PIN INSEPARABLE SIS8 MPR050056|MP|Active||40|10|und|4|4|Proceso Tirar Operación|CARPINT|MPC.1.1.1|CSTLPRECIO|0|0|0|0|0||||1|
22191401666|0|22191401666|COMPLEMENTO TECLADO METALICO PARA SUPERFICIE DE ESPESOR 30MM ACCESORIO MULTIPLE MAC950000|AI|Active|||und|1|1|||...|CSTLPRECIO|0|0|0|0|0|||||
22191401666|1|22008555|GENERICO PINTURA EN POLVO MUEBLES|MP|Active||10|10|kg|.0812177|.0812177|Proceso Tirar Operación|MP_WIP|PI.1.1.1|CSTLPRECIO|0|0|0|0|0||||1|
22191401666|1|22001402|EMPAQUE REPISA METALICA 2 UNIDADES|ME|Active||20|10|und|.1|.1|Proceso Tirar Operación|MP_WIP|EN.1.1.1|CSTLPRECIO|0|0|0|0|0||||1|
22191401666|1|25005229|PARTE-COMPLEMENTO SUPERFICIE 30MM SOPORTE TECLADO TRIANGULAR MULTIPLE MAC950000|AI|Active||30|10|und|1|1|Proceso Tirar Operación|DOBLADORAS|DOB.1.1.1|CSTLPRECIO|0|0|0|0|0||||1|
22191401666|2|22006027|LAMINA PLANA 4X8 ESPESOR 1.20MM|MP|Active||10|10|kg|3.9208944|3.9208944|Proceso Tirar Operación|CORTYPUNZ|CYP.1.1.1|CSTLPRECIO|0|0|0|0|0||||1|
22191401666|1|22000197|TORNILLO CABEZA EXTRAPLANA 8 X 3/4 REF: S6075 ZINCADO|MP|Active||40|10|und|2|2|Proceso Tirar Operación|MP_WIP|EN.1.1.1|CSTLPRECIO|0|0|0|0|0||||1|
22191700325|0|22191700325|SUPERFICIE PRINCIPAL RECTA UNICOR CON FORMICA 90X60X3CM SPR010010|AI|Active|||und|1|1|||...|CSTLPRECIO|0|0|0|0|0|||||
22191700325|1|25030664|CANTEADO-SUPERFICIE PRINCIPAL RECTA FORMICA 90X60X3CM SPR010010|AI|Active||180|20|und|1|1|Proceso Tirar Operación|CANTEADO|CNT.1.1.1|CSTLPRECIO|0|0|0|0|0||||1|
22191700325|2|25031983|PRENSADO-SUPERFICIE PRINCIPAL RECTA FORMICA 90X60X3CM SPR010010|AI|Active||10|10|und|1|1|Proceso Tirar Operación|PRENSADO|PRE.1.1.1|CSTLPRECIO|0|0|0|0|0||||1|
22191700325|3|22015818|UNICOR POLAR SIN BALANCE DE 1830X2440MM ESPESOR 30MM|MP|Active||10|10|und|.139819226|.139819226|Proceso Tirar Operación|CARPINT|AGL.1.1.1|CSTLPRECIO|0|0|0|0|0||||1|
22191700325|3|22008689|GENERICO FORMICA 1220MM X 2440MM F8|MP|Active||20|10|und|.25|.25|Proceso Tirar Operación|CARPINT|FOR.1.1.1|CSTLPRECIO|0|0|0|0|0||||1|
22191700325|2|22008524|GENERICO CANTO DE 35MM ESPESOR 2MM|MP|Active||20|10|m|3.2580421|3.2580421|Proceso Tirar Operación|CARPINT|CTA.1.1.1|CSTLPRECIO|0|0|0|0|0||||1|
22191700363|0|22191700363|SUPERFICIE PRINCIPAL RECTA UNICOR CON FORMICA 180X60X3CM SPR010100|AI|Active|||und|1|1|||...|CSTLPRECIO|0|0|0|0|0|||||
22191700363|1|25030698|CANTEADO-SUPERFICIE PRINCIPAL RECTA FORMICA 180X60X3CM SPR010100|AI|Active||10|10|und|1|1|Proceso Tirar Operación|CANTEADO|CNT.1.1.1|CSTLPRECIO|0|0|0|0|0||||1|
22191700363|2|25032017|PRENSADO-SUPERFICIE PRINCIPAL RECTA FORMICA 180X60X3CM SPR010100|AI|Active||10|10|und|1|1|Proceso Tirar Operación|PRENSADO|PRE.1.1.1|CSTLPRECIO|0|0|0|0|0||||1|
22191700363|3|22015818|UNICOR POLAR SIN BALANCE DE 1830X2440MM ESPESOR 30MM|MP|Active||10|10|und|.31|.31|Proceso Tirar Operación|CARPINT|AGL.1.1.1|CSTLPRECIO|0|0|0|0|0||||1|
22191700363|3|22008689|GENERICO FORMICA 1220MM X 2440MM F8|MP|Active||20|10|und|.5|.5|Proceso Tirar Operación|CARPINT|FOR.1.1.1|CSTLPRECIO|0|0|0|0|0||||1|
22191700363|2|22008524|GENERICO CANTO DE 35MM ESPESOR 2MM|MP|Active||20|10|m|5.2|5.2|Proceso Tirar Operación|CARPINT|CTA.1.1.1|CSTLPRECIO|0|0|0|0|0||||1|
22191700777|0|22191700777|SUPERFICIE PRINCIPAL RECTA UNICOR CON FORMICA 105X60X3CM SPR010010|AI|Active|||und|1|1|||...|CSTLPRECIO|0|0|0|0|0|||||
22191700777|1|25030731|CANTEADO-SUPERFICIE PRINCIPAL RECTA FORMICA 105X60X3CM SPR010010|AI|Active||10|20|und|1|1|Proceso Tirar Operación|CANTEADO|CNT.1.1.1|CSTLPRECIO|0|0|0|0|0||||1|
22191700777|2|25032050|PRENSADO-SUPERFICIE PRINCIPAL RECTA FORMICA 105X60X3CM SPR010010|AI|Active||10|10|und|1|1|Proceso Tirar Operación|PRENSADO|PRE.1.1.1|CSTLPRECIO|0|0|0|0|0||||1|
22191700777|3|22015818|UNICOR POLAR SIN BALANCE DE 1830X2440MM ESPESOR 30MM|MP|Active||10|10|und|.20692623|.20692623|Proceso Tirar Operación|CARPINT|AGL.1.1.1|CSTLPRECIO|0|0|0|0|0||||1|
22191700777|3|22008689|GENERICO FORMICA 1220MM X 2440MM F8|MP|Active||20|10|und|.25|.25|Proceso Tirar Operación|CARPINT|FOR.1.1.1|CSTLPRECIO|0|0|0|0|0||||1|
22191700777|2|22008524|GENERICO CANTO DE 35MM ESPESOR 2MM|MP|Active||20|10|m|3.5838463|3.5838463|Proceso Tirar Operación|CARPINT|CTA.1.1.1|CSTLPRECIO|0|0|0|0|0||||1|
22191700823|0|22191700823|SUPERFICIE REUNION CIRCULAR FORMICA DIAMETRO 90CM SRE010020|AI|Active|||und|1|1|||...|CSTLPRECIO|0|0|0|0|0|||||
22191700823|1|25030739|CANTEADO-SUPERFICIE REUNION CIRCULAR FORMICA DIAMETRO 90CM SRE010020|AI|Active||20|20|und|1|1|Proceso Tirar Operación|CANTEADO|CNT.1.1.1|CSTLPRECIO|0|0|0|0|0||||1|
22191700823|2|25032058|PRENSADO-SUPERFICIE REUNION CIRCULAR FORMICA DIAMETRO 90CM SRE010020|AI|Active||10|10|und|1|1|Proceso Tirar Operación|PRENSADO|PRE.1.1.1|CSTLPRECIO|0|0|0|0|0||||1|
22191700823|3|22015818|UNICOR POLAR SIN BALANCE DE 1830X2440MM ESPESOR 30MM|MP|Active||10|10|und|.26|.26|Proceso Tirar Operación|CARPINT|AGL.1.1.1|CSTLPRECIO|0|0|0|0|0||||1|
22191700823|3|22008689|GENERICO FORMICA 1220MM X 2440MM F8|MP|Active||20|10|und|.5|.5|Proceso Tirar Operación|CARPINT|FOR.1.1.1|CSTLPRECIO|0|0|0|0|0||||1|
22191700823|2|22008524|GENERICO CANTO DE 35MM ESPESOR 2MM|MP|Active||20|10|m|3.91|3.91|Proceso Tirar Operación|CARPINT|CTA.1.1.1|CSTLPRECIO|0|0|0|0|0||||1|
22191702186|0|22191702186|PIE DE AMIGO MCAC940000|AI|Active|||und|1|1|||...|CSTLPRECIO|0|0|0|0|0|||||
22191702186|1|22008555|GENERICO PINTURA EN POLVO MUEBLES|MP|Active||10|10|kg|.0101335|.0101335|Proceso Tirar Operación|MP_WIP|PI.1.1.1|CSTLPRECIO|0|0|0|0|0||||1|
22191702186|1|25005923|PARTE-PIE DE AMIGO VIGA MAYOR CAPACIDAD MCAC940000|AI|Active||20|10|und|1|1|Proceso Tirar Operación|DOBLADORAS|DOB.1.1.1|CSTLPRECIO|0|0|0|0|0||||1|
22191702186|2|22008722|LAMINA PLANA CR 4X8 ESPESOR 1.90MM|MP|Active||10|10|kg|.61189|.61189|Proceso Tirar Operación|CORTYPUNZ|CYP.1.1.1|CSTLPRECIO|0|0|0|0|0||||1|
22191702186|1|22001402|EMPAQUE REPISA METALICA 2 UNIDADES|ME|Active||30|10|und|.02|.02|Proceso Tirar Operación|MP_WIP|EN.1.1.1|CSTLPRECIO|0|0|0|0|0||||1|
22191702186|1|22000197|TORNILLO CABEZA EXTRAPLANA 8 X 3/4 REF: S6075 ZINCADO|MP|Active||40|10|und|1|1|Proceso Tirar Operación|MP_WIP|EN.1.1.1|CSTLPRECIO|0|0|0|0|0||||1|
22191702582|0|22191702582|SUPERFICIE REUNION CIRCULAR FORMICA DIAMETRO 80CM SRE010020||Active|||und|1|1|||...|CSTLPRECIO|0|0|0|0|0|||||
22191702582|1|25030871|CANTEADO-SUPERFICIE REUNION CIRCULAR FORMICA DIAMETRO 80CM SRE010020|AI|Active||180|20|und|1|1|Proceso Tirar Operación|CANTEADO|CNT.1.1.1|CSTLPRECIO|0|0|0|0|0||||1|
22191702582|2|25032190|PRENSADO-SUPERFICIE REUNION CIRCULAR FORMICA DIAMETRO 80CM SRE010020|AI|Active||10|10|und|1|1|Proceso Tirar Operación|PRENSADO|PRE.1.1.1|CSTLPRECIO|0|0|0|0|0||||1|
22191702582|3|22015818|UNICOR POLAR SIN BALANCE DE 1830X2440MM ESPESOR 30MM|MP|Active||10|10|und|.273142623|.273142623|Proceso Tirar Operación|CARPINT|AGL.1.1.1|CSTLPRECIO|0|0|0|0|0||||1|
22191702582|3|22008689|GENERICO FORMICA 1220MM X 2440MM F8|MP|Active||20|10|und|.33|.33|Proceso Tirar Operación|CARPINT|FOR.1.1.1|CSTLPRECIO|0|0|0|0|0||||1|
22191702582|2|22008524|GENERICO CANTO DE 35MM ESPESOR 2MM|MP|Active||20|10|m|3.45|3.45|Proceso Tirar Operación|CARPINT|CTA.1.1.1|CSTLPRECIO|0|0|0|0|0||||1|
22191900002|0|22191900002|MARCO PANEL MEDIA ALTURA 90X60X8CM LINK CRITTERIUM CRMA010001||Active|||und|1|1|||...|CSTLPRECIO|0|0|0|0|0|||||
22191900002|1|25000974|ARMADA-MARCO PANEL CRITERIUM DE 60X90 CRMA011000|AI|Active||10|10|und|1|1|Proceso Tirar Operación|SOLDADURA|SOL.1.1.1|CSTLPRECIO|0|0|0|0|0||||1|
22191900002|2|25000662|PARTE-PARAL DE 90 MARCO PANEL MEDIA ALTURA CRITERIUM CRMA011010|AI|Active||10|10|und|2|2|Proceso Tirar Operación|DOBLADORAS|DOB.1.1.1|CSTLPRECIO|0|0|0|0|0||||1|
22191900002|3|22006027|LAMINA PLANA 4X8 ESPESOR 1.20MM|MP|Active||10|10|kg|1.46905356|1.46905356|Proceso Tirar Operación|CORTYPUNZ|CYP.1.1.1|CSTLPRECIO|0|0|0|0|0||||1|
22191900002|2|25023332|PARTE-TRAVESAÑO SUPERIOR 60CM MARCO PANEL CRITTERIUM CRMA011021|AI|Active||20|10|und|1|1|Proceso Tirar Operación|TRONZSILLA|TRS.1.1.1|CSTLPRECIO|0|0|0|0|0||||1|
22191900002|3|22000914|TUBO RECTANGULAR  DE 20MM X 40MM 6000MM CALIBRE 20|MP|Active||10|10|und|.08333|.08333|Proceso Tirar Operación|TRONZSILLA|MTS.1.1.1|CSTLPRECIO|0|0|0|0|0||||1|
22191900002|2|25060967|PARTE-TRAVESAÑO INFERIOR MARCO PANEL CRITERIUM DE 60CM CRMA011030|AI|Active||30|10|und|1|1|Proceso Tirar Operación|TRONZSILLA|TRS.1.1.1|CSTLPRECIO|0|0|0|0|0||||1|
22191900002|3|22000916|TUBO RECTANGULAR  DE 1/2 X 1 6000MM CALIBRE 20|MP|Active||10|10|und|.105|.105|Proceso Tirar Operación|TRONZSILLA|MTS.1.1.1|CSTLPRECIO|0|0|0|0|0||||1|
22191900002|2|25060964|PARTE-PIVOTE NIVELADOR MARCO PANEL CRITTERIUM CRMA011040|AI|Active||40|10|und|2|2|Proceso Tirar Operación|TRONZSILLA|TRS.1.1.1|CSTLPRECIO|0|0|0|0|0||||1|
22191900002|3|22000916|TUBO RECTANGULAR  DE 1/2 X 1 6000MM CALIBRE 20|MP|Active||10|10|und|.01944|.01944|Proceso Tirar Operación|TRONZSILLA|MTS.1.1.1|CSTLPRECIO|0|0|0|0|0||||1|
22191900002|2|25060975|PARTE-BANDEJA INTERMEDIA ZOCALO MARCO PANEL 60CM MULTIPLE CRITTERIUM CRMA011050|AI|Active||50|10|und|1|1|Proceso Tirar Operación|DOBLADORAS|DOB.1.1.1|CSTLPRECIO|0|0|0|0|0||||1|
22191900002|3|22006027|LAMINA PLANA 4X8 ESPESOR 1.20MM|MP|Active||10|10|kg|.55766345|.55766345|Proceso Tirar Operación|CORTYPUNZ|CYP.1.1.1|CSTLPRECIO|0|0|0|0|0||||1|
22191900002|2|25060983|PARTE-BANDEJA SELLA PISO ZOCALO MARCO PANEL 60CM MULTIPLE CRITTERIUM CRMA011060|AI|Active||60|10|und|1|1|Proceso Tirar Operación|DOBLADORAS|DOB.1.1.1|CSTLPRECIO|0|0|0|0|0||||1|
22191900002|3|22006027|LAMINA PLANA 4X8 ESPESOR 1.20MM|MP|Active||10|10|kg|.55766345|.55766345|Proceso Tirar Operación|CORTYPUNZ|CYP.1.1.1|CSTLPRECIO|0|0|0|0|0||||1|
22191900002|1|25015078|ARMADA-BISEL SUPERIOR MARCO PANEL MEDIA ALTURA CRITERIUM DE 60 CRMA013010|AI|Active||20|10|und|1|1|Proceso Tirar Operación|SOLDADURA|SOL.1.1.1|CSTLPRECIO|0|0|0|0|0||||1|
22191900002|2|25000697|PARTE-BISEL SUPERIOR MARCO PANEL MEDIA ALTURA CRITERIUM DE 60 CRMA013011|AI|Active||10|10|und|1|1|Proceso Tirar Operación|DOBLADORAS|DOB.1.1.1|CSTLPRECIO|0|0|0|0|0||||1|
22191900002|3|22006037|LAMINA PLANA 4X8 ESPESOR 0.9MM|MP|Active||10|10|kg|.67701837|.67701837|Proceso Tirar Operación|CORTYPUNZ|CYP.1.1.1|CSTLPRECIO|0|0|0|0|0||||1|
22191900002|2|25018074|PARTE-SOPORTE PIN BISEL SUPERIOR MARCO PANEL CRITTERIUM CRMA013012|AI|Active||20|10|und|2|2|Proceso Tirar Operación|DOBLADORAS|DOB.1.1.1|CSTLPRECIO|0|0|0|0|0||||1|
22191900002|3|22006027|LAMINA PLANA 4X8 ESPESOR 1.20MM|MP|Active||10|10|kg|.04248399|.04248399|Proceso Tirar Operación|CORTYPUNZ|CYP.1.1.1|CSTLPRECIO|0|0|0|0|0||||1|
22191900002|1|25000727|PARTE-TAPA LUZ HORIZONTAL MARCO CRITERIUM DE 60 CRMA010022|AI|Active||30|10|und|1|1|Proceso Tirar Operación|DOBLADORAS|DOB.1.1.1|CSTLPRECIO|0|0|0|0|0||||1|
22191900002|2|22004764|LAMINA PLANA GALVANIZADA 4 X 8 ESPESOR 0.90MM|MP|Active||10|10|kg|.128269634|.128269634|Proceso Tirar Operación|CORTYPUNZ|CYP.1.1.1|CSTLPRECIO|0|0|0|0|0||||1|
22191900002|1|25060991|PARTE-CUERPO TAPA ZOCALO LISA INFERIOR MARCO PANEL CRITERIUM DE 60CM CRMA010040|AI|Active||40|10|und|2|2|Proceso Tirar Operación|DOBLADORAS|DOB.1.1.1|CSTLPRECIO|0|0|0|0|0||||1|
22191900002|2|22006061|LAMINA PLANA 4X8 ESPESOR 0.75MM|MP|Active||10|10|kg|.57869|.57869|Proceso Tirar Operación|CORTYPUNZ|CYP.1.1.1|CSTLPRECIO|0|0|0|0|0||||1|
22191900002|1|22000656|PIN INSEPARABLE SIS8 MPR050056|MP|Active||50|10|und|6|6|Proceso Tirar Operación|MP_WIP|EN.1.1.1|CSTLPRECIO|0|0|0|0|0||||1|
22191900002|1|22000321|NIVELADOR DE 5/16 X 2 1/2 MPR080074|MP|Active||60|10|und|2|2|Proceso Tirar Operación|MP_WIP|EN.1.1.1|CSTLPRECIO|0|0|0|0|0||||1|
22191900002|1|22011963|GANCHO SOPORTE PARAL RANURADO MARCO PANEL MPR050089|MP|Active||70|10|und|2|2|Proceso Tirar Operación|MP_WIP|EN.1.1.1|CSTLPRECIO|0|0|0|0|0||||1|
22191900002|1|22005645|TORNILLO ESTUFA CABEZA REDONDA PHILLIPS 3/4 X 1/4 ZINCADO|MP|Active||80|10|und|2|2|Proceso Tirar Operación|MP_WIP|EN.1.1.1|CSTLPRECIO|0|0|0|0|0||||1|
22191900002|1|22014226|STICKER TROQUELADO VERDE POLO A TIERRA ETIQUETA DE SEGURIDAD|ME|Active||90|10|und|4|4|Proceso Tirar Operación|MP_WIP|EN.1.1.1|CSTLPRECIO|0|0|0|0|0||||1|
22191900002|1|22012502|ARANDELA S/M DIAM. 5/16 ZINC NEGRO|MP|Active||100|10|und|2|2|Proceso Tirar Operación|MP_WIP|EN.1.1.1|CSTLPRECIO|0|0|0|0|0||||1|
22191900002|1|22015000|TUERCA REMACHABLE 5/16 SEMI HEXAGONAL CABEZA BAJA REF:3002056|MP|Active||110|10|und|2|2|Proceso Tirar Operación|MP_WIP|EN.1.1.1|CSTLPRECIO|0|0|0|0|0||||1|
22191900002|1|22008555|GENERICO PINTURA EN POLVO MUEBLES|MP|Active||120|10|kg|.13|.13|Proceso Tirar Operación|MP_WIP|PI.1.1.1|CSTLPRECIO|0|0|0|0|0||||1|
22191900002|1|22009617|GENERICO TAPA PLASTICA CIEGA 2 X 4 MPR080013|MP|Active||130|10|und|2|2|Proceso Tirar Operación|MP_WIP|EN.1.1.1|CSTLPRECIO|0|0|0|0|0||||1|
22191900002|1|22000159|TORNILLO AUTOPERFORANTE CABEZA EXTRAPLANA 8 X 1/2 REF:234 ZINCADO NEGRO|MP|Active||145|10|und|2|2|Proceso Tirar Operación|MP_WIP|EN.1.1.1|CSTLPRECIO|0|0|0|0|0||||1|
22191900004|0|22191900004|MARCO PANEL MEDIA ALTURA 90X90X8CM LINK CRITTERIUM CRMA010001|AI|Active|||und|1|1|||...|CSTLPRECIO|0|0|0|0|0|||||
22191900004|1|25000976|ARMADA-MARCO PANEL CRITERIUM DE 90X90 CRMA011000|AI|Active||10|10|und|1|1|Proceso Tirar Operación|SOLDADURA|SOL.1.1.1|CSTLPRECIO|0|0|0|0|0||||1|
22191900004|2|25000662|PARTE-PARAL DE 90 MARCO PANEL MEDIA ALTURA CRITERIUM CRMA011010|AI|Active||10|10|und|2|2|Proceso Tirar Operación|DOBLADORAS|DOB.1.1.1|CSTLPRECIO|0|0|0|0|0||||1|
22191900004|3|22006027|LAMINA PLANA 4X8 ESPESOR 1.20MM|MP|Active||10|10|kg|1.46905356|1.46905356|Proceso Tirar Operación|CORTYPUNZ|CYP.1.1.1|CSTLPRECIO|0|0|0|0|0||||1|
22191900004|2|25023334|PARTE-TRAVESAÑO SUPERIOR 90CM MARCO PANEL CRITTERIUM CRMA011021|AI|Active||20|10|und|1|1|Proceso Tirar Operación|TRONZSILLA|TRS.1.1.1|CSTLPRECIO|0|0|0|0|0||||1|
22191900004|3|22000914|TUBO RECTANGULAR  DE 20MM X 40MM 6000MM CALIBRE 20|MP|Active||10|10|und|.14286|.14286|Proceso Tirar Operación|TRONZSILLA|MTS.1.1.1|CSTLPRECIO|0|0|0|0|0||||1|
22191900004|2|25060969|PARTE-TRAVESAÑO INFERIOR MARCO PANEL CRITERIUM DE 90CM CRMA011030|AI|Active||30|10|und|1|1|Proceso Tirar Operación|TRONZSILLA|TRS.1.1.1|CSTLPRECIO|0|0|0|0|0||||1|
22191900004|3|22000916|TUBO RECTANGULAR  DE 1/2 X 1 6000MM CALIBRE 20|MP|Active||10|10|und|.175|.175|Proceso Tirar Operación|TRONZSILLA|MTS.1.1.1|CSTLPRECIO|0|0|0|0|0||||1|
22191900004|2|25060964|PARTE-PIVOTE NIVELADOR MARCO PANEL CRITTERIUM CRMA011040|AI|Active||40|10|und|2|2|Proceso Tirar Operación|TRONZSILLA|TRS.1.1.1|CSTLPRECIO|0|0|0|0|0||||1|
22191900004|3|22000916|TUBO RECTANGULAR  DE 1/2 X 1 6000MM CALIBRE 20|MP|Active||10|10|und|.01944|.01944|Proceso Tirar Operación|TRONZSILLA|MTS.1.1.1|CSTLPRECIO|0|0|0|0|0||||1|
22191900004|2|25060977|PARTE-BANDEJA INTERMEDIA ZOCALO MARCO PANEL 90CM MULTIPLE CRITTERIUM CRMA011050|AI|Active||50|10|und|1|1|Proceso Tirar Operación|DOBLADORAS|DOB.1.1.1|CSTLPRECIO|0|0|0|0|0||||1|
22191900004|3|22006027|LAMINA PLANA 4X8 ESPESOR 1.20MM|MP|Active||10|10|kg|.85065651|.85065651|Proceso Tirar Operación|CORTYPUNZ|CYP.1.1.1|CSTLPRECIO|0|0|0|0|0||||1|
22191900004|2|25060985|PARTE-BANDEJA SELLA PISO ZOCALO MARCO PANEL 90CM MULTIPLE CRITTERIUM CRMA011060|AI|Active||60|10|und|1|1|Proceso Tirar Operación|DOBLADORAS|DOB.1.1.1|CSTLPRECIO|0|0|0|0|0||||1|
22191900004|3|22006027|LAMINA PLANA 4X8 ESPESOR 1.20MM|MP|Active||10|10|kg|.85065651|.85065651|Proceso Tirar Operación|CORTYPUNZ|CYP.1.1.1|CSTLPRECIO|0|0|0|0|0||||1|
22191900004|1|25015080|ARMADA-BISEL SUPERIOR MARCO PANEL MEDIA ALTURA CRITERIUM DE 90 CRMA013010|AI|Active||20|10|und|1|1|Proceso Tirar Operación|SOLDADURA|SOL.1.1.1|CSTLPRECIO|0|0|0|0|0||||1|
22191900004|2|25000699|PARTE-BISEL SUPERIOR MARCO PANEL MEDIA ALTURA CRITERIUM DE 90 CRMA013011|AI|Active||10|10|und|1|1|Proceso Tirar Operación|DOBLADORAS|DOB.1.1.1|CSTLPRECIO|0|0|0|0|0||||1|
22191900004|3|22006037|LAMINA PLANA 4X8 ESPESOR 0.9MM|MP|Active||10|10|kg|1.02963211|1.02963211|Proceso Tirar Operación|CORTYPUNZ|CYP.1.1.1|CSTLPRECIO|0|0|0|0|0||||1|
22191900004|2|25018074|PARTE-SOPORTE PIN BISEL SUPERIOR MARCO PANEL CRITTERIUM CRMA013012|AI|Active||20|10|und|2|2|Proceso Tirar Operación|DOBLADORAS|DOB.1.1.1|CSTLPRECIO|0|0|0|0|0||||1|
22191900004|3|22006027|LAMINA PLANA 4X8 ESPESOR 1.20MM|MP|Active||10|10|kg|.04248399|.04248399|Proceso Tirar Operación|CORTYPUNZ|CYP.1.1.1|CSTLPRECIO|0|0|0|0|0||||1|
22191900004|1|25000729|PARTE-TAPA LUZ HORIZONTAL MARCO CRITERIUM DE 90 CRMA010022|AI|Active||30|10|und|1|1|Proceso Tirar Operación|DOBLADORAS|DOB.1.1.1|CSTLPRECIO|0|0|0|0|0||||1|
22191900004|2|22004764|LAMINA PLANA GALVANIZADA 4 X 8 ESPESOR 0.90MM|MP|Active||10|10|kg|.2072|.2072|Proceso Tirar Operación|CORTYPUNZ|CYP.1.1.1|CSTLPRECIO|0|0|0|0|0||||1|
22191900004|1|25060993|PARTE-CUERPO TAPA ZOCALO LISA INFERIOR MARCO PANEL CRITERIUM DE 90CM CRMA010040|AI|Active||40|10|und|2|2|Proceso Tirar Operación|DOBLADORAS|DOB.1.1.1|CSTLPRECIO|0|0|0|0|0||||1|
22191900004|2|22006061|LAMINA PLANA 4X8 ESPESOR 0.75MM|MP|Active||10|10|kg|1.177288401|1.177288401|Proceso Tirar Operación|CORTYPUNZ|CYP.1.1.1|CSTLPRECIO|0|0|0|0|0||||1|
22191900004|1|22000656|PIN INSEPARABLE SIS8 MPR050056|MP|Active||50|10|und|6|6|Proceso Tirar Operación|MP_WIP|EN.1.1.1|CSTLPRECIO|0|0|0|0|0||||1|
22191900004|1|22000321|NIVELADOR DE 5/16 X 2 1/2 MPR080074|MP|Active||60|10|und|2|2|Proceso Tirar Operación|MP_WIP|EN.1.1.1|CSTLPRECIO|0|0|0|0|0||||1|
22191900004|1|22011963|GANCHO SOPORTE PARAL RANURADO MARCO PANEL MPR050089|MP|Active||70|10|und|2|2|Proceso Tirar Operación|MP_WIP|EN.1.1.1|CSTLPRECIO|0|0|0|0|0||||1|
22191900004|1|22005645|TORNILLO ESTUFA CABEZA REDONDA PHILLIPS 3/4 X 1/4 ZINCADO|MP|Active||80|10|und|2|2|Proceso Tirar Operación|MP_WIP|EN.1.1.1|CSTLPRECIO|0|0|0|0|0||||1|
22191900004|1|22014226|STICKER TROQUELADO VERDE POLO A TIERRA ETIQUETA DE SEGURIDAD|ME|Active||90|10|und|4|4|Proceso Tirar Operación|MP_WIP|EN.1.1.1|CSTLPRECIO|0|0|0|0|0||||1|
22191900004|1|22012502|ARANDELA S/M DIAM. 5/16 ZINC NEGRO|MP|Active||100|10|und|2|2|Proceso Tirar Operación|MP_WIP|EN.1.1.1|CSTLPRECIO|0|0|0|0|0||||1|
22191900004|1|22015000|TUERCA REMACHABLE 5/16 SEMI HEXAGONAL CABEZA BAJA REF:3002056|MP|Active||110|10|und|2|2|Proceso Tirar Operación|MP_WIP|EN.1.1.1|CSTLPRECIO|0|0|0|0|0||||1|
22191900004|1|22008555|GENERICO PINTURA EN POLVO MUEBLES|MP|Active||120|10|kg|.15|.15|Proceso Tirar Operación|MP_WIP|PI.1.1.1|CSTLPRECIO|0|0|0|0|0||||1|
22191900004|1|22009617|GENERICO TAPA PLASTICA CIEGA 2 X 4 MPR080013|MP|Active||130|10|und|4|4|Proceso Tirar Operación|MP_WIP|EN.1.1.1|CSTLPRECIO|0|0|0|0|0||||1|
22191900004|1|22000159|TORNILLO AUTOPERFORANTE CABEZA EXTRAPLANA 8 X 1/2 REF:234 ZINCADO NEGRO|MP|Active||145|10|und|2|2|Proceso Tirar Operación|MP_WIP|EN.1.1.1|CSTLPRECIO|0|0|0|0|0||||1|
22191900006|0|22191900006|MARCO PANEL MEDIA ALTURA 90X120X8CM LINK CRITTERIUM CRMA010001||Active|||und|1|1|||...|CSTLPRECIO|0|0|0|0|0|||||
22191900006|1|25000978|ARMADA-MARCO PANEL CRITERIUM DE 120X90 CRMA011000|AI|Active||10|10|und|1|1|Proceso Tirar Operación|SOLDADURA|SOL.1.1.1|CSTLPRECIO|0|0|0|0|0||||1|
22191900006|2|25000662|PARTE-PARAL DE 90 MARCO PANEL MEDIA ALTURA CRITERIUM CRMA011010|AI|Active||10|10|und|2|2|Proceso Tirar Operación|DOBLADORAS|DOB.1.1.1|CSTLPRECIO|0|0|0|0|0||||1|
22191900006|3|22006027|LAMINA PLANA 4X8 ESPESOR 1.20MM|MP|Active||10|10|kg|1.46905356|1.46905356|Proceso Tirar Operación|CORTYPUNZ|CYP.1.1.1|CSTLPRECIO|0|0|0|0|0||||1|
22191900006|2|25023336|PARTE-TRAVESAÑO SUPERIOR 120CM MARCO PANEL CRITTERIUM CRMA011021|AI|Active||20|10|und|1|1|Proceso Tirar Operación|TRONZSILLA|TRS.1.1.1|CSTLPRECIO|0|0|0|0|0||||1|
22191900006|3|22000914|TUBO RECTANGULAR  DE 20MM X 40MM 6000MM CALIBRE 20|MP|Active||10|10|und|.1917524|.1917524|Proceso Tirar Operación|TRONZSILLA|MTS.1.1.1|CSTLPRECIO|0|0|0|0|0||||1|
22191900006|2|25060971|PARTE-TRAVESAÑO INFERIOR MARCO PANEL CRITERIUM DE 120CM CRMA011030|AI|Active||30|10|und|1|1|Proceso Tirar Operación|TRONZSILLA|TRS.1.1.1|CSTLPRECIO|0|0|0|0|0||||1|
22191900006|3|22000916|TUBO RECTANGULAR  DE 1/2 X 1 6000MM CALIBRE 20|MP|Active||10|10|und|.21|.21|Proceso Tirar Operación|TRONZSILLA|MTS.1.1.1|CSTLPRECIO|0|0|0|0|0||||1|
22191900006|2|25060964|PARTE-PIVOTE NIVELADOR MARCO PANEL CRITTERIUM CRMA011040|AI|Active||40|10|und|2|2|Proceso Tirar Operación|TRONZSILLA|TRS.1.1.1|CSTLPRECIO|0|0|0|0|0||||1|
22191900006|3|22000916|TUBO RECTANGULAR  DE 1/2 X 1 6000MM CALIBRE 20|MP|Active||10|10|und|.01944|.01944|Proceso Tirar Operación|TRONZSILLA|MTS.1.1.1|CSTLPRECIO|0|0|0|0|0||||1|
22191900006|2|25060979|PARTE-BANDEJA INTERMEDIA ZOCALO MARCO PANEL 120CM MULTIPLE CRITTERIUM CRMA011050|AI|Active||50|10|und|1|1|Proceso Tirar Operación|DOBLADORAS|DOB.1.1.1|CSTLPRECIO|0|0|0|0|0||||1|
22191900006|3|22006027|LAMINA PLANA 4X8 ESPESOR 1.20MM|MP|Active||10|10|kg|1.14364956|1.14364956|Proceso Tirar Operación|CORTYPUNZ|CYP.1.1.1|CSTLPRECIO|0|0|0|0|0||||1|
22191900006|2|25060987|PARTE-BANDEJA SELLA PISO ZOCALO MARCO PANEL 120CM MULTIPLE CRITTERIUM CRMA011060|AI|Active||60|10|und|1|1|Proceso Tirar Operación|DOBLADORAS|DOB.1.1.1|CSTLPRECIO|0|0|0|0|0||||1|
22191900006|3|22006027|LAMINA PLANA 4X8 ESPESOR 1.20MM|MP|Active||10|10|kg|1.14364956|1.14364956|Proceso Tirar Operación|CORTYPUNZ|CYP.1.1.1|CSTLPRECIO|0|0|0|0|0||||1|
22191900006|1|25015082|ARMADA-BISEL SUPERIOR MARCO PANEL MEDIA ALTURA CRITERIUM DE 120 CRMA013010|AI|Active||20|10|und|1|1|Proceso Tirar Operación|SOLDADURA|SOL.1.1.1|CSTLPRECIO|0|0|0|0|0||||1|
22191900006|2|25000701|PARTE-BISEL SUPERIOR MARCO PANEL MEDIA ALTURA CRITERIUM DE 120 CRMA013011|AI|Active||10|10|und|1|1|Proceso Tirar Operación|DOBLADORAS|DOB.1.1.1|CSTLPRECIO|0|0|0|0|0||||1|
22191900006|3|22006037|LAMINA PLANA 4X8 ESPESOR 0.9MM|MP|Active||10|10|kg|1.38224585|1.38224585|Proceso Tirar Operación|CORTYPUNZ|CYP.1.1.1|CSTLPRECIO|0|0|0|0|0||||1|
22191900006|2|25018074|PARTE-SOPORTE PIN BISEL SUPERIOR MARCO PANEL CRITTERIUM CRMA013012|AI|Active||20|10|und|2|2|Proceso Tirar Operación|DOBLADORAS|DOB.1.1.1|CSTLPRECIO|0|0|0|0|0||||1|
22191900006|3|22006027|LAMINA PLANA 4X8 ESPESOR 1.20MM|MP|Active||10|10|kg|.04248399|.04248399|Proceso Tirar Operación|CORTYPUNZ|CYP.1.1.1|CSTLPRECIO|0|0|0|0|0||||1|
22191900006|1|25000731|PARTE-TAPA LUZ HORIZONTAL MARCO CRITERIUM DE 120 CRMA010022|AI|Active||30|10|und|1|1|Proceso Tirar Operación|SOLDADURA|SOL.1.1.1|CSTLPRECIO|0|0|0|0|0||||1|
22191900006|2|22004764|LAMINA PLANA GALVANIZADA 4 X 8 ESPESOR 0.90MM|MP|Active||10|10|kg|.281579954|.281579954|Proceso Tirar Operación|CORTYPUNZ|CYP.1.1.1|CSTLPRECIO|0|0|0|0|0||||1|
22191900006|1|25060995|PARTE-CUERPO TAPA ZOCALO LISA INFERIOR MARCO PANEL CRITERIUM DE 120CM CRMA010040|AI|Active||40|10|und|2|2|Proceso Tirar Operación|DOBLADORAS|DOB.1.1.1|CSTLPRECIO|0|0|0|0|0||||1|
22191900006|2|22006061|LAMINA PLANA 4X8 ESPESOR 0.75MM|MP|Active||10|10|kg|1.575469371|1.575469371|Proceso Tirar Operación|CORTYPUNZ|CYP.1.1.1|CSTLPRECIO|0|0|0|0|0||||1|
22191900006|1|22000656|PIN INSEPARABLE SIS8 MPR050056|MP|Active||50|10|und|6|6|Proceso Tirar Operación|MP_WIP|EN.1.1.1|CSTLPRECIO|0|0|0|0|0||||1|
22191900006|1|22000321|NIVELADOR DE 5/16 X 2 1/2 MPR080074|MP|Active||60|10|und|2|2|Proceso Tirar Operación|MP_WIP|EN.1.1.1|CSTLPRECIO|0|0|0|0|0||||1|
22191900006|1|22011963|GANCHO SOPORTE PARAL RANURADO MARCO PANEL MPR050089|MP|Active||70|10|und|2|2|Proceso Tirar Operación|MP_WIP|EN.1.1.1|CSTLPRECIO|0|0|0|0|0||||1|
22191900006|1|22005645|TORNILLO ESTUFA CABEZA REDONDA PHILLIPS 3/4 X 1/4 ZINCADO|MP|Active||80|10|und|2|2|Proceso Tirar Operación|MP_WIP|EN.1.1.1|CSTLPRECIO|0|0|0|0|0||||1|
22191900006|1|22014226|STICKER TROQUELADO VERDE POLO A TIERRA ETIQUETA DE SEGURIDAD|ME|Active||90|10|und|4|4|Proceso Tirar Operación|MP_WIP|EN.1.1.1|CSTLPRECIO|0|0|0|0|0||||1|
22191900006|1|22012502|ARANDELA S/M DIAM. 5/16 ZINC NEGRO|MP|Active||100|10|und|2|2|Proceso Tirar Operación|MP_WIP|EN.1.1.1|CSTLPRECIO|0|0|0|0|0||||1|
22191900006|1|22015000|TUERCA REMACHABLE 5/16 SEMI HEXAGONAL CABEZA BAJA REF:3002056|MP|Active||110|10|und|2|2|Proceso Tirar Operación|MP_WIP|EN.1.1.1|CSTLPRECIO|0|0|0|0|0||||1|
22191900006|1|22008555|GENERICO PINTURA EN POLVO MUEBLES|MP|Active||120|10|kg|.18|.18|Proceso Tirar Operación|MP_WIP|PI.1.1.1|CSTLPRECIO|0|0|0|0|0||||1|
22191900006|1|22009617|GENERICO TAPA PLASTICA CIEGA 2 X 4 MPR080013|MP|Active||130|10|und|4|4|Proceso Tirar Operación|MP_WIP|EN.1.1.1|CSTLPRECIO|0|0|0|0|0||||1|
22191900006|1|22000159|TORNILLO AUTOPERFORANTE CABEZA EXTRAPLANA 8 X 1/2 REF:234 ZINCADO NEGRO|MP|Active||145|10|und|2|2|Proceso Tirar Operación|MP_WIP|EN.1.1.1|CSTLPRECIO|0|0|0|0|0||||1|
22191900077|0|22191900077|KIT UNION A 180 GRADOS TIPO B DE 90CM LINK CRITTERIUM CRAC070050||Active|||und|1|1|||...|CSTLPRECIO|0|0|0|0|0|||||
22191900077|1|22011275|TUERCA REMACHABLE DE 5/16 HEXAGONAL BOLLHOFF|MP|Active||1|10|und|4|4|Proceso Tirar Operación|MP_WIP|EN.1.1.1|CSTLPRECIO|0|0|0|0|0||||1|
22191900077|1|22002215|TORNILLO CABEZA HEXAGONAL 5/16 X 1 ZINCADO|MP|Active||2|10|und|4|4|Proceso Tirar Operación|MP_WIP|EN.1.1.1|CSTLPRECIO|0|0|0|0|0||||1|
22191900077|1|25019366|PARTE-PUNTERA 180° TIPO B KIT MULTIPLE-CRITTERIUM8 MPR030251|AI|Active||10|10|und|1|1|Proceso Tirar Operación|MP_WIP|EN.1.1.1|CSTLPRECIO|0|0|0|0|0||||1|
22191900077|2|22007808|PUNTERA A 180° TIPO B MULTIPLE CRITTERIUM 8CM MPR030-251|MP|Active||10|10|und|1|1|Proceso Tirar Operación|MP_WIP|EN.1.1.1|CSTLPRECIO|0|0|0|0|0||||1|
22191900077|1|25019166|PARTE-CINTA A 180 GRADO O T KIT DE 90CM (896.5MM) MAC1150001|AI|Active||20|10|und|2|2|Proceso Tirar Operación|MP_WIP|EN.1.1.1|CSTLPRECIO|0|0|0|0|0||||1|
22191900077|2|22008525|GENERICO CINTA 180 GRAD 3000MM MPL|MP|Active||10|10|und|.315|.315|Proceso Tirar Operación|MP_WIP|EN.1.1.1|CSTLPRECIO|0|0|0|0|0||||1|
22191900077|1|25023347|PARTE-ESCUADRA UNION 180 GRAD TIPO B CRITTERIUM CRAC070051|AI|Active||30|10|und|2|2|Proceso Tirar Operación|SOLDADURA|SOL.1.1.1|CSTLPRECIO|0|0|0|0|0||||1|
22191900077|2|22008319|LAMINA PLANA HR 4X8  ESPESOR 2.5MM|MP|Active||10|10|kg|.10717527|.10717527|Proceso Tirar Operación|CORTYPUNZ|CYP.1.1.1|CSTLPRECIO|0|0|0|0|0||||1|
22191900077|1|22000185|REMACHE POP 4-3|MP|Active||80|10|und|4|4|Proceso Tirar Operación|MP_WIP|EN.1.1.1|CSTLPRECIO|0|0|0|0|0||||1|
22191900077|1|25023458|PARTE-PERFIL KIT UNION DE 90CM OFI-102 889.7MM CRITTERIUM 8 CRAC1060000|AI|Active||120|10|und|2|2|Proceso Tirar Operación|ALUMINIOS|ALU.1.1.1|CSTLPRECIO|0|0|0|0|0||||1|
22191900077|2|22010422|PERFIL KIT DE UNION MULTIPLE CRITTERIUM OFI-102  5770MM MPR -030-260|MP|Active||10|10|und|.164321429|.164321429|Proceso Tirar Operación|ALUMINIOS|MPA.1.1.1|CSTLPRECIO|0|0|0|0|0||||1|
22191900077|1|22008555|GENERICO PINTURA EN POLVO MUEBLES|MP|Active||190|10|kg|.082|.082|Proceso Tirar Operación|MP_WIP|PI.1.1.1|CSTLPRECIO|0|0|0|0|0||||1|
22191900077|1|22001410|EMPAQUE COLUMNA X 8 UNIDADES|ME|Active||250|10|und|.2|.2|Proceso Tirar Operación|MP_WIP|EN.1.1.1|CSTLPRECIO|0|0|0|0|0||||1|
22191900126|0|22191900126|KIT TERMINAL DE 90CM LINK CRITTERIUM CRAC070010|AI|Active|||und|1|1|||...|CSTLPRECIO|0|0|0|0|0|||||
22191900126|1|25003781|ARMADA-CINTA TERMINAL CRITTERIUM DE 90 CRAC060000|AI|Active||10|10|und|1|1|Proceso Tirar Operación|SOLDADURA|SOL.1.1.1|CSTLPRECIO|0|0|0|0|0||||1|
22191900126|2|25003814|PARTE-CINTA TERMINAL CRITTERIUM DE 90 CRAC060001|AI|Active||10|10|und|1|1|Proceso Tirar Operación|DOBLADORAS|DOB.1.1.1|CSTLPRECIO|0|0|0|0|0||||1|
22191900126|3|22006061|LAMINA PLANA 4X8 ESPESOR 0.75MM|MP|Active||10|10|kg|.6316953|.6316953|Proceso Tirar Operación|CORTYPUNZ|CYP.1.1.1|CSTLPRECIO|0|0|0|0|0||||1|
22191900126|2|25023467|PARTE-SOPORTE CINTA CAMBIO DE ALTURA CRITTERIUM 8 CRAC060013|AI|Active||20|10|und|2|2|Proceso Tirar Operación|SOLDADURA|SOL.1.1.1|CSTLPRECIO|0|0|0|0|0||||1|
22191900126|3|22006061|LAMINA PLANA 4X8 ESPESOR 0.75MM|MP|Active||10|10|kg|.02100919|.02100919|Proceso Tirar Operación|CORTYPUNZ|CYP.1.1.1|CSTLPRECIO|0|0|0|0|0||||1|
22191900126|3|22002215|TORNILLO CABEZA HEXAGONAL 5/16 X 1 ZINCADO|MP|Active||20|10|und|1|1|Proceso Tirar Operación|SOLDADURA|MPS.1.1.1|CSTLPRECIO|0|0|0|0|0||||1|
22191900126|3|22000150|TUERCA  HEXAGONAL 5/16 ZINCADA|MP|Active||30|10|und|1|1|Proceso Tirar Operación|SOLDADURA|MPS.1.1.1|CSTLPRECIO|0|0|0|0|0||||1|
22191900126|1|25019368|PARTE-PUNTERA TERMINAL MULTIPLE-CRITTERIUM MPR030261|AI|Active||20|10|und|1|1|Proceso Tirar Operación|MP_WIP|EN.1.1.1|CSTLPRECIO|0|0|0|0|0||||1|
22191900126|2|22007810|PUNTERA TERMINAL KIT TERMINAL MULTIPLE CRITTERIUM 8CM MPR030-261|MP|Active||10|10|und|1|1|Proceso Tirar Operación|MP_WIP|EN.1.1.1|CSTLPRECIO|0|0|0|0|0||||1|
22191900126|1|22008555|GENERICO PINTURA EN POLVO MUEBLES|MP|Active||30|10|kg|.026191429|.026191429|Proceso Tirar Operación|MP_WIP|PI.1.1.1|CSTLPRECIO|0|0|0|0|0||||1|
22191900126|1|22001410|EMPAQUE COLUMNA X 8 UNIDADES|ME|Active||40|10|und|.2|.2|Proceso Tirar Operación|MP_WIP|EN.1.1.1|CSTLPRECIO|0|0|0|0|0||||1|
22191900149|0|22191900149|KIT LLEGADA A PARED CON CANALETA DE 90CM LINK CRITTERIUM CRAC030000||Active|||und|1|1|||...|CSTLPRECIO|0|0|0|0|0|||||
22191900149|1|25019222|PARTE-PERFIL TAPA LUZ KIT LLEGADA PARED DE 90CM 900MM MPR060001|AI|Active||10|10|und|2|2|Proceso Tirar Operación|MP_WIP|EN.1.1.1|CSTLPRECIO|0|0|0|0|0||||1|
22191900149|2|22013681|GENERICO PERFIL TAPA LUZ TERMINAL|MP|Active||10|10|m|.9174757|.9174757|Proceso Tirar Operación|MP_WIP|EN.1.1.1|CSTLPRECIO|0|0|0|0|0||||1|
22191900149|1|22000276|ARANDELA 1/4 LISA ZINCADA|MP|Active||20|10|und|2|2|Proceso Tirar Operación|MP_WIP|EN.1.1.1|CSTLPRECIO|0|0|0|0|0||||1|
22191900149|1|25037616|ARMADA-COMPLEMENTO KIT LLEGADA A PARED CON CANALETA MULTIPLE CRITTERIUM 8 CRAC031000|AI|Active||30|10|und|1|1|Proceso Tirar Operación|SOLDADURA|SOL.1.1.1|CSTLPRECIO|0|0|0|0|0||||1|
22191900149|2|25037614|PARTE-COMPLEMENTO KIT LLEGADA A PARED CON CANALETA MULTIPLE CRITTERIUM 8 CRAC031010|AI|Active||10|10|und|1|1|Proceso Tirar Operación|DOBLADORAS|DOB.1.1.1|CSTLPRECIO|0|0|0|0|0||||1|
22191900149|3|22006037|LAMINA PLANA 4X8 ESPESOR 0.9MM|MP|Active||10|10|kg|.066775162|.066775162|Proceso Tirar Operación|CORTYPUNZ|CYP.1.1.1|CSTLPRECIO|0|0|0|0|0||||1|
22191900149|2|25037615|PARTE-CUERPO COMPLEMENTO KIT LLEGADA A PARED CON CANALETA MULTIPLE CRITTERIUM 8 CRAC031020|AI|Active||20|10|und|1|1|Proceso Tirar Operación|DOBLADORAS|DOB.1.1.1|CSTLPRECIO|0|0|0|0|0||||1|
22191900149|3|22006037|LAMINA PLANA 4X8 ESPESOR 0.9MM|MP|Active||10|10|kg|.068204|.068204|Proceso Tirar Operación|CORTYPUNZ|CYP.1.1.1|CSTLPRECIO|0|0|0|0|0||||1|
22191900149|1|22000176|TORNILLO CABEZA CILINDRICA RANURADO 2 1/2 X 12 ZINCADO|MP|Active||40|10|und|4|4|Proceso Tirar Operación|MP_WIP|EN.1.1.1|CSTLPRECIO|0|0|0|0|0||||1|
22191900149|1|22000193|CHAZO PLASTICO 5/16 X 1 1/2 SIN TORNILLO REF: PS-1612S|MP|Active||50|10|und|4|4|Proceso Tirar Operación|MP_WIP|EN.1.1.1|CSTLPRECIO|0|0|0|0|0||||1|
22191900149|1|22002957|TORNILLO LAMINA CABEZA PLANA RANURADA 10 X 1 1/4 ZINCADO|MP|Active||70|10|und|2|2|Proceso Tirar Operación|MP_WIP|EN.1.1.1|CSTLPRECIO|0|0|0|0|0||||1|
22191900149|1|25019198|PARTE-PERFIL BURBUJA KIT DE 90CM 896.5MM MULTIPLE MAC1120003|AI|Active||81|10|und|2|2|Proceso Tirar Operación|MP_WIP|EN.1.1.1|CSTLPRECIO|0|0|0|0|0||||1|
22191900149|2|22011771|PERFIL BURBUJA GRANDE TRANSPARENTE REF: T004100 MPR060006|MP|Active||10|10|m|.917475728|.917475728|Proceso Tirar Operación|MP_WIP|EN.1.1.1|CSTLPRECIO|0|0|0|0|0||||1|
22191900149|1|25023466|PARTE-PERFIL OFI-004 KIT LLEGADA A PARED CON CANALETA DE 90 (CORTE 901MM) CRITTERIUM 8 CRAC030010|AI|Active||160|10|und|1|1|Proceso Tirar Operación|ALUMINIOS|ALU.1.1.1|CSTLPRECIO|0|0|0|0|0||||1|
22191900149|2|22000854|ALUMINIO OFI-004 DE 5200MM CRUDO MPR030007|MP|Active||10|10|und|.214|.214|Proceso Tirar Operación|ALUMINIOS|MPA.1.1.1|CSTLPRECIO|0|0|0|0|0||||1|
22191900149|1|22008555|GENERICO PINTURA EN POLVO MUEBLES|MP|Active||190|10|kg|.031|.031|Proceso Tirar Operación|MP_WIP|PI.1.1.1|CSTLPRECIO|0|0|0|0|0||||1|
22191900149|1|22001411|EMPAQUE COLUMNA X 16 UNIDADES|ME|Active||250|10|und|1|1|Proceso Tirar Operación|MP_WIP|EN.1.1.1|CSTLPRECIO|0|0|0|0|0||||1|
